entity_type,entity_code,source_record_code
CareerOutcome,CAR-COM-ACTUARIAL-SCIENCE-60978,SRC-COM-ACTUARIAL-2-4FD58
CareerOutcome,CAR-COM-ADVERTISING-BRAND-37769,SRC-COM-ADVERTISING-BRAND-9086B
CareerOutcome,CAR-COM-BANKING-CAREERS-D0CED,SRC-COM-BANKING-PATHWAY-2-D934D
CareerOutcome,CAR-COM-BUSINESS-ANALYTIC-DA68E,SRC-COM-BUSINESS-ANALYTIC-78DE2
CareerOutcome,CAR-COM-CHARTERED-ACCOUNT-994BF,SRC-COM-CA-PATHWAY-2-51ECD
CareerOutcome,CAR-COM-COMPANY-SECRETARY-C940B,SRC-COM-CS-PATHWAY-2-05EB2
CareerOutcome,CAR-COM-COST-ACCOUNTANT-D0B3B,SRC-COM-CMA-PATHWAY-2-20F00
CareerOutcome,CAR-COM-DIGITAL-BUSINESS-ED6E8,SRC-COM-E-COMMERCE-2-E11E5
CareerOutcome,CAR-COM-DIGITAL-MARKETING-55CFE,SRC-COM-DIGITAL-MARKETING-368B9
CareerOutcome,CAR-COM-E-COMMERCE-ADVANC-7DBD5,SRC-COM-E-COMMERCE-ADVANC-C54F5
CareerOutcome,CAR-COM-ECONOMIST-E7A1B,SRC-COM-ECONOMICS-PATHWAY-B1ABE
CareerOutcome,CAR-COM-FINANCIAL-DATA-AN-0EA90,SRC-COM-DATA-ANALYTICS-2-53883
CareerOutcome,CAR-COM-FINTECH-ADVANCED-F6969,SRC-COM-FINTECH-ADVANCED-ECAB0
CareerOutcome,CAR-COM-FINTECH-SPECIALIS-EC519,SRC-COM-FINTECH-2-D07F7
CareerOutcome,CAR-COM-GLOBAL-FREELANCE-495EF,SRC-COM-GLOBAL-FREELANCE-F3251
CareerOutcome,CAR-COM-INDUSTRY-OPERATIO-DCF99,SRC-COM-INDUSTRY-OPERATIO-E2D66
CareerOutcome,CAR-COM-SPECIALIZED-ACCOU-9FEDB,SRC-COM-SPECIALIZED-ACCOU-CB6FB
CareerOutcome,CAR-COM-STOCK-MARKET-ADVA-26A90,SRC-COM-STOCK-MARKET-ADVA-F4D2F
CareerOutcome,CAR-COM-WEALTH-MANAGER-1932D,SRC-COM-WEALTH-MGMT-2-FFA8A
CareerOutcome,CAR-HUM-ACADEMIC-EDITOR-8FE3E,SRC-HUM-CAREER-MASTER-129-99366
CareerOutcome,CAR-HUM-ACQUISITION-EDITO-E5900,SRC-HUM-CAREER-MASTER-125-880CE
CareerOutcome,CAR-HUM-ADVERTISING-COPYW-AB760,SRC-HUM-CAREER-MASTER-57-8D4F7
CareerOutcome,CAR-HUM-AI-ASSISTED-EDITO-A6525,SRC-HUM-CAREER-MASTER-156-75B2B
CareerOutcome,CAR-HUM-AI-DATASET-LANGUA-64E98,SRC-HUM-HUMANITIES-TECHNO-7337D
CareerOutcome,CAR-HUM-AI-ETHICS-RESEARC-B2E92,SRC-HUM-CAREER-MASTER-114-78926
CareerOutcome,CAR-HUM-AI-ETHICS-RESEARC-B2E92,SRC-HUM-HUMANITIES-TECHNO-D7720
CareerOutcome,CAR-HUM-AI-TRAINING-CONTE-0533F,SRC-HUM-CAREER-MASTER-160-F1831
CareerOutcome,CAR-HUM-ANTHOLOGY-CURATOR-818CA,SRC-HUM-CAREER-MASTER-146-00E3C
CareerOutcome,CAR-HUM-ARCHAEOLOGIST-61BB2,SRC-HUM-CAREER-MASTER-13-AAC93
CareerOutcome,CAR-HUM-ARCHIVE-EDITOR-EB0FD,SRC-HUM-CAREER-MASTER-147-A6F34
CareerOutcome,CAR-HUM-ARCHIVIST-7B3C2,SRC-HUM-CAREER-MASTER-11-402FC
CareerOutcome,CAR-HUM-ART-GALLERY-COORD-D5C46,SRC-HUM-CAREER-MASTER-81-CAB54
CareerOutcome,CAR-HUM-ART-TEACHER-VISUA-751D0,SRC-HUM-CAREER-MASTER-64-843C8
CareerOutcome,CAR-HUM-ART-THERAPIST-ASS-95302,SRC-HUM-CAREER-MASTER-66-C721A
CareerOutcome,CAR-HUM-AUDIOBOOK-SCRIPT-ABA83,SRC-HUM-CAREER-MASTER-139-278F7
CareerOutcome,CAR-HUM-BEHAVIOURAL-SCIEN-BE382,SRC-HUM-CAREER-MASTER-36-7A11A
CareerOutcome,CAR-HUM-BIOETHICS-MEDICAL-20FED,SRC-HUM-CAREER-MASTER-44-6D2D1
CareerOutcome,CAR-HUM-BLOG-WRITER-E519C,SRC-HUM-CAREER-MASTER-100-D0ED0
CareerOutcome,CAR-HUM-BOOK-EDITOR-AAD54,SRC-HUM-CAREER-MASTER-122-17C17
CareerOutcome,CAR-HUM-BOOK-EDITOR-AAD54,SRC-HUM-CAREER-MASTER-72-04542
CareerOutcome,CAR-HUM-BOOK-METADATA-SPE-F0513,SRC-HUM-CAREER-MASTER-140-176B0
CareerOutcome,CAR-HUM-BOOK-REVIEWER-8F54D,SRC-HUM-CAREER-MASTER-143-F0F04
CareerOutcome,CAR-HUM-BROADCAST-JOURNAL-88D68,SRC-HUM-CAREER-MASTER-53-20780
CareerOutcome,CAR-HUM-CAREER-COUNSELLOR-9BED9,SRC-HUM-CAREER-MASTER-50-C4E9A
CareerOutcome,CAR-HUM-CHILDREN-S-LITERA-C5E5A,SRC-HUM-CAREER-MASTER-148-BD778
CareerOutcome,CAR-HUM-CIVIL-SERVICES-IA-4F46C,SRC-HUM-CAREER-MASTER-17-D5B92
CareerOutcome,CAR-HUM-CLASSICAL-MUSIC-P-F4940,SRC-HUM-CAREER-MASTER-60-80198
CareerOutcome,CAR-HUM-CLINICAL-PSYCHOLO-69C83,SRC-HUM-CAREER-MASTER-29-B7371
CareerOutcome,CAR-HUM-COLLEGE-PROFESSOR-E76DF,SRC-HUM-CAREER-MASTER-47-CF9C2
CareerOutcome,CAR-HUM-COMMISSIONING-EDI-D8627,SRC-HUM-CAREER-MASTER-126-9DD95
CareerOutcome,CAR-HUM-COMMUNITY-MANAGER-597D7,SRC-HUM-CAREER-MASTER-111-263B4
CareerOutcome,CAR-HUM-CONSERVATION-DOCU-E3E61,SRC-HUM-CAREER-MASTER-16-68005
CareerOutcome,CAR-HUM-CONTENT-CURATOR-E34F9,SRC-HUM-CAREER-MASTER-132-219F4
CareerOutcome,CAR-HUM-CONTENT-MODERATOR-F65E1,SRC-HUM-CAREER-MASTER-71-44C8F
CareerOutcome,CAR-HUM-CONVERSATIONAL-AI-15989,SRC-HUM-CAREER-MASTER-116-CBCA7
CareerOutcome,CAR-HUM-CONVERSATIONAL-AI-15989,SRC-HUM-HUMANITIES-TECHNO-05B62
CareerOutcome,CAR-HUM-COPY-EDITOR-107AE,SRC-HUM-CAREER-MASTER-123-6959C
CareerOutcome,CAR-HUM-COUNSELLING-PSYCH-4CCBB,SRC-HUM-CAREER-MASTER-30-A9F19
CareerOutcome,CAR-HUM-CREATIVE-WRITER-A-FC761,SRC-HUM-CAREER-MASTER-74-AF59F
CareerOutcome,CAR-HUM-CSR-SOCIAL-IMPACT-2A279,SRC-HUM-CAREER-MASTER-28-8C8D5
CareerOutcome,CAR-HUM-CULTURAL-AI-CONSU-D0D38,SRC-HUM-HUMANITIES-TECHNO-420BA
CareerOutcome,CAR-HUM-CULTURAL-DOCUMENT-A72E9,SRC-HUM-CAREER-MASTER-155-B1DA2
CareerOutcome,CAR-HUM-CULTURAL-ENTREPRE-40603,SRC-HUM-CAREER-MASTER-83-3AD72
CareerOutcome,CAR-HUM-CULTURAL-PROGRAMM-E1870,SRC-HUM-CAREER-MASTER-79-CF577
CareerOutcome,CAR-HUM-CURRICULUM-DEVELO-B86E5,SRC-HUM-CAREER-MASTER-48-27DEC
CareerOutcome,CAR-HUM-DANCE-PERFORMER-C-BCB11,SRC-HUM-CAREER-MASTER-62-DE7AA
CareerOutcome,CAR-HUM-DEVELOPMENT-SECTO-C20C8,SRC-HUM-CAREER-MASTER-25-74B48
CareerOutcome,CAR-HUM-DIGITAL-ARCHIVE-S-710AF,SRC-HUM-HUMANITIES-TECHNO-AAA75
CareerOutcome,CAR-HUM-DIGITAL-HUMANITIE-6B782,SRC-HUM-CAREER-MASTER-117-15767
CareerOutcome,CAR-HUM-DIGITAL-HUMANITIE-6B782,SRC-HUM-HUMANITIES-TECHNO-7EC5E
CareerOutcome,CAR-HUM-DIGITAL-MAGAZINE-5E9CE,SRC-HUM-CAREER-MASTER-136-350D3
CareerOutcome,CAR-HUM-DISASTER-MANAGEME-89B79,SRC-HUM-CAREER-MASTER-41-F9C2D
CareerOutcome,CAR-HUM-DOCUMENTARY-RESEA-33884,SRC-HUM-CAREER-MASTER-55-D78DB
CareerOutcome,CAR-HUM-EBOOK-FORMATTER-7276A,SRC-HUM-CAREER-MASTER-138-EE168
CareerOutcome,CAR-HUM-EDITORIAL-ASSISTA-DF50D,SRC-HUM-CAREER-MASTER-133-10FC5
CareerOutcome,CAR-HUM-EDITORIAL-PROMPT-BEFA5,SRC-HUM-CAREER-MASTER-159-45D71
CareerOutcome,CAR-HUM-EDUCATIONAL-CONTE-CACCC,SRC-HUM-CAREER-MASTER-49-580B0
CareerOutcome,CAR-HUM-EDUCATIONAL-NOTES-2EC14,SRC-HUM-CAREER-MASTER-151-B7145
CareerOutcome,CAR-HUM-ENGLISH-LANGUAGE-2CCF9,SRC-HUM-CAREER-MASTER-69-2001A
CareerOutcome,CAR-HUM-ENGLISH-LITERATUR-3CDBE,SRC-HUM-CAREER-MASTER-2-24F64
CareerOutcome,CAR-HUM-ENVIRONMENTAL-HUM-4329C,SRC-HUM-CAREER-MASTER-40-9E03D
CareerOutcome,CAR-HUM-EPIGRAPHIST-NUMIS-B093F,SRC-HUM-CAREER-MASTER-14-109BB
CareerOutcome,CAR-HUM-EPIGRAPHY-ASSISTA-C0732,SRC-HUM-CAREER-MASTER-120-1F0AC
CareerOutcome,CAR-HUM-ETHICS-AI-POLICY-3AA9F,SRC-HUM-CAREER-MASTER-43-58812
CareerOutcome,CAR-HUM-FACT-CHECKER-VERI-2F899,SRC-HUM-CAREER-MASTER-59-5242C
CareerOutcome,CAR-HUM-FESTIVAL-CURATOR-20E01,SRC-HUM-CAREER-MASTER-80-88701
CareerOutcome,CAR-HUM-FINE-ARTIST-A5B58,SRC-HUM-CAREER-MASTER-63-A0F6F
CareerOutcome,CAR-HUM-FLUTE-ARTIST-ECAB1,SRC-HUM-CAREER-MASTER-86-E0BF7
CareerOutcome,CAR-HUM-FOLK-CULTURE-RESE-95DCB,SRC-HUM-CAREER-MASTER-94-1F2DE
CareerOutcome,CAR-HUM-FOREIGN-LANGUAGE-F731C,SRC-HUM-CAREER-MASTER-67-3846E
CareerOutcome,CAR-HUM-FORENSIC-PSYCHOLO-D1B41,SRC-HUM-CAREER-MASTER-34-B823F
CareerOutcome,CAR-HUM-GENDER-STUDIES-RE-E95C7,SRC-HUM-CAREER-MASTER-26-9F719
CareerOutcome,CAR-HUM-GEOGRAPHER-GEOGRA-57928,SRC-HUM-CAREER-MASTER-37-96FCB
CareerOutcome,CAR-HUM-GHOST-WRITER-5F02D,SRC-HUM-CAREER-MASTER-104-A8BA1
CareerOutcome,CAR-HUM-GIS-ANALYST-HUMAN-5533B,SRC-HUM-CAREER-MASTER-38-94CDE
CareerOutcome,CAR-HUM-GUITARIST-795AF,SRC-HUM-CAREER-MASTER-85-D4B9E
CareerOutcome,CAR-HUM-HANDICRAFT-ENTREP-D4203,SRC-HUM-CAREER-MASTER-89-A6B59
CareerOutcome,CAR-HUM-HERITAGE-WALK-CUL-46349,SRC-HUM-CAREER-MASTER-15-0107C
CareerOutcome,CAR-HUM-HINDI-LANGUAGE-LI-3B2BD,SRC-HUM-CAREER-MASTER-4-6B26F
CareerOutcome,CAR-HUM-HISTORIAN-HISTORY-2E808,SRC-HUM-CAREER-MASTER-10-D2139
CareerOutcome,CAR-HUM-HUMAN-CONTENT-REV-2463F,SRC-HUM-CAREER-MASTER-157-D0EED
CareerOutcome,CAR-HUM-HUMANITIES-COURSE-BD7E2,SRC-HUM-CAREER-MASTER-153-FFE9B
CareerOutcome,CAR-HUM-IKS-RESEARCHER-065BB,SRC-HUM-CAREER-MASTER-92-B703C
CareerOutcome,CAR-HUM-ILLUSTRATOR-CULTU-CF691,SRC-HUM-CAREER-MASTER-65-D658D
CareerOutcome,CAR-HUM-INDEPENDENT-PUBLI-C0013,SRC-HUM-CAREER-MASTER-149-018E0
CareerOutcome,CAR-HUM-INDEPENDENT-RESEA-809C9,SRC-HUM-CAREER-MASTER-84-C776A
CareerOutcome,CAR-HUM-INTERNATIONAL-REL-71733,SRC-HUM-CAREER-MASTER-21-F0328
CareerOutcome,CAR-HUM-INTERPRETER-D578C,SRC-HUM-CAREER-MASTER-107-EF3CE
CareerOutcome,CAR-HUM-JAPANESE-KOREAN-L-EB0AA,SRC-HUM-CAREER-MASTER-68-E629A
CareerOutcome,CAR-HUM-JOURNAL-EDITOR-6F4E8,SRC-HUM-CAREER-MASTER-130-096C6
CareerOutcome,CAR-HUM-JOURNALIST-PRINT-ACA27,SRC-HUM-CAREER-MASTER-52-350D4
CareerOutcome,CAR-HUM-KINDLE-PUBLISHER-2F0E8,SRC-HUM-CAREER-MASTER-134-66ACD
CareerOutcome,CAR-HUM-KIRTANKAR-F39BF,SRC-HUM-CAREER-MASTER-88-22D30
CareerOutcome,CAR-HUM-KNOWLEDGE-CURATOR-8D4EB,SRC-HUM-CAREER-MASTER-158-72BAD
CareerOutcome,CAR-HUM-KNOWLEDGE-CURATOR-8D4EB,SRC-HUM-HUMANITIES-TECHNO-7C22E
CareerOutcome,CAR-HUM-KNOWLEDGE-MANAGER-7DBAE,SRC-HUM-CAREER-MASTER-78-70E19
CareerOutcome,CAR-HUM-LIFE-SKILLS-TRAIN-4E6C6,SRC-HUM-CAREER-MASTER-112-59014
CareerOutcome,CAR-HUM-LINGUIST-LANGUAGE-177E7,SRC-HUM-CAREER-MASTER-6-2FBD7
CareerOutcome,CAR-HUM-LITERARY-AGENT-PU-342EA,SRC-HUM-CAREER-MASTER-73-E7D34
CareerOutcome,CAR-HUM-LITERARY-CRITIC-EBE76,SRC-HUM-CAREER-MASTER-142-FF69E
CareerOutcome,CAR-HUM-LITERARY-MAGAZINE-02B5C,SRC-HUM-CAREER-MASTER-152-2AE96
CareerOutcome,CAR-HUM-LITERARY-SCOUT-E314B,SRC-HUM-CAREER-MASTER-127-A91E7
CareerOutcome,CAR-HUM-LITERARY-TRANSLAT-C66B9,SRC-HUM-CAREER-MASTER-106-BD1DE
CareerOutcome,CAR-HUM-LOCALIZATION-QUAL-96A6A,SRC-HUM-CAREER-MASTER-70-A197F
CareerOutcome,CAR-HUM-LOCALIZATION-SPEC-90FC8,SRC-HUM-CAREER-MASTER-109-6D196
CareerOutcome,CAR-HUM-LOCALIZATION-SPEC-90FC8,SRC-HUM-HUMANITIES-TECHNO-ED3DB
CareerOutcome,CAR-HUM-LONG-FORM-ESSAYIS-D16B8,SRC-HUM-CAREER-MASTER-101-F6C2E
CareerOutcome,CAR-HUM-MADHUBANI-ARTIST-2F6C0,SRC-HUM-CAREER-MASTER-91-430B0
CareerOutcome,CAR-HUM-MANAGING-EDITOR-13BE1,SRC-HUM-CAREER-MASTER-131-79A23
CareerOutcome,CAR-HUM-MANUSCRIPT-EVALUA-905BE,SRC-HUM-CAREER-MASTER-145-9DBFA
CareerOutcome,CAR-HUM-MANUSCRIPTOLOGIST-75964,SRC-HUM-CAREER-MASTER-96-A3E87
CareerOutcome,CAR-HUM-MARATHI-REGIONAL-3DC77,SRC-HUM-CAREER-MASTER-3-CAC38
CareerOutcome,CAR-HUM-MULTILINGUAL-DATA-E6FBF,SRC-HUM-CAREER-MASTER-161-5786D
CareerOutcome,CAR-HUM-MUSEUM-CURATOR-E7B8D,SRC-HUM-CAREER-MASTER-12-70A33
CareerOutcome,CAR-HUM-MUSEUM-EDUCATOR-92C20,SRC-HUM-CAREER-MASTER-95-10FAF
CareerOutcome,CAR-HUM-NARRATIVE-UX-WRIT-F7028,SRC-HUM-CAREER-MASTER-118-B076D
CareerOutcome,CAR-HUM-NARRATIVE-UX-WRIT-F7028,SRC-HUM-HUMANITIES-TECHNO-D0BA8
CareerOutcome,CAR-HUM-NEWSLETTER-PUBLIS-EDCCE,SRC-HUM-CAREER-MASTER-137-2EFC7
CareerOutcome,CAR-HUM-OPINION-COLUMNIST-34529,SRC-HUM-CAREER-MASTER-102-17549
CareerOutcome,CAR-HUM-ORAL-HISTORY-DOCU-A4571,SRC-HUM-CAREER-MASTER-82-E4AF0
CareerOutcome,CAR-HUM-ORAL-TRADITION-AR-74D04,SRC-HUM-CAREER-MASTER-119-E8F57
CareerOutcome,CAR-HUM-ORGANIZATIONAL-PS-8D423,SRC-HUM-CAREER-MASTER-32-B00B2
CareerOutcome,CAR-HUM-PHILOSOPHY-PROFES-6D46A,SRC-HUM-CAREER-MASTER-42-47380
CareerOutcome,CAR-HUM-POD-PUBLISHING-CO-4CC04,SRC-HUM-CAREER-MASTER-135-FE722
CareerOutcome,CAR-HUM-PODCAST-CREATOR-A2726,SRC-HUM-CAREER-MASTER-97-F19BD
CareerOutcome,CAR-HUM-PODCAST-PRODUCER-54220,SRC-HUM-CAREER-MASTER-54-8C36A
CareerOutcome,CAR-HUM-PODCAST-STORYTELL-09871,SRC-HUM-CAREER-MASTER-103-CC2AA
CareerOutcome,CAR-HUM-POLITICAL-ANALYST-B725F,SRC-HUM-CAREER-MASTER-19-0B12C
CareerOutcome,CAR-HUM-POWADA-SHAHIRI-AR-14ADB,SRC-HUM-CAREER-MASTER-87-E33A0
CareerOutcome,CAR-HUM-PROMPT-DESIGNER-5A3AD,SRC-HUM-CAREER-MASTER-115-7552E
CareerOutcome,CAR-HUM-PROMPT-DESIGNER-5A3AD,SRC-HUM-HUMANITIES-TECHNO-D39F6
CareerOutcome,CAR-HUM-PROMPT-WRITER-AI-A77BA,SRC-HUM-CAREER-MASTER-77-D02BF
CareerOutcome,CAR-HUM-PROOFREADER-2F3F1,SRC-HUM-CAREER-MASTER-124-7DE43
CareerOutcome,CAR-HUM-PSYCHOMETRIC-TEST-0EF56,SRC-HUM-CAREER-MASTER-35-51D96
CareerOutcome,CAR-HUM-PUBLIC-ADMINISTRA-E4C3D,SRC-HUM-CAREER-MASTER-22-617DD
CareerOutcome,CAR-HUM-PUBLIC-ENGAGEMENT-7ED09,SRC-HUM-CAREER-MASTER-113-CEB95
CareerOutcome,CAR-HUM-PUBLIC-POLICY-RES-97B94,SRC-HUM-CAREER-MASTER-20-8B3E3
CareerOutcome,CAR-HUM-PUBLIC-RELATIONS-88FD4,SRC-HUM-CAREER-MASTER-56-16B59
CareerOutcome,CAR-HUM-PUBLISHING-COORDI-9C887,SRC-HUM-CAREER-MASTER-128-5C41E
CareerOutcome,CAR-HUM-PUBLISHING-PLATFO-87F9E,SRC-HUM-CAREER-MASTER-141-E0C7E
CareerOutcome,CAR-HUM-REGIONAL-LANGUAGE-D3629,SRC-HUM-CAREER-MASTER-150-DCDB0
CareerOutcome,CAR-HUM-RELIGIOUS-STUDIES-F278A,SRC-HUM-CAREER-MASTER-45-1D0BD
CareerOutcome,CAR-HUM-RESEARCH-DIGEST-C-EF386,SRC-HUM-CAREER-MASTER-154-B65DA
CareerOutcome,CAR-HUM-RURAL-DEVELOPMENT-4F741,SRC-HUM-CAREER-MASTER-27-64172
CareerOutcome,CAR-HUM-SANSKRIT-STUDIES-F1792,SRC-HUM-CAREER-MASTER-5-06988
CareerOutcome,CAR-HUM-SCHOOL-PSYCHOLOGI-76A23,SRC-HUM-CAREER-MASTER-31-A540D
CareerOutcome,CAR-HUM-SCHOOL-TEACHER-AR-EB20C,SRC-HUM-CAREER-MASTER-46-A3A86
CareerOutcome,CAR-HUM-SCRIPT-WRITER-A45D8,SRC-HUM-CAREER-MASTER-99-D6F78
CareerOutcome,CAR-HUM-SCRIPTWRITER-FILM-4EED0,SRC-HUM-CAREER-MASTER-75-D10C6
CareerOutcome,CAR-HUM-SENSITIVITY-READE-45521,SRC-HUM-CAREER-MASTER-144-D5730
CareerOutcome,CAR-HUM-SOCIAL-MEDIA-CONT-7CB12,SRC-HUM-CAREER-MASTER-58-427D1
CareerOutcome,CAR-HUM-SOCIAL-WORKER-MSW-4A0DA,SRC-HUM-CAREER-MASTER-24-5EE8F
CareerOutcome,CAR-HUM-SOCIOLOGIST-SOCIO-6B5A2,SRC-HUM-CAREER-MASTER-23-20325
CareerOutcome,CAR-HUM-SPECIAL-EDUCATOR-3054A,SRC-HUM-CAREER-MASTER-51-FCFB2
CareerOutcome,CAR-HUM-SPORTS-PSYCHOLOGI-B758A,SRC-HUM-CAREER-MASTER-33-DC7A3
CareerOutcome,CAR-HUM-STATE-CIVIL-SERVI-83788,SRC-HUM-CAREER-MASTER-18-12B60
CareerOutcome,CAR-HUM-STUDENT-SUCCESS-M-E872F,SRC-HUM-CAREER-MASTER-110-60C40
CareerOutcome,CAR-HUM-SUBTITLING-DUBBIN-30B67,SRC-HUM-CAREER-MASTER-8-2B307
CareerOutcome,CAR-HUM-SUBTITLING-SPECIA-2B0F8,SRC-HUM-CAREER-MASTER-108-2085E
CareerOutcome,CAR-HUM-TECHNICAL-DOCUMEN-E7C30,SRC-HUM-CAREER-MASTER-9-4B35C
CareerOutcome,CAR-HUM-TEMPLE-HERITAGE-I-372D4,SRC-HUM-CAREER-MASTER-121-15515
CareerOutcome,CAR-HUM-THEATRE-ARTIST-AC-F7BD6,SRC-HUM-CAREER-MASTER-61-9BD4C
CareerOutcome,CAR-HUM-TRANSLATOR-7E127,SRC-HUM-CAREER-MASTER-105-686F2
CareerOutcome,CAR-HUM-TRANSLATOR-INTERP-64E53,SRC-HUM-CAREER-MASTER-7-FDBB8
CareerOutcome,CAR-HUM-URBAN-STUDIES-RES-1455B,SRC-HUM-CAREER-MASTER-39-EB1E6
CareerOutcome,CAR-HUM-UX-WRITER-CONTENT-4A999,SRC-HUM-CAREER-MASTER-76-1A2CD
CareerOutcome,CAR-HUM-VEDIC-STUDIES-SCH-EA4A8,SRC-HUM-CAREER-MASTER-93-FA018
CareerOutcome,CAR-HUM-WARLI-ART-SPECIAL-5FA3B,SRC-HUM-CAREER-MASTER-90-44126
CareerOutcome,CAR-HUM-YOUTUBE-EDUCATOR-688EF,SRC-HUM-CAREER-MASTER-98-7F9B9
CareerOutcome,CAR-INTD-ACCESSIBILITY-IN-22CE1,SRC-INTD-SPECIALIZED-RARE-D09AB
CareerOutcome,CAR-INTD-ADIVASI-LITERATU-2D551,SRC-INTD-COMMUNITY-TRIBAL-5D16A
CareerOutcome,CAR-INTD-AGRI-MARKET-INTE-30CC5,SRC-INTD-INTERDISCIPLINAR-AEAE7
CareerOutcome,CAR-INTD-AGRI-TECH-BUSINE-B007A,SRC-INTD-AGRICULTURE-SUST-8F979
CareerOutcome,CAR-INTD-AGRI-TECH-BUSINE-B007A,SRC-INTD-CAREER-MASTER-18-4A776
CareerOutcome,CAR-INTD-AI-ASSISTED-MEDI-444EE,SRC-INTD-MEDIA-COMMUNICAT-FEBB3
CareerOutcome,CAR-INTD-AI-CONTENT-KNOWL-06A6C,SRC-INTD-HUMANITIES-TECHN-81CAB
CareerOutcome,CAR-INTD-AI-ETHICS-GOVERN-9CCAD,SRC-INTD-CAREER-MASTER-6-5526B
CareerOutcome,CAR-INTD-AI-GOVERNANCE-AN-E6D78,SRC-INTD-LAW-TECHNOLOGY-G-EB6B7
CareerOutcome,CAR-INTD-ARCHAEOLOGY-DIGI-1672A,SRC-INTD-SPECIALIZED-RARE-5DE5B
CareerOutcome,CAR-INTD-ARCHIVAL-STUDIES-438E7,SRC-INTD-SPECIALIZED-RARE-6D6C1
CareerOutcome,CAR-INTD-AREA-STUDIES-REG-63AA9,SRC-INTD-SPECIALIZED-RARE-D3B33
CareerOutcome,CAR-INTD-ASSISTIVE-TECHNO-40101,SRC-INTD-COMMUNITY-TRIBAL-805C8
CareerOutcome,CAR-INTD-BAMBOO-LAC-MINOR-EF20E,SRC-INTD-COMMUNITY-TRIBAL-7FBEF
CareerOutcome,CAR-INTD-BEHAVIOURAL-ECON-E9131,SRC-INTD-CAREER-MASTER-12-24606
CareerOutcome,CAR-INTD-BEHAVIOURAL-ECON-E9131,SRC-INTD-PSYCHOLOGY-BUSIN-2D6B6
CareerOutcome,CAR-INTD-BIOENTREPRENEURS-DF891,SRC-INTD-EMERGING-FRONTIE-EF734
CareerOutcome,CAR-INTD-BIOETHICS-47F40,SRC-INTD-SPECIALIZED-RARE-6A582
CareerOutcome,CAR-INTD-BIOINFORMATICS-S-7F57D,SRC-INTD-CAREER-MASTER-3-BE883
CareerOutcome,CAR-INTD-BLOCKCHAIN-COMPL-20BC0,SRC-INTD-COMMERCE-ANALYTI-96327
CareerOutcome,CAR-INTD-BORDERLAND-STUDI-27EA5,SRC-INTD-SPECIALIZED-RARE-564D9
CareerOutcome,CAR-INTD-BUDDHIST-STUDIES-27600,SRC-INTD-SPECIALIZED-RARE-93F19
CareerOutcome,CAR-INTD-CIRCULAR-ECONOMY-D8DEF,SRC-INTD-AGRICULTURE-SUST-18B09
CareerOutcome,CAR-INTD-CIRCULAR-ECONOMY-D8DEF,SRC-INTD-CAREER-MASTER-36-B1F3F
CareerOutcome,CAR-INTD-CLIMATE-ADAPTATI-C32E2,SRC-INTD-EMERGING-FRONTIE-B4E45
CareerOutcome,CAR-INTD-CLIMATE-FINANCE-6D2EB,SRC-INTD-CAREER-MASTER-16-4FBBA
CareerOutcome,CAR-INTD-CLIMATE-FINANCE-6D2EB,SRC-INTD-COMMERCE-ANALYTI-A5A37
CareerOutcome,CAR-INTD-CLIMATE-HUMANITI-4364A,SRC-INTD-SPECIALIZED-RARE-DB437
CareerOutcome,CAR-INTD-COGNITIVE-SCIENC-681E2,SRC-INTD-SPECIALIZED-RARE-94069
CareerOutcome,CAR-INTD-COMMUNITY-BIO-CU-7252E,SRC-INTD-COMMUNITY-TRIBAL-A6D9B
CareerOutcome,CAR-INTD-COMMUNITY-CLIMAT-15EB9,SRC-INTD-COMMUNITY-TRIBAL-8B6DD
CareerOutcome,CAR-INTD-COMMUNITY-DATA-I-11BFC,SRC-INTD-COMMUNITY-TRIBAL-FE1EB
CareerOutcome,CAR-INTD-COMMUNITY-HEALTH-FE968,SRC-INTD-COMMUNITY-TRIBAL-673C7
CareerOutcome,CAR-INTD-COMMUNITY-MEDIA-76254,SRC-INTD-COMMUNITY-TRIBAL-8C220
CareerOutcome,CAR-INTD-COMMUNITY-MENTAL-46923,SRC-INTD-COMMUNITY-TRIBAL-FADC5
CareerOutcome,CAR-INTD-COMMUNITY-NUTRIT-8C1C0,SRC-INTD-COMMUNITY-TRIBAL-1EA61
CareerOutcome,CAR-INTD-COMPARATIVE-RELI-2EAE0,SRC-INTD-SPECIALIZED-RARE-7FF5B
CareerOutcome,CAR-INTD-COMPUTATIONAL-LI-5769A,SRC-INTD-SPECIALIZED-RARE-F370C
CareerOutcome,CAR-INTD-COMPUTATIONAL-LI-75E92,SRC-INTD-HUMANITIES-TECHN-F36DE
CareerOutcome,CAR-INTD-COMPUTATIONAL-LI-EEE1E,SRC-INTD-CAREER-MASTER-11-54838
CareerOutcome,CAR-INTD-COMPUTATIONAL-SO-043A8,SRC-INTD-CAREER-MASTER-37-540BB
CareerOutcome,CAR-INTD-CREATOR-ECONOMY-53EB9,SRC-INTD-MEDIA-COMMUNICAT-7C34A
CareerOutcome,CAR-INTD-CULTURAL-ANALYTI-274FB,SRC-INTD-HUMANITIES-TECHN-71416
CareerOutcome,CAR-INTD-CULTURAL-ANALYTI-E1877,SRC-INTD-SPECIALIZED-RARE-B24CA
CareerOutcome,CAR-INTD-CYBER-LAW-SPECIA-18356,SRC-INTD-LAW-TECHNOLOGY-G-D54B7
CareerOutcome,CAR-INTD-CYBER-POLICY-DIG-5D80B,SRC-INTD-CAREER-MASTER-7-9419C
CareerOutcome,CAR-INTD-DATA-FOR-GOVERNA-F0336,SRC-INTD-PUBLIC-POLICY-EC-F6D17
CareerOutcome,CAR-INTD-DATA-JOURNALISM-824A5,SRC-INTD-CAREER-MASTER-27-8255E
CareerOutcome,CAR-INTD-DATA-JOURNALIST-2F2DD,SRC-INTD-MEDIA-COMMUNICAT-C59BC
CareerOutcome,CAR-INTD-DATA-PRIVACY-COM-68261,SRC-INTD-INTERDISCIPLINAR-32083
CareerOutcome,CAR-INTD-DATA-PRIVACY-OFF-E8FA0,SRC-INTD-LAW-TECHNOLOGY-G-1D712
CareerOutcome,CAR-INTD-DEVELOPMENT-COMM-1D561,SRC-INTD-CAREER-MASTER-9-F9A49
CareerOutcome,CAR-INTD-DEVELOPMENT-COMM-1D561,SRC-INTD-MEDIA-COMMUNICAT-947CB
CareerOutcome,CAR-INTD-DEVELOPMENT-PROG-E60A1,SRC-INTD-PUBLIC-POLICY-EC-9611B
CareerOutcome,CAR-INTD-DEVELOPMENT-STUD-A9172,SRC-INTD-SPECIALIZED-RARE-BB344
CareerOutcome,CAR-INTD-DIGITAL-ANTHROPO-E5DC4,SRC-INTD-SPECIALIZED-RARE-43196
CareerOutcome,CAR-INTD-DIGITAL-ARCHIVE-77A96,SRC-INTD-INTERDISCIPLINAR-A1451
CareerOutcome,CAR-INTD-DIGITAL-HEALTH-P-9884D,SRC-INTD-HEALTHCARE-ANALY-A8D54
CareerOutcome,CAR-INTD-DIGITAL-HUMANITI-6697C,SRC-INTD-CAREER-MASTER-10-74120
CareerOutcome,CAR-INTD-DIGITAL-HUMANITI-6697C,SRC-INTD-HUMANITIES-TECHN-4C875
CareerOutcome,CAR-INTD-DIGITAL-HUMANITI-DD036,SRC-INTD-SPECIALIZED-RARE-E4969
CareerOutcome,CAR-INTD-DIGITAL-PUBLIC-I-240E1,SRC-INTD-EMERGING-FRONTIE-7EE0A
CareerOutcome,CAR-INTD-DISABILITY-STUDI-B315F,SRC-INTD-COMMUNITY-TRIBAL-C77AE
CareerOutcome,CAR-INTD-DISABILITY-STUDI-F41BD,SRC-INTD-SPECIALIZED-RARE-7BFEF
CareerOutcome,CAR-INTD-ECOLOGICAL-ECONO-0699D,SRC-INTD-SPECIALIZED-RARE-13F15
CareerOutcome,CAR-INTD-EDUCATION-TECHNO-C89A9,SRC-INTD-SPECIALIZED-RARE-870DE
CareerOutcome,CAR-INTD-EDUCATIONAL-DATA-515AC,SRC-INTD-CAREER-MASTER-40-44709
CareerOutcome,CAR-INTD-EDUCATIONAL-TECH-16758,SRC-INTD-CAREER-MASTER-25-75B23
CareerOutcome,CAR-INTD-EDUCATIONAL-TECH-86929,SRC-INTD-INTERDISCIPLINAR-D2E66
CareerOutcome,CAR-INTD-ENVIRONMENTAL-JU-D0B69,SRC-INTD-COMMUNITY-TRIBAL-31AA3
CareerOutcome,CAR-INTD-ESG-SUSTAINABILI-97845,SRC-INTD-CAREER-MASTER-17-E847E
CareerOutcome,CAR-INTD-ESG-SUSTAINABILI-DD113,SRC-INTD-INTERDISCIPLINAR-F7713
CareerOutcome,CAR-INTD-ETHICS-PUBLIC-LI-7D6A9,SRC-INTD-SPECIALIZED-RARE-A58AB
CareerOutcome,CAR-INTD-ETHNOBOTANY-INDI-92169,SRC-INTD-COMMUNITY-TRIBAL-F7D9E
CareerOutcome,CAR-INTD-FASHION-BUSINESS-1DBAE,SRC-INTD-DESIGN-BUSINESS-F2FC3
CareerOutcome,CAR-INTD-FASHION-TECHNOLO-74732,SRC-INTD-CAREER-MASTER-32-F8212
CareerOutcome,CAR-INTD-FILM-MEDIA-BUSIN-B3F98,SRC-INTD-CAREER-MASTER-33-F92C9
CareerOutcome,CAR-INTD-FILM-STUDIES-CIN-8302E,SRC-INTD-SPECIALIZED-RARE-7D6DB
CareerOutcome,CAR-INTD-FINANCIAL-ANALYT-54A38,SRC-INTD-INTERDISCIPLINAR-03FC9
CareerOutcome,CAR-INTD-FINANCIAL-ANALYT-E6977,SRC-INTD-CAREER-MASTER-15-458F6
CareerOutcome,CAR-INTD-FINANCIAL-ANALYT-E6977,SRC-INTD-COMMERCE-ANALYTI-AA84B
CareerOutcome,CAR-INTD-FINTECH-PRODUCT-64486,SRC-INTD-CAREER-MASTER-14-59FE9
CareerOutcome,CAR-INTD-FINTECH-PRODUCT-64486,SRC-INTD-COMMERCE-ANALYTI-6B369
CareerOutcome,CAR-INTD-FOLK-CULTURE-STU-77AF5,SRC-INTD-SPECIALIZED-RARE-08EE8
CareerOutcome,CAR-INTD-FOOD-STUDIES-FOO-0278B,SRC-INTD-SPECIALIZED-RARE-7B37F
CareerOutcome,CAR-INTD-FOOD-SUPPLY-CHAI-D0CF6,SRC-INTD-AGRICULTURE-SUST-E4A38
CareerOutcome,CAR-INTD-FOOD-TECHNOLOGY-02816,SRC-INTD-CAREER-MASTER-19-DB325
CareerOutcome,CAR-INTD-FOREST-PRODUCE-N-0966A,SRC-INTD-COMMUNITY-TRIBAL-6366B
CareerOutcome,CAR-INTD-FOREST-RIGHTS-CO-BBFA5,SRC-INTD-COMMUNITY-TRIBAL-546E8
CareerOutcome,CAR-INTD-GAME-STUDIES-INT-7B52E,SRC-INTD-SPECIALIZED-RARE-9699B
CareerOutcome,CAR-INTD-GENDER-SEXUALITY-6976F,SRC-INTD-SPECIALIZED-RARE-2BC1C
CareerOutcome,CAR-INTD-GENDER-STUDIES-CA8F8,SRC-INTD-SPECIALIZED-RARE-6F26B
CareerOutcome,CAR-INTD-GENDER-TRIBAL-WO-A5BD7,SRC-INTD-COMMUNITY-TRIBAL-14758
CareerOutcome,CAR-INTD-GEOAI-ANALYST-642FA,SRC-INTD-EMERGING-FRONTIE-D4049
CareerOutcome,CAR-INTD-GEOAI-GEOSPATIAL-70952,SRC-INTD-CAREER-MASTER-20-3DF81
CareerOutcome,CAR-INTD-GONDWANA-REGION-515D7,SRC-INTD-COMMUNITY-TRIBAL-B1564
CareerOutcome,CAR-INTD-HANDLOOM-HANDICR-0D035,SRC-INTD-COMMUNITY-TRIBAL-6DDFA
CareerOutcome,CAR-INTD-HEALTH-DATA-DASH-4E7E3,SRC-INTD-INTERDISCIPLINAR-85260
CareerOutcome,CAR-INTD-HEALTH-INFORMATI-0F866,SRC-INTD-CAREER-MASTER-4-56B16
CareerOutcome,CAR-INTD-HEALTH-INFORMATI-0F866,SRC-INTD-HEALTHCARE-ANALY-DDD2A
CareerOutcome,CAR-INTD-HERITAGE-EXPERIE-3CF45,SRC-INTD-INTERDISCIPLINAR-2BCDB
CareerOutcome,CAR-INTD-HERITAGE-EXPERIE-EE13D,SRC-INTD-HUMANITIES-TECHN-F884C
CareerOutcome,CAR-INTD-HERITAGE-STUDIES-F5EBD,SRC-INTD-SPECIALIZED-RARE-083E5
CareerOutcome,CAR-INTD-HIMALAYAN-STUDIE-F78FB,SRC-INTD-SPECIALIZED-RARE-AB7F5
CareerOutcome,CAR-INTD-HOSPITAL-ANALYTI-C441F,SRC-INTD-HEALTHCARE-ANALY-B9E89
CareerOutcome,CAR-INTD-HUMAN-AI-COLLABO-59B2A,SRC-INTD-EMERGING-FRONTIE-24C75
CareerOutcome,CAR-INTD-HUMAN-AI-INTERAC-22708,SRC-INTD-PSYCHOLOGY-BUSIN-35B2B
CareerOutcome,CAR-INTD-HUMAN-COMPUTER-I-BC1E8,SRC-INTD-SPECIALIZED-RARE-520E2
CareerOutcome,CAR-INTD-HUMAN-FACTORS-ER-DA92F,SRC-INTD-CAREER-MASTER-34-5C81F
CareerOutcome,CAR-INTD-HUMAN-RIGHTS-STU-DA7C2,SRC-INTD-SPECIALIZED-RARE-5356E
CareerOutcome,CAR-INTD-INCLUSIVE-EDUCAT-64D6B,SRC-INTD-COMMUNITY-TRIBAL-52986
CareerOutcome,CAR-INTD-INCLUSIVE-URBAN-8E057,SRC-INTD-COMMUNITY-TRIBAL-32AE2
CareerOutcome,CAR-INTD-INDIC-KNOWLEDGE-47EC6,SRC-INTD-SPECIALIZED-RARE-7F847
CareerOutcome,CAR-INTD-INDIGENOUS-AGRIC-076CB,SRC-INTD-COMMUNITY-TRIBAL-B59F0
CareerOutcome,CAR-INTD-INDIGENOUS-FOOD-2336B,SRC-INTD-COMMUNITY-TRIBAL-BFC9F
CareerOutcome,CAR-INTD-INDIGENOUS-KNOWL-63C06,SRC-INTD-COMMUNITY-TRIBAL-D5FAD
CareerOutcome,CAR-INTD-KNOWLEDGE-CULTUR-17CAA,SRC-INTD-SPECIALIZED-RARE-00D68
CareerOutcome,CAR-INTD-LEGAL-ANTHROPOLO-F2162,SRC-INTD-SPECIALIZED-RARE-D4AD2
CareerOutcome,CAR-INTD-LEGAL-DATA-ANALY-3375F,SRC-INTD-CAREER-MASTER-39-1CAC8
CareerOutcome,CAR-INTD-LEGAL-DESIGN-CON-95FDF,SRC-INTD-CAREER-MASTER-26-E5D09
CareerOutcome,CAR-INTD-LEGAL-DESIGN-CON-95FDF,SRC-INTD-DESIGN-BUSINESS-17949
CareerOutcome,CAR-INTD-LEGAL-TECH-PRODU-90ECB,SRC-INTD-LAW-TECHNOLOGY-G-1997C
CareerOutcome,CAR-INTD-LIBRARY-INFORMAT-3B3B2,SRC-INTD-SPECIALIZED-RARE-DA96F
CareerOutcome,CAR-INTD-LIVELIHOOD-MISSI-C28BC,SRC-INTD-COMMUNITY-TRIBAL-9FFB1
CareerOutcome,CAR-INTD-MARITIME-STUDIES-3F83E,SRC-INTD-SPECIALIZED-RARE-A6A67
CareerOutcome,CAR-INTD-MASCULINITY-STUD-9E4F5,SRC-INTD-SPECIALIZED-RARE-F7824
CareerOutcome,CAR-INTD-MEDIA-CULTURAL-S-24523,SRC-INTD-SPECIALIZED-RARE-9EE79
CareerOutcome,CAR-INTD-MEDICAL-HUMANITI-608E4,SRC-INTD-SPECIALIZED-RARE-523C6
CareerOutcome,CAR-INTD-MEDTECH-OPERATIO-E268B,SRC-INTD-CAREER-MASTER-22-49502
CareerOutcome,CAR-INTD-MICROFINANCE-FIN-6A34B,SRC-INTD-COMMUNITY-TRIBAL-DEE83
CareerOutcome,CAR-INTD-MIGRATION-DIASPO-095AB,SRC-INTD-SPECIALIZED-RARE-E55DF
CareerOutcome,CAR-INTD-MIGRATION-LABOUR-877D6,SRC-INTD-COMMUNITY-TRIBAL-92D6E
CareerOutcome,CAR-INTD-MUSEUM-HERITAGE-17A28,SRC-INTD-CAREER-MASTER-24-057E6
CareerOutcome,CAR-INTD-MUSEUM-STUDIES-M-EC1A0,SRC-INTD-SPECIALIZED-RARE-6F074
CareerOutcome,CAR-INTD-NEUROMARKETING-A-841A7,SRC-INTD-PSYCHOLOGY-BUSIN-C4132
CareerOutcome,CAR-INTD-NEUROMARKETING-R-A4A26,SRC-INTD-CAREER-MASTER-13-385ED
CareerOutcome,CAR-INTD-NO-CODE-BUSINESS-5EE59,SRC-INTD-DESIGN-BUSINESS-6296B
CareerOutcome,CAR-INTD-PARTICIPATORY-RU-A7478,SRC-INTD-COMMUNITY-TRIBAL-70DF0
CareerOutcome,CAR-INTD-PEACE-CONFLICT-S-3FECB,SRC-INTD-SPECIALIZED-RARE-3274F
CareerOutcome,CAR-INTD-PEOPLE-ANALYTICS-6FABB,SRC-INTD-PSYCHOLOGY-BUSIN-E4A37
CareerOutcome,CAR-INTD-PERFORMANCE-STUD-32D77,SRC-INTD-SPECIALIZED-RARE-D1797
CareerOutcome,CAR-INTD-PESA-PANCHAYAT-L-01E5E,SRC-INTD-COMMUNITY-TRIBAL-76BA6
CareerOutcome,CAR-INTD-PHARMA-MANAGEMEN-7B4D9,SRC-INTD-CAREER-MASTER-31-7AF4C
CareerOutcome,CAR-INTD-PHARMA-MARKET-AC-7E865,SRC-INTD-HEALTHCARE-ANALY-6E697
CareerOutcome,CAR-INTD-PHILOSOPHY-POLIT-8B9DF,SRC-INTD-SPECIALIZED-RARE-68D68
CareerOutcome,CAR-INTD-POLICY-ANALYST-F471F,SRC-INTD-PUBLIC-POLICY-EC-7E603
CareerOutcome,CAR-INTD-POLICY-RESEARCH-9347F,SRC-INTD-INTERDISCIPLINAR-F321C
CareerOutcome,CAR-INTD-PRECISION-FARMIN-28EB3,SRC-INTD-AGRICULTURE-SUST-10F0A
CareerOutcome,CAR-INTD-PRODUCT-EXPERIEN-B30E0,SRC-INTD-DESIGN-BUSINESS-08635
CareerOutcome,CAR-INTD-PUBLIC-HEALTH-DA-21BC7,SRC-INTD-HEALTHCARE-ANALY-F853F
CareerOutcome,CAR-INTD-PUBLIC-POLICY-AN-042DD,SRC-INTD-CAREER-MASTER-8-EE27D
CareerOutcome,CAR-INTD-REGTECH-ANALYST-BCF9F,SRC-INTD-LAW-TECHNOLOGY-G-E678D
CareerOutcome,CAR-INTD-RISK-ANALYTICS-A-17718,SRC-INTD-COMMERCE-ANALYTI-AB3D5
CareerOutcome,CAR-INTD-RURAL-DIGITAL-IN-DD1DA,SRC-INTD-COMMUNITY-TRIBAL-92868
CareerOutcome,CAR-INTD-RURAL-INNOVATION-68A97,SRC-INTD-CAREER-MASTER-30-6EB12
CareerOutcome,CAR-INTD-RURAL-INNOVATION-A97E1,SRC-INTD-INTERDISCIPLINAR-32E22
CareerOutcome,CAR-INTD-RURAL-WATER-SANI-0E758,SRC-INTD-COMMUNITY-TRIBAL-40D3E
CareerOutcome,CAR-INTD-SANSKRIT-COMPUTA-61220,SRC-INTD-SPECIALIZED-RARE-00253
CareerOutcome,CAR-INTD-SCIENCE-COMMUNIC-42381,SRC-INTD-INTERDISCIPLINAR-15560
CareerOutcome,CAR-INTD-SCIENCE-COMMUNIC-52D95,SRC-INTD-CAREER-MASTER-23-8DACF
CareerOutcome,CAR-INTD-SCIENCE-COMMUNIC-52D95,SRC-INTD-MEDIA-COMMUNICAT-4E400
CareerOutcome,CAR-INTD-SCIENCE-TECHNOLO-7ACCC,SRC-INTD-SPECIALIZED-RARE-9630A
CareerOutcome,CAR-INTD-SERVICE-DESIGNER-109A6,SRC-INTD-DESIGN-BUSINESS-193B0
CareerOutcome,CAR-INTD-SOCIAL-EXCLUSION-343B4,SRC-INTD-COMMUNITY-TRIBAL-AB611
CareerOutcome,CAR-INTD-SOCIAL-EXCLUSION-74ACF,SRC-INTD-SPECIALIZED-RARE-EB4E2
CareerOutcome,CAR-INTD-SOCIAL-IMPACT-ME-016F6,SRC-INTD-CAREER-MASTER-29-675E4
CareerOutcome,CAR-INTD-SOCIAL-IMPACT-ME-016F6,SRC-INTD-PUBLIC-POLICY-EC-977E9
CareerOutcome,CAR-INTD-SPACE-POLICY-BUS-F391A,SRC-INTD-CAREER-MASTER-38-04B9B
CareerOutcome,CAR-INTD-SPACE-POLICY-BUS-F391A,SRC-INTD-EMERGING-FRONTIE-63428
CareerOutcome,CAR-INTD-SPACE-POLICY-SPA-1BFF3,SRC-INTD-SPECIALIZED-RARE-875E3
CareerOutcome,CAR-INTD-SPORTS-ANALYTICS-7CADD,SRC-INTD-CAREER-MASTER-28-7ED33
CareerOutcome,CAR-INTD-TRANSLATION-STUD-C3CE2,SRC-INTD-SPECIALIZED-RARE-E275D
CareerOutcome,CAR-INTD-TRIBAL-ART-PERFO-77909,SRC-INTD-COMMUNITY-TRIBAL-962F8
CareerOutcome,CAR-INTD-TRIBAL-ENTREPREN-F39B2,SRC-INTD-COMMUNITY-TRIBAL-18BF5
CareerOutcome,CAR-INTD-TRIBAL-HIGHER-ED-A5CA0,SRC-INTD-COMMUNITY-TRIBAL-44AE1
CareerOutcome,CAR-INTD-TRIBAL-LANGUAGE-5ECAB,SRC-INTD-COMMUNITY-TRIBAL-05CF4
CareerOutcome,CAR-INTD-TRIBAL-LEGAL-AID-ACB70,SRC-INTD-COMMUNITY-TRIBAL-2DA63
CareerOutcome,CAR-INTD-TRIBAL-MUSEUM-HE-05233,SRC-INTD-COMMUNITY-TRIBAL-36815
CareerOutcome,CAR-INTD-TRIBAL-STUDIES-I-9C9C3,SRC-INTD-SPECIALIZED-RARE-6AD5E
CareerOutcome,CAR-INTD-TRIBAL-STUDIES-I-C6E5A,SRC-INTD-COMMUNITY-TRIBAL-C1B8A
CareerOutcome,CAR-INTD-TRIBAL-TOURISM-E-D9633,SRC-INTD-COMMUNITY-TRIBAL-4B91B
CareerOutcome,CAR-INTD-URBAN-GOVERNANCE-0F88C,SRC-INTD-PUBLIC-POLICY-EC-1A81C
CareerOutcome,CAR-INTD-URBAN-PLANNER-SM-A0182,SRC-INTD-CAREER-MASTER-21-AD84A
CareerOutcome,CAR-INTD-URBAN-STUDIES-UR-F56A7,SRC-INTD-SPECIALIZED-RARE-5FA01
CareerOutcome,CAR-INTD-UX-RESEARCH-CONS-A898E,SRC-INTD-INTERDISCIPLINAR-FBAB9
CareerOutcome,CAR-INTD-UX-RESEARCHER-E5F06,SRC-INTD-CAREER-MASTER-5-D82AE
CareerOutcome,CAR-INTD-UX-RESEARCHER-E5F06,SRC-INTD-PSYCHOLOGY-BUSIN-9BA81
CareerOutcome,CAR-INTD-VISUAL-CULTURE-S-348F2,SRC-INTD-SPECIALIZED-RARE-CCB71
CareerOutcome,CAR-INTD-WATER-POLICY-WAT-53B29,SRC-INTD-SPECIALIZED-RARE-B5FD1
CareerOutcome,CAR-INTD-WATER-RESOURCE-M-890AF,SRC-INTD-AGRICULTURE-SUST-C476B
CareerOutcome,CAR-INTD-WATER-RESOURCE-M-B7C26,SRC-INTD-CAREER-MASTER-35-A7913
CareerOutcome,CAR-INTD-WOMEN-S-STUDIES-3EE8B,SRC-INTD-SPECIALIZED-RARE-BF233
CareerOutcome,CAR-LAW-ADVOCATE-LITIGATO-551E4,SRC-LAW-CAREER-MASTER-3-A9AF2
CareerOutcome,CAR-LAW-AI-COURTROOM-INTE-8B93B,SRC-LAW-EMERGING-NICHE-IN-63974
CareerOutcome,CAR-LAW-AI-ETHICS-AUDITOR-4A84F,SRC-LAW-EMERGING-NICHE-IN-C559B
CareerOutcome,CAR-LAW-AI-GOVERNANCE-AI-EA39D,SRC-LAW-CAREER-MASTER-17-4DFF8
CareerOutcome,CAR-LAW-AI-GOVERNANCE-DOC-D1D81,SRC-LAW-LAW-DIGITAL-ECONO-123AF
CareerOutcome,CAR-LAW-ALGORITHM-ACCOUNT-9B0EF,SRC-LAW-EMERGING-NICHE-IN-10E23
CareerOutcome,CAR-LAW-ALTERNATIVE-LEGAL-CDDD2,SRC-LAW-CAREER-MASTER-86-3049A
CareerOutcome,CAR-LAW-ARBITRATION-COUNS-E82ED,SRC-LAW-CAREER-MASTER-10-2F228
CareerOutcome,CAR-LAW-ART-ANTIQUITIES-D-728F2,SRC-LAW-EMERGING-NICHE-IN-639E2
CareerOutcome,CAR-LAW-AUTONOMOUS-VEHICL-3812E,SRC-LAW-EMERGING-NICHE-IN-7396A
CareerOutcome,CAR-LAW-AVIATION-LAWYER-89304,SRC-LAW-CAREER-MASTER-81-4442D
CareerOutcome,CAR-LAW-BANKING-FINANCE-L-C649D,SRC-LAW-CAREER-MASTER-39-7B981
CareerOutcome,CAR-LAW-BIOETHICS-MEDICAL-5659B,SRC-LAW-EMERGING-NICHE-IN-3F5CC
CareerOutcome,CAR-LAW-CHILD-ONLINE-SAFE-FA490,SRC-LAW-EMERGING-NICHE-IN-69FB7
CareerOutcome,CAR-LAW-CHILD-RIGHTS-SUPP-B906E,SRC-LAW-LAW-COUNSELLING-4-9B3DF
CareerOutcome,CAR-LAW-CIVIL-SERVICES-WI-D47F7,SRC-LAW-CAREER-MASTER-37-0AE0D
CareerOutcome,CAR-LAW-CLAT-MENTOR-CCC87,SRC-LAW-LAW-EDUCATION-2-61793
CareerOutcome,CAR-LAW-COMMUNITY-LEGAL-L-7C4EE,SRC-LAW-LAW-COUNSELLING-5-2B54D
CareerOutcome,CAR-LAW-COMPANY-SECRETARY-FDAF4,SRC-LAW-CAREER-MASTER-13-EFE20
CareerOutcome,CAR-LAW-COMPETITION-LAW-L-0F0F0,SRC-LAW-CAREER-MASTER-46-CF96B
CareerOutcome,CAR-LAW-COMPLIANCE-FILING-1689B,SRC-LAW-LEGAL-MICRO-ENTRE-0FC00
CareerOutcome,CAR-LAW-COMPLIANCE-OFFICE-E49D4,SRC-LAW-CAREER-MASTER-14-E87AB
CareerOutcome,CAR-LAW-CONSTITUTIONAL-LI-EDB55,SRC-LAW-EMERGING-NICHE-IN-03ABD
CareerOutcome,CAR-LAW-CONSUMER-PROTECTI-9E20C,SRC-LAW-CAREER-MASTER-47-238F8
CareerOutcome,CAR-LAW-CONTRACT-LIFECYCL-F4712,SRC-LAW-CAREER-MASTER-19-50D3F
CareerOutcome,CAR-LAW-CORPORATE-LAWYER-078AA,SRC-LAW-CAREER-MASTER-4-16FA6
CareerOutcome,CAR-LAW-COURT-REPORTER-LE-B7FAA,SRC-LAW-CAREER-MASTER-56-479A7
CareerOutcome,CAR-LAW-COURT-TRIBUNAL-AD-C35B7,SRC-LAW-CAREER-MASTER-74-7B3D7
CareerOutcome,CAR-LAW-CRIMINOLOGIST-CRI-0CEA4,SRC-LAW-CAREER-MASTER-34-173C2
CareerOutcome,CAR-LAW-CROSS-BORDER-DIGI-35D31,SRC-LAW-EMERGING-NICHE-IN-3BE74
CareerOutcome,CAR-LAW-CSR-IMPACT-COMPLI-27E4A,SRC-LAW-CAREER-MASTER-72-FBE16
CareerOutcome,CAR-LAW-CULTURAL-RIGHTS-R-4BC15,SRC-LAW-EMERGING-NICHE-IN-D6D17
CareerOutcome,CAR-LAW-CYBER-LAW-SPECIAL-259C4,SRC-LAW-CAREER-MASTER-16-1E4D0
CareerOutcome,CAR-LAW-DATA-PROTECTION-O-8F420,SRC-LAW-CAREER-MASTER-15-AEC8B
CareerOutcome,CAR-LAW-DEFENCE-SERVICES-D4D08,SRC-LAW-CAREER-MASTER-90-76B64
CareerOutcome,CAR-LAW-DIGITAL-EVIDENCE-10BB7,SRC-LAW-CAREER-MASTER-61-81BEE
CareerOutcome,CAR-LAW-DIGITAL-EVIDENCE-EAFA0,SRC-LAW-EMERGING-NICHE-IN-76AAC
CareerOutcome,CAR-LAW-DIGITAL-PRIVACY-C-B6C58,SRC-LAW-LAW-DIGITAL-ECONO-5DD00
CareerOutcome,CAR-LAW-DIGITAL-PUBLIC-IN-C20C3,SRC-LAW-CAREER-MASTER-83-F06CF
CareerOutcome,CAR-LAW-DIVORCE-TRANSITIO-C7FEA,SRC-LAW-EMERGING-NICHE-IN-7D53D
CareerOutcome,CAR-LAW-DRONE-REGULATION-FF835,SRC-LAW-EMERGING-NICHE-IN-70B18
CareerOutcome,CAR-LAW-E-DISCOVERY-DOCUM-E88C3,SRC-LAW-CAREER-MASTER-21-7921D
CareerOutcome,CAR-LAW-EDUCATION-LAW-SPE-E7C79,SRC-LAW-CAREER-MASTER-70-FF608
CareerOutcome,CAR-LAW-ELDER-RIGHTS-ADVI-851B9,SRC-LAW-EMERGING-NICHE-IN-49FA3
CareerOutcome,CAR-LAW-ELECTION-PROCESS-2C1B2,SRC-LAW-EMERGING-NICHE-IN-8CF3C
CareerOutcome,CAR-LAW-ENERGY-LAWYER-04A2C,SRC-LAW-CAREER-MASTER-51-31480
CareerOutcome,CAR-LAW-ENVIRONMENTAL-IMP-65A48,SRC-LAW-EMERGING-NICHE-IN-B565E
CareerOutcome,CAR-LAW-ENVIRONMENTAL-LAW-FBFB1,SRC-LAW-CAREER-MASTER-32-1B556
CareerOutcome,CAR-LAW-FAMILY-LAWYER-79B77,SRC-LAW-CAREER-MASTER-48-67713
CareerOutcome,CAR-LAW-FAMILY-MEDIATION-5C18F,SRC-LAW-LAW-COUNSELLING-2-442C3
CareerOutcome,CAR-LAW-FINTECH-PAYMENTS-95746,SRC-LAW-CAREER-MASTER-40-7B6CB
CareerOutcome,CAR-LAW-FOOD-LAW-FSSAI-CO-640BE,SRC-LAW-CAREER-MASTER-78-06EF6
CareerOutcome,CAR-LAW-FORENSIC-LEGAL-CO-0A05F,SRC-LAW-CAREER-MASTER-33-A96FE
CareerOutcome,CAR-LAW-FOREST-RIGHTS-FAC-BDE87,SRC-LAW-EMERGING-NICHE-IN-DD7D2
CareerOutcome,CAR-LAW-HEALTHCARE-LAWYER-62E0E,SRC-LAW-CAREER-MASTER-69-365A8
CareerOutcome,CAR-LAW-HERITAGE-LAW-CONS-CE1D6,SRC-LAW-EMERGING-NICHE-IN-1CCCB
CareerOutcome,CAR-LAW-HOSPITAL-CONSENT-3CA72,SRC-LAW-EMERGING-NICHE-IN-23F66
CareerOutcome,CAR-LAW-HUMAN-RIGHTS-LAWY-F4B2E,SRC-LAW-CAREER-MASTER-31-8E02D
CareerOutcome,CAR-LAW-IMMIGRATION-LAWYE-CB851,SRC-LAW-CAREER-MASTER-30-EECAC
CareerOutcome,CAR-LAW-IN-HOUSE-LEGAL-CO-1DCEF,SRC-LAW-CAREER-MASTER-12-C3428
CareerOutcome,CAR-LAW-INFLUENCER-COMPLI-1C87A,SRC-LAW-EMERGING-NICHE-IN-65E40
CareerOutcome,CAR-LAW-INFLUENCER-CONTRA-547D6,SRC-LAW-LAW-DIGITAL-ECONO-DE643
CareerOutcome,CAR-LAW-INFRASTRUCTURE-PR-02E01,SRC-LAW-CAREER-MASTER-50-8B165
CareerOutcome,CAR-LAW-INSOLVENCY-PROFES-B5C48,SRC-LAW-CAREER-MASTER-43-E6754
CareerOutcome,CAR-LAW-INSURANCE-LAWYER-D242F,SRC-LAW-CAREER-MASTER-68-6B01B
CareerOutcome,CAR-LAW-INTELLECTUAL-PROP-1F807,SRC-LAW-CAREER-MASTER-23-43415
CareerOutcome,CAR-LAW-INTERNATIONAL-ORG-232DA,SRC-LAW-CAREER-MASTER-91-2362E
CareerOutcome,CAR-LAW-INTERNATIONAL-TRA-22A86,SRC-LAW-CAREER-MASTER-29-369AD
CareerOutcome,CAR-LAW-INVESTMENT-FUNDS-31403,SRC-LAW-CAREER-MASTER-42-2A8F4
CareerOutcome,CAR-LAW-JUDICIAL-OFFICER-C02AC,SRC-LAW-CAREER-MASTER-5-2FD1B
CareerOutcome,CAR-LAW-JUDICIARY-EXAM-TR-ED944,SRC-LAW-LAW-EDUCATION-3-E60B7
CareerOutcome,CAR-LAW-LABOUR-EMPLOYMENT-EF16D,SRC-LAW-CAREER-MASTER-52-9AD42
CareerOutcome,CAR-LAW-LAW-CLERK-JUDICIA-FFD4F,SRC-LAW-CAREER-MASTER-9-14BCA
CareerOutcome,CAR-LAW-LAW-FIRM-KNOWLEDG-F93D6,SRC-LAW-CAREER-MASTER-63-9CAE9
CareerOutcome,CAR-LAW-LEGAL-ACADEMIC-LA-DD514,SRC-LAW-CAREER-MASTER-7-68F71
CareerOutcome,CAR-LAW-LEGAL-AI-PROMPT-E-BCFE8,SRC-LAW-CAREER-MASTER-64-5A06E
CareerOutcome,CAR-LAW-LEGAL-AID-COORDIN-0E2E9,SRC-LAW-CAREER-MASTER-58-C7196
CareerOutcome,CAR-LAW-LEGAL-ARCHIVIST-C-E400B,SRC-LAW-CAREER-MASTER-92-F696F
CareerOutcome,CAR-LAW-LEGAL-AUDIOBOOK-P-FF6AC,SRC-LAW-EMERGING-NICHE-IN-7184B
CareerOutcome,CAR-LAW-LEGAL-CONTENT-CRE-85698,SRC-LAW-LAW-EDUCATION-4-D5302
CareerOutcome,CAR-LAW-LEGAL-CONTENT-WRI-FE412,SRC-LAW-CAREER-MASTER-54-9FE7E
CareerOutcome,CAR-LAW-LEGAL-CURRICULUM-DC217,SRC-LAW-LAW-EDUCATION-5-9F4D1
CareerOutcome,CAR-LAW-LEGAL-DATA-ANALYS-47626,SRC-LAW-CAREER-MASTER-65-26830
CareerOutcome,CAR-LAW-LEGAL-DATA-VISUAL-02713,SRC-LAW-EMERGING-NICHE-IN-67488
CareerOutcome,CAR-LAW-LEGAL-DESIGN-LEGA-2EE84,SRC-LAW-CAREER-MASTER-59-1A16E
CareerOutcome,CAR-LAW-LEGAL-DOCUMENTATI-FC27B,SRC-LAW-LEGAL-MICRO-ENTRE-84755
CareerOutcome,CAR-LAW-LEGAL-DRAFTING-CO-A501D,SRC-LAW-FLEXIBLE-LEGAL-LI-6B85F
CareerOutcome,CAR-LAW-LEGAL-EDUCATION-C-99B36,SRC-LAW-LEGAL-MICRO-ENTRE-C8894
CareerOutcome,CAR-LAW-LEGAL-ENTREPRENEU-4064C,SRC-LAW-CAREER-MASTER-84-35763
CareerOutcome,CAR-LAW-LEGAL-ETHICS-PROF-02814,SRC-LAW-CAREER-MASTER-85-6AD42
CareerOutcome,CAR-LAW-LEGAL-GAMIFICATIO-13C20,SRC-LAW-EMERGING-NICHE-IN-867FD
CareerOutcome,CAR-LAW-LEGAL-JOURNALIST-4E371,SRC-LAW-CAREER-MASTER-53-4D3F3
CareerOutcome,CAR-LAW-LEGAL-KNOWLEDGE-E-5B93D,SRC-LAW-EMERGING-NICHE-IN-27C48
CareerOutcome,CAR-LAW-LEGAL-METAVERSE-P-0B08C,SRC-LAW-EMERGING-NICHE-IN-9EDB2
CareerOutcome,CAR-LAW-LEGAL-METROLOGY-P-9FF81,SRC-LAW-CAREER-MASTER-77-501BC
CareerOutcome,CAR-LAW-LEGAL-OPERATIONS-C01D5,SRC-LAW-CAREER-MASTER-20-AAA0C
CareerOutcome,CAR-LAW-LEGAL-PROCESS-OUT-9F0E1,SRC-LAW-CAREER-MASTER-22-51FD3
CareerOutcome,CAR-LAW-LEGAL-PROMPT-DESI-2B370,SRC-LAW-EMERGING-NICHE-IN-D6C1D
CareerOutcome,CAR-LAW-LEGAL-PUBLISHER-L-8EFB8,SRC-LAW-CAREER-MASTER-55-A70E5
CareerOutcome,CAR-LAW-LEGAL-RECRUITER-T-859FA,SRC-LAW-CAREER-MASTER-73-6EB69
CareerOutcome,CAR-LAW-LEGAL-RESEARCHER-928E3,SRC-LAW-CAREER-MASTER-8-37707
CareerOutcome,CAR-LAW-LEGAL-RISK-CONSUL-E9CAE,SRC-LAW-CAREER-MASTER-67-87B6E
CareerOutcome,CAR-LAW-LEGAL-TECH-ONBOAR-FA090,SRC-LAW-LAW-DIGITAL-ECONO-AB5C7
CareerOutcome,CAR-LAW-LEGAL-TECH-PRODUC-B19A2,SRC-LAW-CAREER-MASTER-18-7C21A
CareerOutcome,CAR-LAW-LEGAL-TRANSLATION-9F755,SRC-LAW-CAREER-MASTER-87-2F4BA
CareerOutcome,CAR-LAW-LEGAL-TRANSLATOR-B6DC5,SRC-LAW-FLEXIBLE-LEGAL-LI-98C5D
CareerOutcome,CAR-LAW-LEGISLATIVE-ASSIS-8790E,SRC-LAW-CAREER-MASTER-36-2BF16
CareerOutcome,CAR-LAW-LEGISLATIVE-LANGU-A7A4D,SRC-LAW-EMERGING-NICHE-IN-CD32D
CareerOutcome,CAR-LAW-LITIGATION-FINANC-1BD9E,SRC-LAW-CAREER-MASTER-66-EBE9D
CareerOutcome,CAR-LAW-LOCAL-GOVERNANCE-4BFA0,SRC-LAW-LEGAL-MICRO-ENTRE-54B6A
CareerOutcome,CAR-LAW-MARITIME-SHIPPING-F3F16,SRC-LAW-CAREER-MASTER-80-262D4
CareerOutcome,CAR-LAW-MEDIA-ENTERTAINME-76673,SRC-LAW-CAREER-MASTER-26-18AAA
CareerOutcome,CAR-LAW-MEDIATOR-CONCILIA-B4DF9,SRC-LAW-CAREER-MASTER-11-476C1
CareerOutcome,CAR-LAW-MEME-IP-RIGHTS-AN-C25D1,SRC-LAW-EMERGING-NICHE-IN-66951
CareerOutcome,CAR-LAW-MOCK-TRIAL-PROGRA-8C378,SRC-LAW-EMERGING-NICHE-IN-CB350
CareerOutcome,CAR-LAW-MULTILINGUAL-LEGA-F6218,SRC-LAW-LEGAL-MICRO-ENTRE-9026F
CareerOutcome,CAR-LAW-NCLT-NCLAT-PRACTI-160CD,SRC-LAW-CAREER-MASTER-45-6308E
CareerOutcome,CAR-LAW-NGO-LEGAL-COMPLIA-81FFE,SRC-LAW-CAREER-MASTER-71-F5DD1
CareerOutcome,CAR-LAW-NOTARY-F92FC,SRC-LAW-CAREER-MASTER-75-107C2
CareerOutcome,CAR-LAW-OATH-COMMISSIONER-B241B,SRC-LAW-CAREER-MASTER-76-C6529
CareerOutcome,CAR-LAW-ONLINE-DISPUTE-RE-3B4AF,SRC-LAW-CAREER-MASTER-62-65BD3
CareerOutcome,CAR-LAW-ONLINE-LEGAL-TEMP-D4244,SRC-LAW-LEGAL-MICRO-ENTRE-E00FA
CareerOutcome,CAR-LAW-ONLINE-LEGAL-TUTO-61B7A,SRC-LAW-FLEXIBLE-LEGAL-LI-D3FD4
CareerOutcome,CAR-LAW-OTT-MEDIA-COMPLIA-4E2AD,SRC-LAW-EMERGING-NICHE-IN-75172
CareerOutcome,CAR-LAW-PANCHAYAT-GOVERNA-167C8,SRC-LAW-EMERGING-NICHE-IN-7B681
CareerOutcome,CAR-LAW-PARALEGAL-6C0F7,SRC-LAW-CAREER-MASTER-57-6F057
CareerOutcome,CAR-LAW-PATENT-AGENT-4C402,SRC-LAW-CAREER-MASTER-24-C1597
CareerOutcome,CAR-LAW-PHARMA-REGULATORY-1877B,SRC-LAW-CAREER-MASTER-79-7C160
CareerOutcome,CAR-LAW-PODCAST-YOUTUBE-L-3BED7,SRC-LAW-EMERGING-NICHE-IN-FCB76
CareerOutcome,CAR-LAW-POLICE-LEGAL-ADVI-21B8E,SRC-LAW-CAREER-MASTER-35-F8686
CareerOutcome,CAR-LAW-POSH-AWARENESS-TR-BF737,SRC-LAW-FLEXIBLE-LEGAL-LI-D5EBF
CareerOutcome,CAR-LAW-PUBLIC-POLICY-DRA-CDEE9,SRC-LAW-EMERGING-NICHE-IN-4CBC8
CareerOutcome,CAR-LAW-PUBLIC-PROSECUTOR-EEB1E,SRC-LAW-CAREER-MASTER-6-883AB
CareerOutcome,CAR-LAW-REAL-ESTATE-LAWYE-B402D,SRC-LAW-CAREER-MASTER-49-11282
CareerOutcome,CAR-LAW-REGIONAL-LANGUAGE-9898A,SRC-LAW-EMERGING-NICHE-IN-CDF72
CareerOutcome,CAR-LAW-REGULATORY-AFFAIR-CFC00,SRC-LAW-CAREER-MASTER-38-63D31
CareerOutcome,CAR-LAW-RESOLUTION-PROFES-53CB7,SRC-LAW-CAREER-MASTER-44-B5C16
CareerOutcome,CAR-LAW-RTI-CONSULTANT-7B7F5,SRC-LAW-FLEXIBLE-LEGAL-LI-0F107
CareerOutcome,CAR-LAW-SANCTIONS-AML-COM-5D8EF,SRC-LAW-CAREER-MASTER-88-3B9CA
CareerOutcome,CAR-LAW-SECURITIES-LAWYER-7BA13,SRC-LAW-CAREER-MASTER-41-D3D45
CareerOutcome,CAR-LAW-SMART-CONTRACT-BL-71F10,SRC-LAW-CAREER-MASTER-60-D290E
CareerOutcome,CAR-LAW-SMART-CONTRACT-DO-ABEBF,SRC-LAW-EMERGING-NICHE-IN-E2642
CareerOutcome,CAR-LAW-SPACE-LAW-SATELLI-C6ECE,SRC-LAW-CAREER-MASTER-82-E8BB0
CareerOutcome,CAR-LAW-SPORTS-LAWYER-F3ED4,SRC-LAW-CAREER-MASTER-27-FC4C5
CareerOutcome,CAR-LAW-STARTUP-LEGAL-CON-A5C73,SRC-LAW-LAW-DIGITAL-ECONO-91AEE
CareerOutcome,CAR-LAW-TAX-LAWYER-2CDFC,SRC-LAW-CAREER-MASTER-28-6AC79
CareerOutcome,CAR-LAW-TEMPLE-TRUST-GOVE-0BC6E,SRC-LAW-EMERGING-NICHE-IN-E5910
CareerOutcome,CAR-LAW-TRADEMARK-ATTORNE-49DC4,SRC-LAW-CAREER-MASTER-25-7E39F
CareerOutcome,CAR-LAW-VIRTUAL-LEGAL-ASS-CAA4A,SRC-LAW-FLEXIBLE-LEGAL-LI-AADB2
CareerOutcome,CAR-LAW-VIRTUAL-REALITY-L-07DD5,SRC-LAW-EMERGING-NICHE-IN-1E255
CareerOutcome,CAR-LAW-WAQF-RELIGIOUS-EN-3DF90,SRC-LAW-EMERGING-NICHE-IN-B72F2
CareerOutcome,CAR-LAW-WATER-GOVERNANCE-7F0B7,SRC-LAW-EMERGING-NICHE-IN-C9E49
CareerOutcome,CAR-LAW-WHITE-COLLAR-CRIM-ED310,SRC-LAW-CAREER-MASTER-89-19DB4
CareerOutcome,CAR-LAW-WORKPLACE-CONFLIC-AFBD2,SRC-LAW-LAW-COUNSELLING-3-57677
CareerOutcome,CAR-MGT-ADVENTURE-TOURISM-27F39,SRC-MGT-REGIONAL-RESOURCE-CCED3
CareerOutcome,CAR-MGT-AGRI-DRONE-BUSINE-8B65A,SRC-MGT-REGIONAL-RESOURCE-B1014
CareerOutcome,CAR-MGT-AGRI-SAAS-CUSTOME-7C721,SRC-MGT-REGIONAL-RESOURCE-372AE
CareerOutcome,CAR-MGT-AGRIBUSINESS-MANA-E5786,SRC-MGT-CAREER-MASTER-19-C1652
CareerOutcome,CAR-MGT-AGRIBUSINESS-MANA-E5786,SRC-MGT-SECTOR-MANAGEMENT-CACA1
CareerOutcome,CAR-MGT-AI-GOVERNANCE-OPE-DD97D,SRC-MGT-REGIONAL-RESOURCE-A6E1C
CareerOutcome,CAR-MGT-AI-STRATEGY-ASSOC-2F844,SRC-MGT-AI-ERA-MANAGEMENT-A2F8E
CareerOutcome,CAR-MGT-AI-STRATEGY-ASSOC-2F844,SRC-MGT-CAREER-MASTER-53-67F5C
CareerOutcome,CAR-MGT-AI-STRATEGY-ASSOC-2F844,SRC-MGT-TECHNO-DRIVEN-CAR-F8AE5
CareerOutcome,CAR-MGT-AI-WORKFLOW-OPERA-6FB26,SRC-MGT-REGIONAL-RESOURCE-E156D
CareerOutcome,CAR-MGT-AQUACULTURE-ENTER-0828C,SRC-MGT-REGIONAL-RESOURCE-18CE3
CareerOutcome,CAR-MGT-AVIATION-OPERATIO-CDF62,SRC-MGT-AI-ERA-MANAGEMENT-AD102
CareerOutcome,CAR-MGT-AVIATION-OPERATIO-CDF62,SRC-MGT-CAREER-MASTER-17-7B234
CareerOutcome,CAR-MGT-AVIATION-OPERATIO-CDF62,SRC-MGT-SECTOR-MANAGEMENT-F5F88
CareerOutcome,CAR-MGT-AVIATION-OPERATIO-CDF62,SRC-MGT-TRADITIONAL-CAREE-6E59C
CareerOutcome,CAR-MGT-BAMBOO-CANE-ENTER-F15B7,SRC-MGT-REGIONAL-RESOURCE-29933
CareerOutcome,CAR-MGT-BANKING-OPERATION-0AD48,SRC-MGT-CAREER-MASTER-59-CF3A1
CareerOutcome,CAR-MGT-BANKING-OPERATION-0AD48,SRC-MGT-TRADITIONAL-CAREE-272B7
CareerOutcome,CAR-MGT-BEHAVIORAL-ECONOM-AC841,SRC-MGT-EMERGING-NICHE-IN-F8AEA
CareerOutcome,CAR-MGT-BRAND-PARTNERSHIP-A9F9A,SRC-MGT-CAREER-MASTER-51-C496D
CareerOutcome,CAR-MGT-BRAND-PARTNERSHIP-A9F9A,SRC-MGT-SECTOR-MANAGEMENT-9E12D
CareerOutcome,CAR-MGT-BUSINESS-ANALYST-2CDD6,SRC-MGT-AI-ERA-MANAGEMENT-F6B91
CareerOutcome,CAR-MGT-BUSINESS-ANALYST-2CDD6,SRC-MGT-CAREER-MASTER-11-1963E
CareerOutcome,CAR-MGT-BUSINESS-ANALYST-2CDD6,SRC-MGT-TECHNO-DRIVEN-CAR-870ED
CareerOutcome,CAR-MGT-BUSINESS-CONTENT-78C6E,SRC-MGT-SHADOW-CAREERS-MB-32A72
CareerOutcome,CAR-MGT-BUSINESS-DEVELOPM-83F00,SRC-MGT-AI-ERA-MANAGEMENT-86A94
CareerOutcome,CAR-MGT-BUSINESS-DEVELOPM-83F00,SRC-MGT-CAREER-MASTER-4-34C36
CareerOutcome,CAR-MGT-BUSINESS-DEVELOPM-83F00,SRC-MGT-SECTOR-MANAGEMENT-64905
CareerOutcome,CAR-MGT-BUSINESS-DEVELOPM-83F00,SRC-MGT-SKILL-NON-MBA-3-6D7B0
CareerOutcome,CAR-MGT-BUSINESS-DEVELOPM-83F00,SRC-MGT-TECHNO-DRIVEN-CAR-0F281
CareerOutcome,CAR-MGT-BUSINESS-PLAN-COM-7A69E,SRC-MGT-SHADOW-CAREERS-MB-9436B
CareerOutcome,CAR-MGT-BUSINESS-RESEARCH-30F74,SRC-MGT-LOW-INVESTMENT-EN-E876A
CareerOutcome,CAR-MGT-BUSINESS-RESEARCH-9C4B3,SRC-MGT-CAREER-MASTER-40-85A9B
CareerOutcome,CAR-MGT-BUSINESS-RESEARCH-9C4B3,SRC-MGT-SKILL-NON-MBA-12-A5110
CareerOutcome,CAR-MGT-BUSINESS-RESEARCH-FAE35,SRC-MGT-MGMT-LIVELIHOOD-9-57390
CareerOutcome,CAR-MGT-BUSINESS-WRITING-DF807,SRC-MGT-SHADOW-CAREERS-MB-C8395
CareerOutcome,CAR-MGT-CARBON-MARKET-OPE-5FE43,SRC-MGT-REGIONAL-RESOURCE-8BFA7
CareerOutcome,CAR-MGT-CASE-COMPETITION-ED431,SRC-MGT-SHADOW-CAREERS-MB-40CA4
CareerOutcome,CAR-MGT-CIRCULAR-ECONOMY-311D7,SRC-MGT-EMERGING-NICHE-IN-20D58
CareerOutcome,CAR-MGT-CLIMATE-BUSINESS-B20D7,SRC-MGT-EMERGING-NICHE-IN-27DD0
CareerOutcome,CAR-MGT-COASTAL-TOURISM-O-467CB,SRC-MGT-REGIONAL-RESOURCE-F6A54
CareerOutcome,CAR-MGT-COLLEGE-INSTITUTI-8D9B1,SRC-MGT-CAREER-MASTER-65-A62B4
CareerOutcome,CAR-MGT-COLLEGE-INSTITUTI-8D9B1,SRC-MGT-SECTOR-MANAGEMENT-4F282
CareerOutcome,CAR-MGT-COMMUNITY-MANAGEM-AAA7C,SRC-MGT-LOW-INVESTMENT-EN-78C4D
CareerOutcome,CAR-MGT-COMMUNITY-MANAGER-5EE4E,SRC-MGT-AI-ERA-MANAGEMENT-FFC7C
CareerOutcome,CAR-MGT-COMMUNITY-MANAGER-5EE4E,SRC-MGT-CAREER-MASTER-34-CC07F
CareerOutcome,CAR-MGT-COMMUNITY-MANAGER-5EE4E,SRC-MGT-SKILL-NON-MBA-10-9B95F
CareerOutcome,CAR-MGT-COMMUNITY-MANAGER-5EE4E,SRC-MGT-TECHNO-DRIVEN-CAR-DED69
CareerOutcome,CAR-MGT-COMMUNITY-MONETIZ-7F563,SRC-MGT-REGIONAL-RESOURCE-C612E
CareerOutcome,CAR-MGT-COMPLIANCE-MANAGE-FBD21,SRC-MGT-CAREER-MASTER-61-8FD57
CareerOutcome,CAR-MGT-CORPORATE-COMMUNI-566A7,SRC-MGT-CAREER-MASTER-42-B19DA
CareerOutcome,CAR-MGT-CORPORATE-RESUME-8B8D5,SRC-MGT-SHADOW-CAREERS-MB-7472D
CareerOutcome,CAR-MGT-CORPORATE-TRAINER-5850D,SRC-MGT-SHADOW-CAREERS-MB-F6C3E
CareerOutcome,CAR-MGT-CORPORATE-TRAININ-A9848,SRC-MGT-MGMT-LIVELIHOOD-1-B9305
CareerOutcome,CAR-MGT-COURSE-LAUNCH-MAN-D0D75,SRC-MGT-MGMT-LIVELIHOOD-1-A7884
CareerOutcome,CAR-MGT-COURSE-LAUNCH-WEB-7A45F,SRC-MGT-LOW-INVESTMENT-EN-B9E91
CareerOutcome,CAR-MGT-CREATOR-BUSINESS-94AD8,SRC-MGT-CAREER-MASTER-33-814C4
CareerOutcome,CAR-MGT-CREATOR-BUSINESS-94AD8,SRC-MGT-SKILL-NON-MBA-9-2243D
CareerOutcome,CAR-MGT-CREATOR-ECONOMY-B-C700B,SRC-MGT-REGIONAL-RESOURCE-35BCB
CareerOutcome,CAR-MGT-CREATOR-ECONOMY-M-FF116,SRC-MGT-EMERGING-NICHE-IN-78AFD
CareerOutcome,CAR-MGT-CREATOR-INFLUENCE-2BFE9,SRC-MGT-MGMT-LIVELIHOOD-8-87052
CareerOutcome,CAR-MGT-CREATOR-OPERATION-0C158,SRC-MGT-LOW-INVESTMENT-EN-C7493
CareerOutcome,CAR-MGT-CRM-SETUP-SALES-F-6C3EC,SRC-MGT-MGMT-LIVELIHOOD-5-37C61
CareerOutcome,CAR-MGT-CSR-MANAGER-58D10,SRC-MGT-AI-ERA-MANAGEMENT-043AF
CareerOutcome,CAR-MGT-CSR-MANAGER-58D10,SRC-MGT-CAREER-MASTER-44-A0718
CareerOutcome,CAR-MGT-CSR-MANAGER-58D10,SRC-MGT-SECTOR-MANAGEMENT-6CF02
CareerOutcome,CAR-MGT-CULTURAL-ENTERPRI-C4EE8,SRC-MGT-CAREER-MASTER-66-FE72F
CareerOutcome,CAR-MGT-CULTURAL-ENTERPRI-C4EE8,SRC-MGT-EMERGING-NICHE-IN-18F85
CareerOutcome,CAR-MGT-CUSTOMER-SUCCESS-B41B2,SRC-MGT-AI-ERA-MANAGEMENT-AADDA
CareerOutcome,CAR-MGT-CUSTOMER-SUCCESS-B41B2,SRC-MGT-CAREER-MASTER-28-AF31B
CareerOutcome,CAR-MGT-CUSTOMER-SUCCESS-B41B2,SRC-MGT-SKILL-NON-MBA-4-E5F61
CareerOutcome,CAR-MGT-CUSTOMER-SUCCESS-B41B2,SRC-MGT-TECHNO-DRIVEN-CAR-F48EE
CareerOutcome,CAR-MGT-DAIRY-COOPERATIVE-99059,SRC-MGT-REGIONAL-RESOURCE-3EF5B
CareerOutcome,CAR-MGT-DEVELOPMENT-SECTO-C1E22,SRC-MGT-CAREER-MASTER-20-73C93
CareerOutcome,CAR-MGT-DEVELOPMENT-SECTO-C1E22,SRC-MGT-SECTOR-MANAGEMENT-D6C8A
CareerOutcome,CAR-MGT-DIGITAL-MARKETING-EB1C2,SRC-MGT-LOW-INVESTMENT-EN-01C13
CareerOutcome,CAR-MGT-DIGITAL-TRANSFORM-71647,SRC-MGT-AI-ERA-MANAGEMENT-B18A7
CareerOutcome,CAR-MGT-DIGITAL-TRANSFORM-71647,SRC-MGT-CAREER-MASTER-56-71970
CareerOutcome,CAR-MGT-DIGITAL-TRANSFORM-71647,SRC-MGT-TECHNO-DRIVEN-CAR-3FA96
CareerOutcome,CAR-MGT-DISASTER-RELIEF-S-6C0E6,SRC-MGT-REGIONAL-RESOURCE-2D86C
CareerOutcome,CAR-MGT-E-COMMERCE-MARKET-15971,SRC-MGT-LOW-INVESTMENT-EN-FCC9A
CareerOutcome,CAR-MGT-E-COMMERCE-OPERAT-8A100,SRC-MGT-CAREER-MASTER-32-42850
CareerOutcome,CAR-MGT-E-COMMERCE-OPERAT-8A100,SRC-MGT-SKILL-NON-MBA-8-09679
CareerOutcome,CAR-MGT-E-COMMERCE-OPERAT-8A100,SRC-MGT-TECHNO-DRIVEN-CAR-10D41
CareerOutcome,CAR-MGT-E-COMMERCE-OPERAT-8A100,SRC-MGT-TRADITIONAL-CAREE-3805B
CareerOutcome,CAR-MGT-E-COMMERCE-STORE-B612C,SRC-MGT-MGMT-LIVELIHOOD-4-E6DC1
CareerOutcome,CAR-MGT-EDUCATION-BUSINES-5B626,SRC-MGT-EMERGING-NICHE-IN-F0DD8
CareerOutcome,CAR-MGT-EDUCATION-EDTECH-76C67,SRC-MGT-AI-ERA-MANAGEMENT-C473E
CareerOutcome,CAR-MGT-EDUCATION-EDTECH-76C67,SRC-MGT-CAREER-MASTER-21-EE8BC
CareerOutcome,CAR-MGT-EDUCATION-EDTECH-76C67,SRC-MGT-SECTOR-MANAGEMENT-6AED4
CareerOutcome,CAR-MGT-ETHICAL-AI-ADOPTI-67769,SRC-MGT-EMERGING-NICHE-IN-E1226
CareerOutcome,CAR-MGT-EVENT-COORDINATIO-E1D84,SRC-MGT-LOW-INVESTMENT-EN-E907D
CareerOutcome,CAR-MGT-EVENT-MANAGER-F2CE5,SRC-MGT-CAREER-MASTER-15-144C0
CareerOutcome,CAR-MGT-EVENT-PRODUCTION-4554A,SRC-MGT-MGMT-LIVELIHOOD-7-0F5DB
CareerOutcome,CAR-MGT-EXECUTIVE-INTERVI-A0903,SRC-MGT-SHADOW-CAREERS-MB-301AE
CareerOutcome,CAR-MGT-FAITH-BASED-TEMPL-E02CB,SRC-MGT-EMERGING-NICHE-IN-BAD4D
CareerOutcome,CAR-MGT-FAMILY-BUSINESS-M-D9030,SRC-MGT-CAREER-MASTER-36-46F19
CareerOutcome,CAR-MGT-FAMILY-BUSINESS-M-D9030,SRC-MGT-ENTREPRENEURSHIP-8183A
CareerOutcome,CAR-MGT-FESTIVAL-AND-MEGA-091FA,SRC-MGT-REGIONAL-RESOURCE-0CA9A
CareerOutcome,CAR-MGT-FINANCE-MANAGER-A60F1,SRC-MGT-CAREER-MASTER-6-0C190
CareerOutcome,CAR-MGT-FINANCE-MANAGER-A60F1,SRC-MGT-TRADITIONAL-CAREE-4C7B0
CareerOutcome,CAR-MGT-FISHERY-BUSINESS-47310,SRC-MGT-REGIONAL-RESOURCE-74F00
CareerOutcome,CAR-MGT-FOOD-PROCESSING-M-99EE5,SRC-MGT-REGIONAL-RESOURCE-908AB
CareerOutcome,CAR-MGT-FPO-MANAGEMENT-PR-C061B,SRC-MGT-REGIONAL-RESOURCE-3FF75
CareerOutcome,CAR-MGT-FPO-RURAL-ENTERPR-61CDA,SRC-MGT-LOW-INVESTMENT-EN-9E2F2
CareerOutcome,CAR-MGT-FRANCHISE-BUSINES-B86AF,SRC-MGT-CAREER-MASTER-37-9A1E9
CareerOutcome,CAR-MGT-FRANCHISE-BUSINES-B86AF,SRC-MGT-ENTREPRENEURSHIP-8B7F1
CareerOutcome,CAR-MGT-FRANCHISE-BUSINES-B86AF,SRC-MGT-TRADITIONAL-CAREE-E5133
CareerOutcome,CAR-MGT-FRANCHISE-EXPANSI-53DF9,SRC-MGT-EMERGING-NICHE-IN-29662
CareerOutcome,CAR-MGT-FRANCHISE-FEASIBI-9DB04,SRC-MGT-MGMT-LIVELIHOOD-1-65722
CareerOutcome,CAR-MGT-FRANCHISE-LOCAL-E-43E0F,SRC-MGT-LOW-INVESTMENT-EN-2A9B2
CareerOutcome,CAR-MGT-FREELANCE-DIGITAL-708A8,SRC-MGT-MGMT-LIVELIHOOD-3-DDBC7
CareerOutcome,CAR-MGT-FUNDRAISING-INVES-65E20,SRC-MGT-AI-ERA-MANAGEMENT-F6DAE
CareerOutcome,CAR-MGT-FUNDRAISING-INVES-65E20,SRC-MGT-CAREER-MASTER-55-C09E2
CareerOutcome,CAR-MGT-FUNDRAISING-INVES-65E20,SRC-MGT-ENTREPRENEURSHIP-6820B
CareerOutcome,CAR-MGT-GI-PRODUCT-MARKET-6FE1E,SRC-MGT-REGIONAL-RESOURCE-B8390
CareerOutcome,CAR-MGT-GREEN-SUPPLY-CHAI-47F85,SRC-MGT-REGIONAL-RESOURCE-F0556
CareerOutcome,CAR-MGT-GROWTH-MANAGER-FCC6B,SRC-MGT-AI-ERA-MANAGEMENT-6ED3A
CareerOutcome,CAR-MGT-GROWTH-MANAGER-FCC6B,SRC-MGT-CAREER-MASTER-31-5B060
CareerOutcome,CAR-MGT-GROWTH-MANAGER-FCC6B,SRC-MGT-SKILL-NON-MBA-7-FC5A4
CareerOutcome,CAR-MGT-GROWTH-MANAGER-FCC6B,SRC-MGT-TECHNO-DRIVEN-CAR-9DED9
CareerOutcome,CAR-MGT-HANDLOOM-CLUSTER-25E75,SRC-MGT-REGIONAL-RESOURCE-80C8B
CareerOutcome,CAR-MGT-HERBAL-PRODUCT-BU-E4FEF,SRC-MGT-REGIONAL-RESOURCE-1292E
CareerOutcome,CAR-MGT-HERITAGE-EXPERIEN-255C8,SRC-MGT-CAREER-MASTER-67-A5F2E
CareerOutcome,CAR-MGT-HOSPITAL-ADMINIST-F32A2,SRC-MGT-CAREER-MASTER-13-91065
CareerOutcome,CAR-MGT-HOSPITAL-ADMINIST-F32A2,SRC-MGT-SECTOR-MANAGEMENT-310EC
CareerOutcome,CAR-MGT-HOTEL-HOSPITALITY-3F749,SRC-MGT-CAREER-MASTER-14-4D11C
CareerOutcome,CAR-MGT-HOTEL-HOSPITALITY-3F749,SRC-MGT-SECTOR-MANAGEMENT-377E1
CareerOutcome,CAR-MGT-HR-RECRUITER-RECR-62863,SRC-MGT-CAREER-MASTER-39-6442C
CareerOutcome,CAR-MGT-HR-RECRUITER-RECR-62863,SRC-MGT-SKILL-NON-MBA-11-3FAAE
CareerOutcome,CAR-MGT-HR-RECRUITER-RECR-62863,SRC-MGT-TRADITIONAL-CAREE-66FAE
CareerOutcome,CAR-MGT-HUMAN-RESOURCE-MA-2A4AA,SRC-MGT-CAREER-MASTER-7-5C5EE
CareerOutcome,CAR-MGT-HUMAN-RESOURCE-MA-2A4AA,SRC-MGT-TRADITIONAL-CAREE-8F668
CareerOutcome,CAR-MGT-INFLUENCER-FRAUD-85124,SRC-MGT-EMERGING-NICHE-IN-7C4E8
CareerOutcome,CAR-MGT-INSTITUTIONAL-SAL-51A32,SRC-MGT-CAREER-MASTER-62-D65AD
CareerOutcome,CAR-MGT-INSTITUTIONAL-SAL-51A32,SRC-MGT-SKILL-NON-MBA-17-0B48A
CareerOutcome,CAR-MGT-INSURANCE-BUSINES-A40A5,SRC-MGT-CAREER-MASTER-46-1ACE7
CareerOutcome,CAR-MGT-INSURANCE-BUSINES-A40A5,SRC-MGT-SKILL-NON-MBA-14-4A9AC
CareerOutcome,CAR-MGT-INTERNATIONAL-TRA-05CDA,SRC-MGT-CAREER-MASTER-57-98F22
CareerOutcome,CAR-MGT-INTERNATIONAL-TRA-05CDA,SRC-MGT-SECTOR-MANAGEMENT-29B14
CareerOutcome,CAR-MGT-KIRANA-DIGITIZATI-CC3BC,SRC-MGT-REGIONAL-RESOURCE-199B8
CareerOutcome,CAR-MGT-LINKEDIN-BRANDING-8C5AC,SRC-MGT-LOW-INVESTMENT-EN-1C787
CareerOutcome,CAR-MGT-LINKEDIN-BRANDING-A46ED,SRC-MGT-MGMT-LIVELIHOOD-1-A7CEA
CareerOutcome,CAR-MGT-LOCAL-BUSINESS-DI-AABB7,SRC-MGT-LOW-INVESTMENT-EN-844FB
CareerOutcome,CAR-MGT-LOCAL-EXPERIENCE-95C4A,SRC-MGT-REGIONAL-RESOURCE-E8D62
CareerOutcome,CAR-MGT-LOGISTICS-PORT-OP-27BE8,SRC-MGT-CAREER-MASTER-18-AEDC9
CareerOutcome,CAR-MGT-LOGISTICS-PORT-OP-27BE8,SRC-MGT-SECTOR-MANAGEMENT-88640
CareerOutcome,CAR-MGT-LOGISTICS-PORT-OP-27BE8,SRC-MGT-TRADITIONAL-CAREE-BEAEB
CareerOutcome,CAR-MGT-LUXURY-BRAND-MANA-DA743,SRC-MGT-CAREER-MASTER-24-02988
CareerOutcome,CAR-MGT-MANAGEMENT-CONSUL-2D188,SRC-MGT-CAREER-MASTER-12-085C7
CareerOutcome,CAR-MGT-MANAGEMENT-CONSUL-2D188,SRC-MGT-TRADITIONAL-CAREE-4B9AD
CareerOutcome,CAR-MGT-MANAGEMENT-EDUCAT-90495,SRC-MGT-SHADOW-CAREERS-MB-ACDC1
CareerOutcome,CAR-MGT-MANAGEMENT-RESEAR-B4C87,SRC-MGT-SHADOW-CAREERS-MB-298A6
CareerOutcome,CAR-MGT-MANAGEMENT-TRAINE-8A562,SRC-MGT-AI-ERA-MANAGEMENT-C1CB4
CareerOutcome,CAR-MGT-MANAGEMENT-TRAINE-8A562,SRC-MGT-CAREER-MASTER-3-700A9
CareerOutcome,CAR-MGT-MANAGEMENT-TRAINE-8A562,SRC-MGT-TRADITIONAL-CAREE-DCFEA
CareerOutcome,CAR-MGT-MARKETING-MANAGER-0A49B,SRC-MGT-CAREER-MASTER-5-88AD4
CareerOutcome,CAR-MGT-MARKETING-MANAGER-0A49B,SRC-MGT-TECHNO-DRIVEN-CAR-BF409
CareerOutcome,CAR-MGT-MARKETING-MANAGER-0A49B,SRC-MGT-TRADITIONAL-CAREE-F230E
CareerOutcome,CAR-MGT-MBA-ADMISSIONS-CO-676E5,SRC-MGT-SHADOW-CAREERS-MB-00D37
CareerOutcome,CAR-MGT-MBA-PLACEMENT-PRO-7273C,SRC-MGT-SHADOW-CAREERS-MB-174F2
CareerOutcome,CAR-MGT-MEDIA-BUSINESS-MA-44B7B,SRC-MGT-AI-ERA-MANAGEMENT-70704
CareerOutcome,CAR-MGT-MEDIA-BUSINESS-MA-44B7B,SRC-MGT-CAREER-MASTER-25-BBB7C
CareerOutcome,CAR-MGT-MEDIA-BUSINESS-MA-44B7B,SRC-MGT-SECTOR-MANAGEMENT-C2F9E
CareerOutcome,CAR-MGT-MERCHANDISING-MAN-6375A,SRC-MGT-AI-ERA-MANAGEMENT-C0246
CareerOutcome,CAR-MGT-MERCHANDISING-MAN-6375A,SRC-MGT-CAREER-MASTER-63-7BF73
CareerOutcome,CAR-MGT-MERCHANDISING-MAN-6375A,SRC-MGT-TRADITIONAL-CAREE-87448
CareerOutcome,CAR-MGT-MOUNTAIN-ECO-TOUR-A609E,SRC-MGT-REGIONAL-RESOURCE-DE331
CareerOutcome,CAR-MGT-MSME-BUSINESS-DIG-1C374,SRC-MGT-CAREER-MASTER-38-C6C46
CareerOutcome,CAR-MGT-MSME-BUSINESS-DIG-1C374,SRC-MGT-ENTREPRENEURSHIP-5A817
CareerOutcome,CAR-MGT-MSME-BUSINESS-DIG-1C374,SRC-MGT-TRADITIONAL-CAREE-8979D
CareerOutcome,CAR-MGT-MSME-EXPORT-READI-7C7D2,SRC-MGT-EMERGING-NICHE-IN-779AC
CareerOutcome,CAR-MGT-MSME-OPERATIONS-A-F37DD,SRC-MGT-MGMT-LIVELIHOOD-1-394E5
CareerOutcome,CAR-MGT-MSME-PROCESS-DOCU-F55FC,SRC-MGT-LOW-INVESTMENT-EN-26A19
CareerOutcome,CAR-MGT-NEURO-MARKETING-R-AB04B,SRC-MGT-EMERGING-NICHE-IN-C0086
CareerOutcome,CAR-MGT-NO-CODE-AUTOMATIO-7F847,SRC-MGT-MGMT-LIVELIHOOD-1-4C0A7
CareerOutcome,CAR-MGT-NO-CODE-BUSINESS-555C6,SRC-MGT-AI-ERA-MANAGEMENT-31AB8
CareerOutcome,CAR-MGT-NO-CODE-BUSINESS-555C6,SRC-MGT-CAREER-MASTER-52-59044
CareerOutcome,CAR-MGT-NO-CODE-BUSINESS-555C6,SRC-MGT-SKILL-NON-MBA-15-F7544
CareerOutcome,CAR-MGT-NO-CODE-BUSINESS-555C6,SRC-MGT-TECHNO-DRIVEN-CAR-E02B5
CareerOutcome,CAR-MGT-NO-CODE-BUSINESS-555C6,SRC-MGT-TRADITIONAL-CAREE-BF5BD
CareerOutcome,CAR-MGT-ODOP-BRAND-AND-CL-5C1C0,SRC-MGT-REGIONAL-RESOURCE-F7DBE
CareerOutcome,CAR-MGT-ONDC-SELLER-ENABL-3B337,SRC-MGT-REGIONAL-RESOURCE-6F449
CareerOutcome,CAR-MGT-OPERATIONS-MANAGE-1508E,SRC-MGT-CAREER-MASTER-8-2DA5F
CareerOutcome,CAR-MGT-OPERATIONS-MANAGE-1508E,SRC-MGT-TRADITIONAL-CAREE-93932
CareerOutcome,CAR-MGT-ORGANIC-VALLEY-SU-141F6,SRC-MGT-REGIONAL-RESOURCE-FC2C4
CareerOutcome,CAR-MGT-ORNAMENTAL-FISH-B-5A8BD,SRC-MGT-REGIONAL-RESOURCE-92E13
CareerOutcome,CAR-MGT-PEARL-FARMING-ENT-173AF,SRC-MGT-REGIONAL-RESOURCE-CBF87
CareerOutcome,CAR-MGT-PERFORMANCE-MARKE-9C0D6,SRC-MGT-AI-ERA-MANAGEMENT-20192
CareerOutcome,CAR-MGT-PERFORMANCE-MARKE-9C0D6,SRC-MGT-CAREER-MASTER-30-FAAA5
CareerOutcome,CAR-MGT-PERFORMANCE-MARKE-9C0D6,SRC-MGT-SKILL-NON-MBA-6-9AA31
CareerOutcome,CAR-MGT-PERFORMANCE-MARKE-9C0D6,SRC-MGT-TECHNO-DRIVEN-CAR-90D43
CareerOutcome,CAR-MGT-PERFORMANCE-MARKE-9C0D6,SRC-MGT-TRADITIONAL-CAREE-93D58
CareerOutcome,CAR-MGT-PITCH-DECK-PRESEN-27951,SRC-MGT-MGMT-LIVELIHOOD-1-460C0
CareerOutcome,CAR-MGT-POLITICAL-CAMPAIG-1C07A,SRC-MGT-EMERGING-NICHE-IN-01CE6
CareerOutcome,CAR-MGT-POLITICAL-CAMPAIG-1C07A,SRC-MGT-REGIONAL-RESOURCE-0FB16
CareerOutcome,CAR-MGT-POLITICAL-CAMPAIG-87216,SRC-MGT-AI-ERA-MANAGEMENT-60736
CareerOutcome,CAR-MGT-POLITICAL-CAMPAIG-87216,SRC-MGT-CAREER-MASTER-43-CE2D6
CareerOutcome,CAR-MGT-PRESENTATION-PITC-DE4EB,SRC-MGT-LOW-INVESTMENT-EN-BEA6F
CareerOutcome,CAR-MGT-PROCUREMENT-MANAG-CAF11,SRC-MGT-CAREER-MASTER-48-2AB12
CareerOutcome,CAR-MGT-PROCUREMENT-MANAG-CAF11,SRC-MGT-TRADITIONAL-CAREE-5B21D
CareerOutcome,CAR-MGT-PRODUCT-MANAGER-8CA40,SRC-MGT-CAREER-MASTER-26-D9C60
CareerOutcome,CAR-MGT-PRODUCT-MANAGER-8CA40,SRC-MGT-TECHNO-DRIVEN-CAR-AA058
CareerOutcome,CAR-MGT-PRODUCT-OPERATION-E0976,SRC-MGT-AI-ERA-MANAGEMENT-816E7
CareerOutcome,CAR-MGT-PRODUCT-OPERATION-E0976,SRC-MGT-CAREER-MASTER-27-9EE6B
CareerOutcome,CAR-MGT-PRODUCT-OPERATION-E0976,SRC-MGT-TECHNO-DRIVEN-CAR-A07B0
CareerOutcome,CAR-MGT-PRODUCT-OPERATION-E0976,SRC-MGT-TRADITIONAL-CAREE-6FAD2
CareerOutcome,CAR-MGT-PROJECT-MANAGER-89F71,SRC-MGT-CAREER-MASTER-41-AD0D6
CareerOutcome,CAR-MGT-PROJECT-MANAGER-89F71,SRC-MGT-TRADITIONAL-CAREE-989D6
CareerOutcome,CAR-MGT-PROMPT-OPERATIONS-4B68D,SRC-MGT-AI-ERA-MANAGEMENT-EBD45
CareerOutcome,CAR-MGT-PROMPT-OPERATIONS-4B68D,SRC-MGT-CAREER-MASTER-54-B321A
CareerOutcome,CAR-MGT-PROMPT-OPERATIONS-4B68D,SRC-MGT-SKILL-NON-MBA-16-E1F70
CareerOutcome,CAR-MGT-PROMPT-OPERATIONS-4B68D,SRC-MGT-TECHNO-DRIVEN-CAR-26C6E
CareerOutcome,CAR-MGT-PROMPT-OPERATIONS-4B68D,SRC-MGT-TRADITIONAL-CAREE-3CB42
CareerOutcome,CAR-MGT-PUBLIC-HEALTH-OPE-FFB40,SRC-MGT-EMERGING-NICHE-IN-865E2
CareerOutcome,CAR-MGT-PUBLIC-MOBILITY-I-31F9C,SRC-MGT-REGIONAL-RESOURCE-DB74D
CareerOutcome,CAR-MGT-PUBLIC-NARRATIVE-F672D,SRC-MGT-CAREER-MASTER-69-AA7CD
CareerOutcome,CAR-MGT-PUBLIC-POLICY-MAN-F5ECE,SRC-MGT-CAREER-MASTER-22-A1352
CareerOutcome,CAR-MGT-PUBLIC-POLICY-MAN-F5ECE,SRC-MGT-SECTOR-MANAGEMENT-AC527
CareerOutcome,CAR-MGT-PUBLISHING-OPERAT-34F41,SRC-MGT-CAREER-MASTER-68-7B786
CareerOutcome,CAR-MGT-QUALITY-MANAGER-5D807,SRC-MGT-CAREER-MASTER-49-5C6BD
CareerOutcome,CAR-MGT-QUALITY-MANAGER-5D807,SRC-MGT-TRADITIONAL-CAREE-2D9E7
CareerOutcome,CAR-MGT-REAL-ESTATE-BUSIN-69FD2,SRC-MGT-AI-ERA-MANAGEMENT-5352F
CareerOutcome,CAR-MGT-REAL-ESTATE-BUSIN-69FD2,SRC-MGT-CAREER-MASTER-45-6E9FC
CareerOutcome,CAR-MGT-REAL-ESTATE-BUSIN-69FD2,SRC-MGT-SECTOR-MANAGEMENT-3BAFB
CareerOutcome,CAR-MGT-REAL-ESTATE-BUSIN-69FD2,SRC-MGT-SKILL-NON-MBA-13-89610
CareerOutcome,CAR-MGT-RECRUITMENT-CONSU-D9B1A,SRC-MGT-LOW-INVESTMENT-EN-C3FD1
CareerOutcome,CAR-MGT-RECRUITMENT-MICRO-89733,SRC-MGT-MGMT-LIVELIHOOD-6-E0988
CareerOutcome,CAR-MGT-RETAIL-STORE-MANA-4CBEF,SRC-MGT-AI-ERA-MANAGEMENT-76C84
CareerOutcome,CAR-MGT-RETAIL-STORE-MANA-4CBEF,SRC-MGT-CAREER-MASTER-10-82C96
CareerOutcome,CAR-MGT-RETAIL-STORE-MANA-4CBEF,SRC-MGT-TRADITIONAL-CAREE-2955A
CareerOutcome,CAR-MGT-REVENUE-OPERATION-E95EC,SRC-MGT-AI-ERA-MANAGEMENT-2A7DC
CareerOutcome,CAR-MGT-REVENUE-OPERATION-E95EC,SRC-MGT-CAREER-MASTER-29-BBB23
CareerOutcome,CAR-MGT-REVENUE-OPERATION-E95EC,SRC-MGT-SKILL-NON-MBA-5-54246
CareerOutcome,CAR-MGT-REVENUE-OPERATION-E95EC,SRC-MGT-TECHNO-DRIVEN-CAR-199BC
CareerOutcome,CAR-MGT-RISK-MANAGER-509DA,SRC-MGT-CAREER-MASTER-60-B9C74
CareerOutcome,CAR-MGT-RURAL-BPO-DIGITAL-6D843,SRC-MGT-REGIONAL-RESOURCE-BA488
CareerOutcome,CAR-MGT-RURAL-PLATFORM-OP-130B8,SRC-MGT-EMERGING-NICHE-IN-BC17B
CareerOutcome,CAR-MGT-RURAL-SPORTS-LEAG-6C970,SRC-MGT-REGIONAL-RESOURCE-7EFC9
CareerOutcome,CAR-MGT-SEAFOOD-EXPORT-OP-B707B,SRC-MGT-REGIONAL-RESOURCE-B6FFC
CareerOutcome,CAR-MGT-SEAWEED-BUSINESS-978AC,SRC-MGT-REGIONAL-RESOURCE-2C410
CareerOutcome,CAR-MGT-SENIOR-LIVING-OPE-FF684,SRC-MGT-REGIONAL-RESOURCE-99487
CareerOutcome,CAR-MGT-SHG-LIVELIHOOD-PR-5F9F6,SRC-MGT-REGIONAL-RESOURCE-06226
CareerOutcome,CAR-MGT-SMALL-BUSINESS-DI-CD57F,SRC-MGT-MGMT-LIVELIHOOD-1-94D00
CareerOutcome,CAR-MGT-SPICE-ROUTE-PLANT-629DB,SRC-MGT-REGIONAL-RESOURCE-182EC
CareerOutcome,CAR-MGT-SPIRITUAL-TOURISM-B52DE,SRC-MGT-EMERGING-NICHE-IN-9BF67
CareerOutcome,CAR-MGT-SPORTS-MANAGER-A7B03,SRC-MGT-CAREER-MASTER-16-AF516
CareerOutcome,CAR-MGT-SPORTS-MANAGER-A7B03,SRC-MGT-SECTOR-MANAGEMENT-5A25F
CareerOutcome,CAR-MGT-STARTUP-OPERATION-14C6F,SRC-MGT-CAREER-MASTER-35-B9945
CareerOutcome,CAR-MGT-STARTUP-OPERATION-14C6F,SRC-MGT-ENTREPRENEURSHIP-D79FD
CareerOutcome,CAR-MGT-STARTUP-PITCH-CON-09CCA,SRC-MGT-SHADOW-CAREERS-MB-D3B17
CareerOutcome,CAR-MGT-SUGAR-COOPERATIVE-B0CA7,SRC-MGT-REGIONAL-RESOURCE-752EA
CareerOutcome,CAR-MGT-SUPPLY-CHAIN-MANA-B5612,SRC-MGT-AI-ERA-MANAGEMENT-F273C
CareerOutcome,CAR-MGT-SUPPLY-CHAIN-MANA-B5612,SRC-MGT-CAREER-MASTER-9-A3E47
CareerOutcome,CAR-MGT-SUPPLY-CHAIN-MANA-B5612,SRC-MGT-TRADITIONAL-CAREE-76411
CareerOutcome,CAR-MGT-SUSTAINABILITY-ES-59CCB,SRC-MGT-AI-ERA-MANAGEMENT-35C39
CareerOutcome,CAR-MGT-SUSTAINABILITY-ES-59CCB,SRC-MGT-CAREER-MASTER-23-2B455
CareerOutcome,CAR-MGT-TALENT-MANAGER-86560,SRC-MGT-CAREER-MASTER-64-0F635
CareerOutcome,CAR-MGT-TALENT-MANAGER-86560,SRC-MGT-SECTOR-MANAGEMENT-5FBBC
CareerOutcome,CAR-MGT-TALENT-MANAGER-86560,SRC-MGT-SKILL-NON-MBA-18-17E31
CareerOutcome,CAR-MGT-TEA-ESTATE-PLANTA-EB170,SRC-MGT-REGIONAL-RESOURCE-50A0F
CareerOutcome,CAR-MGT-TEMPLE-ADMINISTRA-ED936,SRC-MGT-REGIONAL-RESOURCE-EDAB5
CareerOutcome,CAR-MGT-TOURISM-BUSINESS-9B974,SRC-MGT-CAREER-MASTER-58-87D02
CareerOutcome,CAR-MGT-TOURISM-BUSINESS-9B974,SRC-MGT-SECTOR-MANAGEMENT-1813C
CareerOutcome,CAR-MGT-TRAINING-DEVELOPM-177E0,SRC-MGT-AI-ERA-MANAGEMENT-4C987
CareerOutcome,CAR-MGT-TRAINING-DEVELOPM-177E0,SRC-MGT-CAREER-MASTER-50-459BC
CareerOutcome,CAR-MGT-TRAINING-DEVELOPM-177E0,SRC-MGT-SECTOR-MANAGEMENT-2ACAF
CareerOutcome,CAR-MGT-TRIBAL-ENTERPRISE-EFBAA,SRC-MGT-REGIONAL-RESOURCE-C5C90
CareerOutcome,CAR-MGT-VERNACULAR-DIGITA-230F8,SRC-MGT-REGIONAL-RESOURCE-A4343
CareerOutcome,CAR-MGT-VIRTUAL-BUSINESS-F3C6A,SRC-MGT-LOW-INVESTMENT-EN-C5E29
CareerOutcome,CAR-MGT-WASTE-ECONOMY-CIR-83729,SRC-MGT-REGIONAL-RESOURCE-B0FB6
CareerOutcome,CAR-MGT-WATER-RESOURCE-US-2BF9E,SRC-MGT-REGIONAL-RESOURCE-73759
CareerOutcome,CAR-MGT-WEALTH-MANAGEMENT-D530C,SRC-MGT-CAREER-MASTER-47-AC993
CareerOutcome,CAR-MGT-YOGA-WELLNESS-RET-2E73E,SRC-MGT-REGIONAL-RESOURCE-FDDF0
CareerOutcome,CAR-SCI-4-YEAR-SERVICE-89A9F,SRC-SCI-DEFENCE-38-65E33
CareerOutcome,CAR-SCI-AC-TECHNICIAN-E01C7,SRC-SCI-VOCATIONAL-18-8F88A
CareerOutcome,CAR-SCI-ACCESSIBILITY-INC-D2B35,SRC-SCI-DESIGN-156-84D78
CareerOutcome,CAR-SCI-ACTUARIAL-SCIENCE-EFF21,SRC-SCI-DATA-ANALYTICS-83-BFFAF
CareerOutcome,CAR-SCI-AEROSPACE-942B9,SRC-SCI-ENGINEERING-102-EF21A
CareerOutcome,CAR-SCI-AEROSPACE-ENGINEE-EA0D5,SRC-SCI-AVIATION-23-5045B
CareerOutcome,CAR-SCI-AGRI-TECHNICIAN-D253F,SRC-SCI-VOCATIONAL-47-4760F
CareerOutcome,CAR-SCI-AGRICULTURAL-ENGI-245F4,SRC-SCI-ENGINEERING-292-3C447
CareerOutcome,CAR-SCI-AGRICULTURE-SCIEN-8D2D0,SRC-SCI-PURE-SCIENCE-69-919DD
CareerOutcome,CAR-SCI-AI-ENGINEER-F5949,SRC-SCI-DATA-ANALYTICS-23-24B97
CareerOutcome,CAR-SCI-AI-RESEARCHER-A10E1,SRC-SCI-DATA-ANALYTICS-43-E8EF1
CareerOutcome,CAR-SCI-AIRCRAFT-DESIGNER-7E8AE,SRC-SCI-AVIATION-27-B2333
CareerOutcome,CAR-SCI-AIRLINE-MANAGER-ACB24,SRC-SCI-AVIATION-41-93D8E
CareerOutcome,CAR-SCI-AIRLINE-PILOT-62737,SRC-SCI-AVIATION-7-63810
CareerOutcome,CAR-SCI-AIRMAN-CC1A2,SRC-SCI-DEFENCE-30-F4DF9
CareerOutcome,CAR-SCI-AIRPORT-FIRE-STAF-B1788,SRC-SCI-AVIATION-49-8CFBA
CareerOutcome,CAR-SCI-AIRPORT-OFFICER-3CFC6,SRC-SCI-AVIATION-47-02472
CareerOutcome,CAR-SCI-AIRPORT-OPS-3E907,SRC-SCI-AVIATION-43-44091
CareerOutcome,CAR-SCI-AME-A44BC,SRC-SCI-AVIATION-21-18612
CareerOutcome,CAR-SCI-ANALYTICS-ENGINEE-50BF8,SRC-SCI-DATA-ANALYTICS-53-DDFAC
CareerOutcome,CAR-SCI-ANESTHESIA-5E3A1,SRC-SCI-MEDICINE-22-8622F
CareerOutcome,CAR-SCI-ANIMATION-59153,SRC-SCI-DESIGN-39-3A623
CareerOutcome,CAR-SCI-ARCHITECTURE-E3E9E,SRC-SCI-DESIGN-63-493BE
CareerOutcome,CAR-SCI-ARMY-OFFICER-F8BFE,SRC-SCI-DEFENCE-14-47A4B
CareerOutcome,CAR-SCI-ARMY-OFFICER-F8BFE,SRC-SCI-DEFENCE-5-92CBF
CareerOutcome,CAR-SCI-ARTIFICIAL-INTELL-50A54,SRC-SCI-ENGINEERING-62-30AD4
CareerOutcome,CAR-SCI-ASSISTANT-DF458,SRC-SCI-VOCATIONAL-43-85C99
CareerOutcome,CAR-SCI-ASTROPHYSICS-043F6,SRC-SCI-PURE-SCIENCE-57-A9178
CareerOutcome,CAR-SCI-ATC-AF747,SRC-SCI-AVIATION-53-3F363
CareerOutcome,CAR-SCI-AUTO-TECHNICIAN-9F2E1,SRC-SCI-VOCATIONAL-15-ED57A
CareerOutcome,CAR-SCI-AUTOMOBILE-ENGINE-986E6,SRC-SCI-ENGINEERING-142-C8A6D
CareerOutcome,CAR-SCI-AVIATION-FINANCE-EBB7C,SRC-SCI-AVIATION-63-A24AB
CareerOutcome,CAR-SCI-AVIATION-LAWYER-4C22F,SRC-SCI-AVIATION-57-81662
CareerOutcome,CAR-SCI-AVIONICS-ENGINEER-41CB0,SRC-SCI-AVIATION-25-86B84
CareerOutcome,CAR-SCI-AYURVEDA-BAMS-90531,SRC-SCI-MEDICINE-37-6734D
CareerOutcome,CAR-SCI-BI-ENGINEER-0CE64,SRC-SCI-DATA-ANALYTICS-58-28D8E
CareerOutcome,CAR-SCI-BIOCHEMISTRY-6BACF,SRC-SCI-PURE-SCIENCE-33-DECBF
CareerOutcome,CAR-SCI-BIOLOGY-FF9D0,SRC-SCI-PURE-SCIENCE-12-31A7E
CareerOutcome,CAR-SCI-BIOMEDICAL-ENGINE-8D23F,SRC-SCI-ENGINEERING-222-B08BC
CareerOutcome,CAR-SCI-BIOPHYSICS-64E6B,SRC-SCI-PURE-SCIENCE-36-8ED72
CareerOutcome,CAR-SCI-BIOTECHNOLOGY-503B6,SRC-SCI-ENGINEERING-112-8F2F5
CareerOutcome,CAR-SCI-BIOTECHNOLOGY-9B9A3,SRC-SCI-PURE-SCIENCE-18-ABA9F
CareerOutcome,CAR-SCI-BOTANY-5DFD8,SRC-SCI-PURE-SCIENCE-30-C1C03
CareerOutcome,CAR-SCI-BRAND-IDENTITY-DE-90BBD,SRC-SCI-DESIGN-132-F1A87
CareerOutcome,CAR-SCI-BUSINESS-ANALYST-F4378,SRC-SCI-DATA-ANALYTICS-63-597E5
CareerOutcome,CAR-SCI-CABIN-CREW-AFC01,SRC-SCI-AVIATION-31-C2B02
CareerOutcome,CAR-SCI-CARGO-MANAGER-4134B,SRC-SCI-AVIATION-51-50FBD
CareerOutcome,CAR-SCI-CERAMIC-ENGINEERI-0B019,SRC-SCI-ENGINEERING-332-7EA11
CareerOutcome,CAR-SCI-CHARTER-PILOT-434CC,SRC-SCI-AVIATION-11-CA35C
CareerOutcome,CAR-SCI-CHEMICAL-ENGINEER-89499,SRC-SCI-ENGINEERING-92-6AB68
CareerOutcome,CAR-SCI-CHEMISTRY-9B300,SRC-SCI-PURE-SCIENCE-6-7DFA7
CareerOutcome,CAR-SCI-CIVIL-ENGINEERING-28C68,SRC-SCI-ENGINEERING-22-C7562
CareerOutcome,CAR-SCI-CLERK-EE94B,SRC-SCI-DEFENCE-27-1417F
CareerOutcome,CAR-SCI-CLIMATE-SCIENCE-1DC56,SRC-SCI-PURE-SCIENCE-78-A2259
CareerOutcome,CAR-SCI-COGNITIVE-SCIENCE-55F54,SRC-SCI-PURE-SCIENCE-63-C84A3
CareerOutcome,CAR-SCI-COMMERCIAL-PILOT-A8A0F,SRC-SCI-AVIATION-3-3E1D0
CareerOutcome,CAR-SCI-COMMUNITY-MEDICIN-90E23,SRC-SCI-MEDICINE-28-6BDAC
CareerOutcome,CAR-SCI-COMPUTATIONAL-SCI-4F02F,SRC-SCI-PURE-SCIENCE-60-A0F76
CareerOutcome,CAR-SCI-COMPUTER-SCIENCE-75B3D,SRC-SCI-ENGINEERING-2-51A21
CareerOutcome,CAR-SCI-COMPUTER-VISION-E-A1C58,SRC-SCI-DATA-ANALYTICS-33-8582F
CareerOutcome,CAR-SCI-CONSTABLE-E5F16,SRC-SCI-DEFENCE-40-A6D66
CareerOutcome,CAR-SCI-CYBER-SPACE-ROLES-2EEAB,SRC-SCI-DEFENCE-82-7AA44
CareerOutcome,CAR-SCI-CYBERSECURITY-7DB8E,SRC-SCI-ENGINEERING-72-7112B
CareerOutcome,CAR-SCI-DAIRY-ASSISTANT-3F224,SRC-SCI-VOCATIONAL-48-816F3
CareerOutcome,CAR-SCI-DAIRY-TECHNOLOGY-FFD9E,SRC-SCI-ENGINEERING-372-3E3E3
CareerOutcome,CAR-SCI-DATA-ANALYST-F7E47,SRC-SCI-DATA-ANALYTICS-3-D8182
CareerOutcome,CAR-SCI-DATA-ARCHITECT-7F3B2,SRC-SCI-DATA-ANALYTICS-48-45215
CareerOutcome,CAR-SCI-DATA-ENGINEER-542AF,SRC-SCI-DATA-ANALYTICS-13-3DD55
CareerOutcome,CAR-SCI-DATA-GOVERNANCE-D-6BB2E,SRC-SCI-DATA-ANALYTICS-10-B3FD7
CareerOutcome,CAR-SCI-DATA-PRODUCT-MANA-AAAA2,SRC-SCI-DATA-ANALYTICS-73-339D2
CareerOutcome,CAR-SCI-DATA-QUALITY-ENGI-35370,SRC-SCI-DATA-ANALYTICS-98-9BDDF
CareerOutcome,CAR-SCI-DATA-SCIENCE-BSC-A81F3,SRC-SCI-PURE-SCIENCE-81-91DF3
CareerOutcome,CAR-SCI-DATA-SCIENCE-C55D0,SRC-SCI-ENGINEERING-52-A5704
CareerOutcome,CAR-SCI-DATA-SCIENTIST-42420,SRC-SCI-DATA-ANALYTICS-8-87D7F
CareerOutcome,CAR-SCI-DATA-VISUALIZATIO-5CB3A,SRC-SCI-DESIGN-51-B348A
CareerOutcome,CAR-SCI-DECISION-SCIENTIS-A3BB0,SRC-SCI-DATA-ANALYTICS-78-866B5
CareerOutcome,CAR-SCI-DEFENCE-ENTRY-649A4,SRC-SCI-DEFENCE-3-BCEBD
CareerOutcome,CAR-SCI-DENTAL-BDS-6D960,SRC-SCI-MEDICINE-34-3161B
CareerOutcome,CAR-SCI-DERMATOLOGY-D058B,SRC-SCI-MEDICINE-13-F5098
CareerOutcome,CAR-SCI-DESIGN-MANAGEMENT-BA90E,SRC-SCI-DESIGN-126-A68E0
CareerOutcome,CAR-SCI-DESIGN-RESEARCH-84BCB,SRC-SCI-DESIGN-108-97E86
CareerOutcome,CAR-SCI-DIPLOMA-ENGINEER-34585,SRC-SCI-VOCATIONAL-8-A4C08
CareerOutcome,CAR-SCI-DISPATCHER-055B1,SRC-SCI-AVIATION-39-6D951
CareerOutcome,CAR-SCI-DRONE-PILOT-74960,SRC-SCI-AVIATION-65-60474
CareerOutcome,CAR-SCI-DRONE-TECHNICIAN-617FE,SRC-SCI-VOCATIONAL-51-0EAA4
CareerOutcome,CAR-SCI-ECOSYSTEM-ROLES-FB1EB,SRC-SCI-AVIATION-69-DEF43
CareerOutcome,CAR-SCI-EDUCATION-OFFICER-FAD0B,SRC-SCI-DEFENCE-50-58BB3
CareerOutcome,CAR-SCI-ELECTRICAL-ACB07,SRC-SCI-ENGINEERING-32-B28E7
CareerOutcome,CAR-SCI-ELECTRICIAN-97A09,SRC-SCI-VOCATIONAL-3-1D1AF
CareerOutcome,CAR-SCI-ELECTRONICS-ECE-F6FDB,SRC-SCI-ENGINEERING-42-5CF9D
CareerOutcome,CAR-SCI-ELECTRONICS-TECHN-B16CE,SRC-SCI-VOCATIONAL-19-5388E
CareerOutcome,CAR-SCI-ENGINEER-0AB07,SRC-SCI-DEFENCE-56-F980A
CareerOutcome,CAR-SCI-ENGINEER-OFFICER-88C99,SRC-SCI-DEFENCE-18-4D25A
CareerOutcome,CAR-SCI-ENTREPRENEUR-4EA1C,SRC-SCI-VOCATIONAL-59-22CC9
CareerOutcome,CAR-SCI-ENVIRONMENTAL-BCCE8,SRC-SCI-ENGINEERING-122-BAB4C
CareerOutcome,CAR-SCI-ENVIRONMENTAL-SCI-7193C,SRC-SCI-PURE-SCIENCE-39-0210F
CareerOutcome,CAR-SCI-ENVIRONMENTAL-TEC-23215,SRC-SCI-VOCATIONAL-27-3AFD9
CareerOutcome,CAR-SCI-EV-SPECIALIST-DCEF9,SRC-SCI-VOCATIONAL-16-6AD39
CareerOutcome,CAR-SCI-EXPERIENCE-DESIGN-70F62,SRC-SCI-DESIGN-102-D1F0A
CareerOutcome,CAR-SCI-FASHION-DESIGN-99E6A,SRC-SCI-DESIGN-69-4314C
CareerOutcome,CAR-SCI-FINANCIAL-DATA-AN-5CAEB,SRC-SCI-DATA-ANALYTICS-12-64B45
CareerOutcome,CAR-SCI-FIRE-SAFETY-ENGIN-C466B,SRC-SCI-ENGINEERING-382-BD249
CareerOutcome,CAR-SCI-FISHERIES-TECH-EC6F3,SRC-SCI-VOCATIONAL-49-5C4B2
CareerOutcome,CAR-SCI-FITTER-423CE,SRC-SCI-VOCATIONAL-4-ACC9C
CareerOutcome,CAR-SCI-FLIGHT-INSTRUCTOR-233BF,SRC-SCI-AVIATION-13-B3373
CareerOutcome,CAR-SCI-FOOD-SCIENCE-70106,SRC-SCI-PURE-SCIENCE-45-71123
CareerOutcome,CAR-SCI-FOOD-TECH-5B17F,SRC-SCI-VOCATIONAL-45-12FED
CareerOutcome,CAR-SCI-FOOD-TECHNOLOGY-D5A4E,SRC-SCI-ENGINEERING-202-08610
CareerOutcome,CAR-SCI-FOOTWEAR-DESIGN-C424E,SRC-SCI-DESIGN-75-6B416
CareerOutcome,CAR-SCI-FOOTWEAR-DESIGN-C424E,SRC-SCI-DESIGN-90-4D2FD
CareerOutcome,CAR-SCI-FORENSIC-MEDICINE-3C46F,SRC-SCI-MEDICINE-31-79F40
CareerOutcome,CAR-SCI-FORENSIC-SCIENCE-7BF83,SRC-SCI-PURE-SCIENCE-42-F433A
CareerOutcome,CAR-SCI-FORESTRY-E454B,SRC-SCI-PURE-SCIENCE-72-AFAC0
CareerOutcome,CAR-SCI-FREELANCER-E078F,SRC-SCI-VOCATIONAL-61-023AD
CareerOutcome,CAR-SCI-GAME-DESIGN-EAE86,SRC-SCI-DESIGN-45-C6E9A
CareerOutcome,CAR-SCI-GARMENT-TECHNICIA-84224,SRC-SCI-VOCATIONAL-37-3399E
CareerOutcome,CAR-SCI-GARUD-F7775,SRC-SCI-DEFENCE-62-8B13F
CareerOutcome,CAR-SCI-GENERAL-MEDICINE-C5720,SRC-SCI-MEDICINE-2-265E5
CareerOutcome,CAR-SCI-GENERAL-SURGERY-EF5BC,SRC-SCI-MEDICINE-6-0018F
CareerOutcome,CAR-SCI-GENETICS-73400,SRC-SCI-PURE-SCIENCE-24-D7974
CareerOutcome,CAR-SCI-GEO-INFORMATICS-G-9E95B,SRC-SCI-ENGINEERING-312-28B04
CareerOutcome,CAR-SCI-GEOLOGY-1CE45,SRC-SCI-PURE-SCIENCE-51-D5AA4
CareerOutcome,CAR-SCI-GEOSPATIAL-DATA-A-EAA07,SRC-SCI-DATA-ANALYTICS-10-0341B
CareerOutcome,CAR-SCI-GLOBAL-PILOT-CE0C4,SRC-SCI-AVIATION-15-9C6A7
CareerOutcome,CAR-SCI-GRAPHIC-DESIGN-9AED7,SRC-SCI-DESIGN-21-E5C02
CareerOutcome,CAR-SCI-GROUND-STAFF-73010,SRC-SCI-AVIATION-35-86775
CareerOutcome,CAR-SCI-GROWTH-EXPERIMENT-8EBBB,SRC-SCI-DATA-ANALYTICS-13-5C953
CareerOutcome,CAR-SCI-HARDWARE-TECHNICI-6A8BB,SRC-SCI-VOCATIONAL-22-93351
CareerOutcome,CAR-SCI-HEALTH-DATA-ANALY-985C9,SRC-SCI-DATA-ANALYTICS-11-56A72
CareerOutcome,CAR-SCI-HELICOPTER-PILOT-EBC2E,SRC-SCI-AVIATION-9-3DE63
CareerOutcome,CAR-SCI-HOMEOPATHY-BHMS-9716E,SRC-SCI-MEDICINE-40-29129
CareerOutcome,CAR-SCI-IN-FLIGHT-MANAGER-66C96,SRC-SCI-AVIATION-33-1DE5A
CareerOutcome,CAR-SCI-INDUSTRIAL-CHEMIS-70D2F,SRC-SCI-PURE-SCIENCE-48-45A7F
CareerOutcome,CAR-SCI-INDUSTRIAL-DESIGN-FB177,SRC-SCI-DESIGN-120-72B84
CareerOutcome,CAR-SCI-INDUSTRIAL-PRODUC-C9648,SRC-SCI-ENGINEERING-252-71742
CareerOutcome,CAR-SCI-INFORMATION-TECHN-46B29,SRC-SCI-ENGINEERING-82-CDEED
CareerOutcome,CAR-SCI-INSPECTOR-89C5F,SRC-SCI-AVIATION-55-9BD89
CareerOutcome,CAR-SCI-INSTRUMENTATION-E-34E3C,SRC-SCI-ENGINEERING-262-6975D
CareerOutcome,CAR-SCI-INTERACTION-DESIG-79697,SRC-SCI-DESIGN-15-AFF81
CareerOutcome,CAR-SCI-INTERIOR-DESIGN-9EEF2,SRC-SCI-DESIGN-57-BA30E
CareerOutcome,CAR-SCI-LAB-TECHNICIAN-8B872,SRC-SCI-VOCATIONAL-39-EE2F1
CareerOutcome,CAR-SCI-LEATHER-TECHNOLOG-BB1AA,SRC-SCI-ENGINEERING-342-4BAA4
CareerOutcome,CAR-SCI-LEGAL-OFFICER-6D26D,SRC-SCI-DEFENCE-48-24C60
CareerOutcome,CAR-SCI-LIGHTING-DESIGN-A9985,SRC-SCI-DESIGN-144-B8570
CareerOutcome,CAR-SCI-LOGISTICS-OFFICER-AD442,SRC-SCI-DEFENCE-52-725EF
CareerOutcome,CAR-SCI-MACHINE-LEARNING-53A9B,SRC-SCI-DATA-ANALYTICS-18-81FFC
CareerOutcome,CAR-SCI-MANAGER-601C0,SRC-SCI-AVIATION-45-E59ED
CareerOutcome,CAR-SCI-MARCOS-AC304,SRC-SCI-DEFENCE-60-CC9C2
CareerOutcome,CAR-SCI-MARINE-ENGINEERIN-BD12D,SRC-SCI-ENGINEERING-192-8FB85
CareerOutcome,CAR-SCI-MARINE-TECHNICIAN-6E55C,SRC-SCI-VOCATIONAL-33-393F1
CareerOutcome,CAR-SCI-MARKETING-ANALYST-CE7DA,SRC-SCI-DATA-ANALYTICS-11-28C9F
CareerOutcome,CAR-SCI-MATERIALS-SCIENCE-A59A5,SRC-SCI-ENGINEERING-212-40779
CareerOutcome,CAR-SCI-MATERIALS-SCIENCE-A8075,SRC-SCI-PURE-SCIENCE-66-92A31
CareerOutcome,CAR-SCI-MATHEMATICS-E17F5,SRC-SCI-PURE-SCIENCE-9-B93AA
CareerOutcome,CAR-SCI-MECHANICAL-ENGINE-36283,SRC-SCI-ENGINEERING-12-E6E18
CareerOutcome,CAR-SCI-MECHATRONICS-ENGI-72E9C,SRC-SCI-ENGINEERING-152-57B63
CareerOutcome,CAR-SCI-METALLURGICAL-ENG-43BD5,SRC-SCI-ENGINEERING-272-ECACB
CareerOutcome,CAR-SCI-METEOROLOGIST-F4B4B,SRC-SCI-AVIATION-59-BCAC3
CareerOutcome,CAR-SCI-MICROBIOLOGY-1A40A,SRC-SCI-PURE-SCIENCE-21-D17EF
CareerOutcome,CAR-SCI-MILITARY-DOCTOR-A6986,SRC-SCI-DEFENCE-46-0CEA8
CareerOutcome,CAR-SCI-MINING-ENGINEERIN-A7154,SRC-SCI-ENGINEERING-182-1CE03
CareerOutcome,CAR-SCI-MINING-TECHNICIAN-AB9C6,SRC-SCI-VOCATIONAL-32-1DD4A
CareerOutcome,CAR-SCI-MLOPS-ENGINEER-3D44E,SRC-SCI-DATA-ANALYTICS-38-E59CB
CareerOutcome,CAR-SCI-MOTION-DESIGN-3502D,SRC-SCI-DESIGN-33-A5D6C
CareerOutcome,CAR-SCI-MRO-ENGINEER-EDC9A,SRC-SCI-AVIATION-29-99D96
CareerOutcome,CAR-SCI-NANOTECHNOLOGY-3E45B,SRC-SCI-ENGINEERING-232-178AB
CareerOutcome,CAR-SCI-NATUROPATHY-YOGIC-5412C,SRC-SCI-MEDICINE-52-45E2E
CareerOutcome,CAR-SCI-NAVAL-ARCHITECTUR-AB88D,SRC-SCI-ENGINEERING-322-F6F3B
CareerOutcome,CAR-SCI-NAVAL-ENGINEER-D6D80,SRC-SCI-DEFENCE-20-11682
CareerOutcome,CAR-SCI-NAVAL-OFFICER-F8F0C,SRC-SCI-DEFENCE-12-B8CD9
CareerOutcome,CAR-SCI-NAVIK-A47E8,SRC-SCI-DEFENCE-36-2E1C5
CareerOutcome,CAR-SCI-NETWORK-ENGINEER-26C50,SRC-SCI-VOCATIONAL-23-6052E
CareerOutcome,CAR-SCI-NLP-ENGINEER-70FDF,SRC-SCI-DATA-ANALYTICS-28-62702
CareerOutcome,CAR-SCI-NURSING-BSC-745B4,SRC-SCI-MEDICINE-46-DE821
CareerOutcome,CAR-SCI-NURSING-OFFICER-5EFBF,SRC-SCI-DEFENCE-44-3CA37
CareerOutcome,CAR-SCI-OCEANOGRAPHY-MARI-B6FDF,SRC-SCI-PURE-SCIENCE-54-8E865
CareerOutcome,CAR-SCI-OFFICER-E3B5E,SRC-SCI-DEFENCE-16-A46DB
CareerOutcome,CAR-SCI-OFFICER-E3B5E,SRC-SCI-DEFENCE-22-29BE9
CareerOutcome,CAR-SCI-OFFICER-E3B5E,SRC-SCI-DEFENCE-24-C404C
CareerOutcome,CAR-SCI-OFFICER-E3B5E,SRC-SCI-DEFENCE-34-34D26
CareerOutcome,CAR-SCI-OFFICER-E3B5E,SRC-SCI-DEFENCE-42-86B33
CareerOutcome,CAR-SCI-OPERATOR-1F7CF,SRC-SCI-VOCATIONAL-10-685B2
CareerOutcome,CAR-SCI-PACKAGING-DESIGN-1967C,SRC-SCI-DESIGN-138-CACC2
CareerOutcome,CAR-SCI-PACKAGING-TECHNIC-C2351,SRC-SCI-VOCATIONAL-36-F2F39
CareerOutcome,CAR-SCI-PACKAGING-TECHNOL-3358C,SRC-SCI-ENGINEERING-362-1356E
CareerOutcome,CAR-SCI-PARA-SF-424A8,SRC-SCI-DEFENCE-58-F86EF
CareerOutcome,CAR-SCI-PART-TIME-OFFICER-FBC29,SRC-SCI-DEFENCE-64-912AC
CareerOutcome,CAR-SCI-PATHOLOGY-B32A0,SRC-SCI-MEDICINE-25-19C72
CareerOutcome,CAR-SCI-PEDIATRICS-F81AB,SRC-SCI-MEDICINE-10-DB4BA
CareerOutcome,CAR-SCI-PETROLEUM-ENGINEE-FB536,SRC-SCI-ENGINEERING-172-5A90C
CareerOutcome,CAR-SCI-PHARMACIST-26368,SRC-SCI-VOCATIONAL-42-52087
CareerOutcome,CAR-SCI-PHARMACY-BPHARM-8FAC9,SRC-SCI-MEDICINE-49-2F138
CareerOutcome,CAR-SCI-PHYSICS-2EA48,SRC-SCI-PURE-SCIENCE-2-FB9CB
CareerOutcome,CAR-SCI-PHYSIOTHERAPY-BPT-7508D,SRC-SCI-MEDICINE-43-47AEE
CareerOutcome,CAR-SCI-PILOT-9A174,SRC-SCI-DEFENCE-9-00CDB
CareerOutcome,CAR-SCI-PLUMBER-970A5,SRC-SCI-VOCATIONAL-6-AEB05
CareerOutcome,CAR-SCI-POLYMER-PLASTICS-EE8FC,SRC-SCI-ENGINEERING-302-FB281
CareerOutcome,CAR-SCI-PRINTING-TECHNICI-A304C,SRC-SCI-VOCATIONAL-35-159F1
CareerOutcome,CAR-SCI-PRINTING-TECHNOLO-8C9B9,SRC-SCI-ENGINEERING-352-541BB
CareerOutcome,CAR-SCI-PROCESS-TECHNICIA-7C5A6,SRC-SCI-VOCATIONAL-12-C9EAF
CareerOutcome,CAR-SCI-PRODUCT-ANALYST-23084,SRC-SCI-DATA-ANALYTICS-68-39326
CareerOutcome,CAR-SCI-PRODUCT-DESIGN-219E7,SRC-SCI-DESIGN-3-5429C
CareerOutcome,CAR-SCI-PSYCHIATRY-82FCA,SRC-SCI-MEDICINE-16-207C2
CareerOutcome,CAR-SCI-PULP-PAPER-TECHNO-0EF73,SRC-SCI-ENGINEERING-392-1994A
CareerOutcome,CAR-SCI-QUANTITATIVE-ANAL-6E5DD,SRC-SCI-DATA-ANALYTICS-88-5385A
CareerOutcome,CAR-SCI-RADIOLOGY-9BA7A,SRC-SCI-MEDICINE-19-3D7E5
CareerOutcome,CAR-SCI-RADIOLOGY-TECH-7B544,SRC-SCI-VOCATIONAL-40-970B8
CareerOutcome,CAR-SCI-RAMP-STAFF-BFB3A,SRC-SCI-AVIATION-37-84AA4
CareerOutcome,CAR-SCI-RENEWABLE-ENERGY-7C109,SRC-SCI-ENGINEERING-132-6AADF
CareerOutcome,CAR-SCI-REPAIR-TECHNICIAN-7909B,SRC-SCI-VOCATIONAL-20-A7589
CareerOutcome,CAR-SCI-RISK-ANALYST-2F310,SRC-SCI-DATA-ANALYTICS-93-AAA9B
CareerOutcome,CAR-SCI-ROBOTICS-ENGINEER-C9C18,SRC-SCI-ENGINEERING-162-9D7A9
CareerOutcome,CAR-SCI-SAFETY-OFFICER-35334,SRC-SCI-VOCATIONAL-53-9F47A
CareerOutcome,CAR-SCI-SAILOR-3D248,SRC-SCI-DEFENCE-32-63911
CareerOutcome,CAR-SCI-SCIENTIST-87B30,SRC-SCI-AVIATION-67-E0201
CareerOutcome,CAR-SCI-SCIENTIST-87B30,SRC-SCI-DEFENCE-54-73358
CareerOutcome,CAR-SCI-SECURITY-STAFF-95906,SRC-SCI-AVIATION-61-149C4
CareerOutcome,CAR-SCI-SECURITY-TECHNICI-F47D0,SRC-SCI-VOCATIONAL-24-BA3A7
CareerOutcome,CAR-SCI-SERVICE-DESIGN-A7801,SRC-SCI-DESIGN-96-EE72E
CareerOutcome,CAR-SCI-SIDDHA-MEDICINE-B-75CEF,SRC-SCI-MEDICINE-58-031AC
CareerOutcome,CAR-SCI-SKILLED-WORKER-A81FA,SRC-SCI-VOCATIONAL-57-4FCAA
CareerOutcome,CAR-SCI-SOIL-SCIENCE-FAC12,SRC-SCI-PURE-SCIENCE-75-1C874
CareerOutcome,CAR-SCI-SOLAR-INSTALLER-54C78,SRC-SCI-VOCATIONAL-26-959EC
CareerOutcome,CAR-SCI-SOLDIER-267AD,SRC-SCI-DEFENCE-26-617A5
CareerOutcome,CAR-SCI-SPACE-TECHNOLOGY-24B4C,SRC-SCI-ENGINEERING-242-F568B
CareerOutcome,CAR-SCI-STATISTICS-2E374,SRC-SCI-PURE-SCIENCE-15-B3AB4
CareerOutcome,CAR-SCI-SUPPLY-CHAIN-OPER-0ECCD,SRC-SCI-DATA-ANALYTICS-12-2C95C
CareerOutcome,CAR-SCI-SURVEYOR-B068D,SRC-SCI-VOCATIONAL-30-BB8B4
CareerOutcome,CAR-SCI-TECH-SOLDIER-148FD,SRC-SCI-DEFENCE-28-CCAEA
CareerOutcome,CAR-SCI-TECHNICIAN-5A57B,SRC-SCI-VOCATIONAL-11-FF7FD
CareerOutcome,CAR-SCI-TECHNICIAN-5A57B,SRC-SCI-VOCATIONAL-29-F2ED7
CareerOutcome,CAR-SCI-TECHNICIAN-5A57B,SRC-SCI-VOCATIONAL-41-DF03D
CareerOutcome,CAR-SCI-TECHNICIAN-5A57B,SRC-SCI-VOCATIONAL-55-0813C
CareerOutcome,CAR-SCI-TEXTILE-DESIGN-0C3E5,SRC-SCI-DESIGN-84-AA0C6
CareerOutcome,CAR-SCI-TEXTILE-ENGINEERI-7324F,SRC-SCI-ENGINEERING-282-5304F
CareerOutcome,CAR-SCI-TOOL-DIE-MAKER-5DBDF,SRC-SCI-VOCATIONAL-13-8712A
CareerOutcome,CAR-SCI-TOOL-ENGINEERING-2D7F8,SRC-SCI-ENGINEERING-402-A02D5
CareerOutcome,CAR-SCI-UI-ENGINEERING-CR-9D6A5,SRC-SCI-DESIGN-114-87F77
CareerOutcome,CAR-SCI-UI-UX-DESIGN-B2FF5,SRC-SCI-DESIGN-9-EE8CD
CareerOutcome,CAR-SCI-UNANI-MEDICINE-BU-B0156,SRC-SCI-MEDICINE-55-B745B
CareerOutcome,CAR-SCI-VISUAL-COMMUNICAT-40D3D,SRC-SCI-DESIGN-27-6528C
CareerOutcome,CAR-SCI-WAYFINDING-ENVIRO-2AB13,SRC-SCI-DESIGN-150-B8D98
CareerOutcome,CAR-SCI-WELDER-21472,SRC-SCI-VOCATIONAL-5-D0634
CareerOutcome,CAR-SCI-ZOOLOGY-34048,SRC-SCI-PURE-SCIENCE-27-72F41
Degree,DEG-HUM-BA-MA-IKS-65F77,SRC-HUM-NEP2020-IKS-FOLKC-3DE35
Degree,DEG-HUM-BA-MA-MUSEOLOGY-DBB55,SRC-HUM-NEP2020-IKS-FOLKC-5FD5B
Degree,DEG-HUM-BA-MA-SANSKRIT-D1308,SRC-HUM-NEP2020-IKS-FOLKC-015E5
Degree,DEG-HUM-BA-MA-YOGA-STUDIE-7B495,SRC-HUM-NEP2020-IKS-FOLKC-AACBB
Degree,DEG-HUM-CERTIFICATE-DIPLO-07FD4,SRC-HUM-NEP2020-IKS-FOLKC-840CA
Degree,DEG-HUM-DIPLOMA-CERTIFICA-B21F8,SRC-HUM-NEP2020-IKS-FOLKC-3FAD0
Degree,DEG-HUM-MA-TRIBAL-STUDIES-3C902,SRC-HUM-NEP2020-IKS-FOLKC-5C9D8
Degree,DEG-INTD-BA-MA-ECONOMICS-5C227,SRC-INTD-PSYCHOLOGY-BUSIN-2D6B6
Degree,DEG-INTD-BA-MA-JOURNALISM-C8017,SRC-INTD-MEDIA-COMMUNICAT-C59BC
Degree,DEG-INTD-BA-MA-PUBLIC-POL-122D5,SRC-INTD-PUBLIC-POLICY-EC-7E603
Degree,DEG-INTD-BBA-BCOM-FINTECH-FE253,SRC-INTD-COMMERCE-ANALYTI-6B369
Degree,DEG-INTD-BBA-BDES-IT-STRU-E7D27,SRC-INTD-DESIGN-BUSINESS-6296B
Degree,DEG-INTD-BCOM-BBA-ANALYTI-0AEFA,SRC-INTD-COMMERCE-ANALYTI-AA84B
Degree,DEG-INTD-BCOM-LLB-MBA-PG-5002F,SRC-INTD-LAW-TECHNOLOGY-G-E678D
Degree,DEG-INTD-BDES-MDES-MBA-PR-53875,SRC-INTD-DESIGN-BUSINESS-08635
Degree,DEG-INTD-BDES-MDES-SERVIC-486A9,SRC-INTD-DESIGN-BUSINESS-193B0
Degree,DEG-INTD-BDES-MDES-UX-PSY-E341C,SRC-INTD-PSYCHOLOGY-BUSIN-9BA81
Degree,DEG-INTD-BIOTECH-LIFE-SCI-A572E,SRC-INTD-EMERGING-FRONTIE-EF734
Degree,DEG-INTD-BPHARM-MPHARM-MB-DD35B,SRC-INTD-HEALTHCARE-ANALY-6E697
Degree,DEG-INTD-BSC-AGRI-AGRI-EN-FC225,SRC-INTD-AGRICULTURE-SUST-10F0A
Degree,DEG-INTD-BSC-AGRI-MBA-AGR-10130,SRC-INTD-AGRICULTURE-SUST-8F979
Degree,DEG-INTD-BTECH-FOOD-TECH-B7E06,SRC-INTD-AGRICULTURE-SUST-E4A38
Degree,DEG-INTD-DATA-SCIENCE-POL-C56C8,SRC-INTD-PUBLIC-POLICY-EC-F6D17
Degree,DEG-INTD-ENVIRONMENTAL-PL-EBD96,SRC-INTD-EMERGING-FRONTIE-B4E45
Degree,DEG-INTD-FILM-MEDIA-DEGRE-099C1,SRC-INTD-MEDIA-COMMUNICAT-FEBB3
Degree,DEG-INTD-FINTECH-REGTECH-2F33F,SRC-INTD-COMMERCE-ANALYTI-96327
Degree,DEG-INTD-GEOINFORMATICS-R-3EAD4,SRC-INTD-EMERGING-FRONTIE-D4049
Degree,DEG-INTD-HCI-COGNITIVE-SC-BADAA,SRC-INTD-EMERGING-FRONTIE-24C75
Degree,DEG-INTD-LLB-DESIGN-THINK-5CECE,SRC-INTD-DESIGN-BUSINESS-17949
Degree,DEG-INTD-LLB-LLM-CYBER-LA-3CDD0,SRC-INTD-LAW-TECHNOLOGY-G-D54B7
Degree,DEG-INTD-LLB-LLM-TECH-LAW-F4A7C,SRC-INTD-LAW-TECHNOLOGY-G-1D712
Degree,DEG-INTD-LLB-PRODUCT-UX-C-D5D43,SRC-INTD-LAW-TECHNOLOGY-G-1997C
Degree,DEG-INTD-M-E-CERTIFICATE-26D25,SRC-INTD-PUBLIC-POLICY-EC-977E9
Degree,DEG-INTD-MA-DEVELOPMENT-C-14403,SRC-INTD-MEDIA-COMMUNICAT-947CB
Degree,DEG-INTD-MA-DEVELOPMENT-S-4A1D6,SRC-INTD-PUBLIC-POLICY-EC-9611B
Degree,DEG-INTD-MA-DIGITAL-HUMAN-7560A,SRC-INTD-HUMANITIES-TECHN-4C875
Degree,DEG-INTD-MA-HERITAGE-MUSE-A6312,SRC-INTD-HUMANITIES-TECHN-F884C
Degree,DEG-INTD-MA-MSC-COMPUTATI-9D85F,SRC-INTD-HUMANITIES-TECHN-F36DE
Degree,DEG-INTD-MA-SOCIOLOGY-MED-3FC4A,SRC-INTD-HUMANITIES-TECHN-71416
Degree,DEG-INTD-MBA-FINANCE-SUST-F493B,SRC-INTD-COMMERCE-ANALYTI-A5A37
Degree,DEG-INTD-MBA-HEALTH-MEDTE-9A87D,SRC-INTD-HEALTHCARE-ANALY-A8D54
Degree,DEG-INTD-MBA-HOSPITAL-HEA-DF337,SRC-INTD-HEALTHCARE-ANALY-B9E89
Degree,DEG-INTD-MBA-HR-ANALYTICS-B99FF,SRC-INTD-PSYCHOLOGY-BUSIN-E4A37
Degree,DEG-INTD-MBA-MSC-SUSTAINA-F2976,SRC-INTD-AGRICULTURE-SUST-18B09
Degree,DEG-INTD-MDES-HCI-MSC-COG-13C9F,SRC-INTD-PSYCHOLOGY-BUSIN-35B2B
Degree,DEG-INTD-MEDIA-MANAGEMENT-B524F,SRC-INTD-MEDIA-COMMUNICAT-7C34A
Degree,DEG-INTD-MLIS-MA-DIGITAL-34526,SRC-INTD-HUMANITIES-TECHN-81CAB
Degree,DEG-INTD-MPH-MSC-EPIDEMIO-D4C1C,SRC-INTD-HEALTHCARE-ANALY-F853F
Degree,DEG-INTD-MPLAN-MA-URBAN-S-86BDC,SRC-INTD-PUBLIC-POLICY-EC-1A81C
Degree,DEG-INTD-MPP-LLM-PG-AI-ET-6548E,SRC-INTD-LAW-TECHNOLOGY-G-EB6B7
Degree,DEG-INTD-MSC-MBA-FINANCE-952A5,SRC-INTD-COMMERCE-ANALYTI-AB3D5
Degree,DEG-INTD-MSC-MBA-HEALTH-I-2D6FE,SRC-INTD-HEALTHCARE-ANALY-DDD2A
Degree,DEG-INTD-MSC-MTECH-WATER-E1F61,SRC-INTD-AGRICULTURE-SUST-C476B
Degree,DEG-INTD-MSC-PSYCHOLOGY-N-453DF,SRC-INTD-PSYCHOLOGY-BUSIN-C4132
Degree,DEG-INTD-MSC-SCIENCE-COMM-DD1C9,SRC-INTD-MEDIA-COMMUNICAT-4E400
Degree,DEG-INTD-NIFT-BFTECH-MFM-24F91,SRC-INTD-DESIGN-BUSINESS-F2FC3
Degree,DEG-INTD-PUBLIC-POLICY-DA-D9D93,SRC-INTD-EMERGING-FRONTIE-7EE0A
Degree,DEG-INTD-PUBLIC-POLICY-SP-CC4E3,SRC-INTD-EMERGING-FRONTIE-63428
Degree,DEG-MGT-BBA-09974,SRC-MGT-UG-COURSES-3-4D8FC
Degree,DEG-MGT-BBA-BSC-IN-HOSPIT-BC34E,SRC-MGT-UG-COURSES-14-DD081
Degree,DEG-MGT-BBA-IN-AVIATION-A-09307,SRC-MGT-UG-COURSES-13-D24E5
Degree,DEG-MGT-BBA-IN-BUSINESS-A-F5D04,SRC-MGT-UG-COURSES-8-5142F
Degree,DEG-MGT-BBA-IN-DIGITAL-MA-4A159,SRC-MGT-UG-COURSES-7-54462
Degree,DEG-MGT-BBA-IN-ENTREPRENE-AFABE,SRC-MGT-UG-COURSES-17-9A7DB
Degree,DEG-MGT-BBA-IN-EVENT-MANA-DEA7D,SRC-MGT-UG-COURSES-16-774E4
Degree,DEG-MGT-BBA-IN-FINANCE-FI-B5609,SRC-MGT-UG-COURSES-9-42375
Degree,DEG-MGT-BBA-IN-HR-PEOPLE-4A488,SRC-MGT-UG-COURSES-10-373CA
Degree,DEG-MGT-BBA-IN-LOGISTICS-8F543,SRC-MGT-UG-COURSES-11-D288C
Degree,DEG-MGT-BBA-IN-RETAIL-MAN-CF06C,SRC-MGT-UG-COURSES-12-91D68
Degree,DEG-MGT-BBA-IN-SPORTS-MAN-110F2,SRC-MGT-UG-COURSES-15-1AC33
Degree,DEG-MGT-BBM-BBS-7AEFC,SRC-MGT-UG-COURSES-5-023FB
Degree,DEG-MGT-BMS-AE8D9,SRC-MGT-UG-COURSES-4-B7225
Degree,DEG-MGT-EXECUTIVE-MBA-PGD-B0F1B,SRC-MGT-PG-COURSES-14-CD677
Degree,DEG-MGT-INTEGRATED-MBA-IP-53A8C,SRC-MGT-UG-COURSES-6-906F4
Degree,DEG-MGT-MBA-AGRIBUSINESS-399C7,SRC-MGT-PG-COURSES-11-54F72
Degree,DEG-MGT-MBA-BUSINESS-ANAL-38C60,SRC-MGT-PG-COURSES-8-90690
Degree,DEG-MGT-MBA-FINANCE-C6E32,SRC-MGT-PG-COURSES-5-79E16
Degree,DEG-MGT-MBA-HEALTHCARE-MH-F598E,SRC-MGT-PG-COURSES-10-AF70D
Degree,DEG-MGT-MBA-HR-E434B,SRC-MGT-PG-COURSES-6-EBE3C
Degree,DEG-MGT-MBA-IT-SYSTEMS-EF6A0,SRC-MGT-PG-COURSES-9-863F5
Degree,DEG-MGT-MBA-MARKETING-DAE8F,SRC-MGT-PG-COURSES-4-C1475
Degree,DEG-MGT-MBA-MEDIA-ENTERTA-84AEC,SRC-MGT-PG-COURSES-13-46E94
Degree,DEG-MGT-MBA-OPERATIONS-SC-D516B,SRC-MGT-PG-COURSES-7-A7530
Degree,DEG-MGT-MBA-PGDM-GENERAL-FF1DD,SRC-MGT-PG-COURSES-3-20DE7
Degree,DEG-MGT-MBA-SUSTAINABILIT-D146C,SRC-MGT-PG-COURSES-12-A04D2
Domain,DOM-COM-ACCOUNTING-AUDITI-6FD22,SRC-COM-COMMERCE-CATEGORI-60B84
Domain,DOM-COM-ACTUARIAL-6ADF8,SRC-COM-ACTUARIAL-2-4FD58
Domain,DOM-COM-ACTUARIAL-SCIENCE-60978,SRC-COM-COMMERCE-CATEGORI-78980
Domain,DOM-COM-ADVERTISING-BRAND-37769,SRC-COM-ADVERTISING-BRAND-9086B
Domain,DOM-COM-BANKING-FINANCIAL-F594D,SRC-COM-COMMERCE-CATEGORI-9FE25
Domain,DOM-COM-BANKING-PATHWAY-EDA9F,SRC-COM-BANKING-PATHWAY-2-D934D
Domain,DOM-COM-BUSINESS-ANALYTIC-DA68E,SRC-COM-BUSINESS-ANALYTIC-78DE2
Domain,DOM-COM-BUSINESS-ENTREPRE-946A9,SRC-COM-COMMERCE-CATEGORI-AE6DE
Domain,DOM-COM-CA-PATHWAY-88207,SRC-COM-CA-PATHWAY-2-51ECD
Domain,DOM-COM-CMA-PATHWAY-4FFE5,SRC-COM-CMA-PATHWAY-2-20F00
Domain,DOM-COM-CORPORATE-LAW-GOV-515F6,SRC-COM-COMMERCE-CATEGORI-6D7F1
Domain,DOM-COM-CS-PATHWAY-28DDE,SRC-COM-CS-PATHWAY-2-05EB2
Domain,DOM-COM-DATA-ANALYTICS-01593,SRC-COM-DATA-ANALYTICS-2-53883
Domain,DOM-COM-DATA-ANALYTICS-CO-0DF84,SRC-COM-COMMERCE-CATEGORI-74FC7
Domain,DOM-COM-DIGITAL-MARKETING-55CFE,SRC-COM-DIGITAL-MARKETING-368B9
Domain,DOM-COM-E-COMMERCE-89DCD,SRC-COM-E-COMMERCE-2-E11E5
Domain,DOM-COM-E-COMMERCE-ADVANC-7DBD5,SRC-COM-E-COMMERCE-ADVANC-C54F5
Domain,DOM-COM-E-COMMERCE-DIGITA-AFEB4,SRC-COM-COMMERCE-CATEGORI-6AEE4
Domain,DOM-COM-ECONOMICS-PATHWAY-C0E7D,SRC-COM-ECONOMICS-PATHWAY-B1ABE
Domain,DOM-COM-ECONOMICS-RESEARC-7EBDA,SRC-COM-COMMERCE-CATEGORI-0EF6F
Domain,DOM-COM-FINANCE-INVESTMEN-32ADE,SRC-COM-COMMERCE-CATEGORI-0F49C
Domain,DOM-COM-FINANCIAL-MARKETS-5025B,SRC-COM-COMMERCE-CATEGORI-896B8
Domain,DOM-COM-FINTECH-7433A,SRC-COM-FINTECH-2-D07F7
Domain,DOM-COM-FINTECH-ADVANCED-F6969,SRC-COM-FINTECH-ADVANCED-ECAB0
Domain,DOM-COM-FINTECH-DIGITAL-F-73D6B,SRC-COM-COMMERCE-CATEGORI-48889
Domain,DOM-COM-GLOBAL-FREELANCE-495EF,SRC-COM-GLOBAL-FREELANCE-F3251
Domain,DOM-COM-INDUSTRY-OPERATIO-DCF99,SRC-COM-INDUSTRY-OPERATIO-E2D66
Domain,DOM-COM-INSURANCE-RISK-MA-A244B,SRC-COM-COMMERCE-CATEGORI-07798
Domain,DOM-COM-LOGISTICS-SUPPLY-FEAD2,SRC-COM-COMMERCE-CATEGORI-3F8DF
Domain,DOM-COM-PUBLIC-SECTOR-GOV-58C70,SRC-COM-COMMERCE-CATEGORI-85DD4
Domain,DOM-COM-SPECIALIZED-ACCOU-9FEDB,SRC-COM-SPECIALIZED-ACCOU-CB6FB
Domain,DOM-COM-STOCK-MARKET-ADVA-26A90,SRC-COM-STOCK-MARKET-ADVA-F4D2F
Domain,DOM-COM-TAXATION-81DD4,SRC-COM-COMMERCE-CATEGORI-460C2
Domain,DOM-COM-WEALTH-MGMT-7EB89,SRC-COM-WEALTH-MGMT-2-FFA8A
Domain,DOM-HUM-AI-ERA-HUMANITIES-5D7A4,SRC-HUM-CAREER-MASTER-100-D0ED0
Domain,DOM-HUM-AI-ERA-HUMANITIES-5D7A4,SRC-HUM-CAREER-MASTER-101-F6C2E
Domain,DOM-HUM-AI-ERA-HUMANITIES-5D7A4,SRC-HUM-CAREER-MASTER-102-17549
Domain,DOM-HUM-AI-ERA-HUMANITIES-5D7A4,SRC-HUM-CAREER-MASTER-103-CC2AA
Domain,DOM-HUM-AI-ERA-HUMANITIES-5D7A4,SRC-HUM-CAREER-MASTER-104-A8BA1
Domain,DOM-HUM-CULTURAL-MUSEUM-H-15A96,SRC-HUM-CAREER-MASTER-79-CF577
Domain,DOM-HUM-CULTURAL-MUSEUM-H-15A96,SRC-HUM-CAREER-MASTER-80-88701
Domain,DOM-HUM-CULTURAL-MUSEUM-H-15A96,SRC-HUM-CAREER-MASTER-81-CAB54
Domain,DOM-HUM-CULTURAL-MUSEUM-H-15A96,SRC-HUM-CAREER-MASTER-82-E4AF0
Domain,DOM-HUM-CULTURAL-MUSEUM-H-15A96,SRC-HUM-CAREER-MASTER-83-3AD72
Domain,DOM-HUM-CULTURAL-MUSEUM-H-15A96,SRC-HUM-CAREER-MASTER-84-C776A
Domain,DOM-HUM-CULTURAL-MUSEUM-H-15A96,SRC-HUM-CATEGORY-SUMMARY-DADC5
Domain,DOM-HUM-DIGITAL-WRITING-M-12B26,SRC-HUM-SUBJECT-MAP-10-0CC2D
Domain,DOM-HUM-EDUCATION-TEACHIN-F6148,SRC-HUM-CAREER-MASTER-46-A3A86
Domain,DOM-HUM-EDUCATION-TEACHIN-F6148,SRC-HUM-CAREER-MASTER-47-CF9C2
Domain,DOM-HUM-EDUCATION-TEACHIN-F6148,SRC-HUM-CAREER-MASTER-48-27DEC
Domain,DOM-HUM-EDUCATION-TEACHIN-F6148,SRC-HUM-CAREER-MASTER-49-580B0
Domain,DOM-HUM-EDUCATION-TEACHIN-F6148,SRC-HUM-CAREER-MASTER-50-C4E9A
Domain,DOM-HUM-EDUCATION-TEACHIN-F6148,SRC-HUM-CAREER-MASTER-51-FCFB2
Domain,DOM-HUM-EDUCATION-TEACHIN-F6148,SRC-HUM-CATEGORY-SUMMARY-64C56
Domain,DOM-HUM-ENGLISH-LANGUAGE-F3889,SRC-HUM-SUBJECT-MAP-2-05003
Domain,DOM-HUM-FINE-PERFORMING-A-72EDF,SRC-HUM-SUBJECT-MAP-9-BF719
Domain,DOM-HUM-FOREIGN-LANGUAGES-A2E1D,SRC-HUM-CAREER-MASTER-67-3846E
Domain,DOM-HUM-FOREIGN-LANGUAGES-A2E1D,SRC-HUM-CAREER-MASTER-68-E629A
Domain,DOM-HUM-FOREIGN-LANGUAGES-A2E1D,SRC-HUM-CAREER-MASTER-69-2001A
Domain,DOM-HUM-FOREIGN-LANGUAGES-A2E1D,SRC-HUM-CAREER-MASTER-70-A197F
Domain,DOM-HUM-FOREIGN-LANGUAGES-A2E1D,SRC-HUM-CAREER-MASTER-71-44C8F
Domain,DOM-HUM-FOREIGN-LANGUAGES-A2E1D,SRC-HUM-CATEGORY-SUMMARY-79804
Domain,DOM-HUM-GEOGRAPHY-ECA56,SRC-HUM-SUBJECT-MAP-7-75681
Domain,DOM-HUM-GEOGRAPHY-ENVIRON-49E1C,SRC-HUM-CAREER-MASTER-37-96FCB
Domain,DOM-HUM-GEOGRAPHY-ENVIRON-49E1C,SRC-HUM-CAREER-MASTER-38-94CDE
Domain,DOM-HUM-GEOGRAPHY-ENVIRON-49E1C,SRC-HUM-CAREER-MASTER-39-EB1E6
Domain,DOM-HUM-GEOGRAPHY-ENVIRON-49E1C,SRC-HUM-CAREER-MASTER-40-9E03D
Domain,DOM-HUM-GEOGRAPHY-ENVIRON-49E1C,SRC-HUM-CAREER-MASTER-41-F9C2D
Domain,DOM-HUM-GEOGRAPHY-ENVIRON-49E1C,SRC-HUM-CATEGORY-SUMMARY-C6601
Domain,DOM-HUM-HISTORY-B576C,SRC-HUM-SUBJECT-MAP-3-A8531
Domain,DOM-HUM-HISTORY-HERITAGE-8BCC6,SRC-HUM-CAREER-MASTER-10-D2139
Domain,DOM-HUM-HISTORY-HERITAGE-8BCC6,SRC-HUM-CAREER-MASTER-11-402FC
Domain,DOM-HUM-HISTORY-HERITAGE-8BCC6,SRC-HUM-CAREER-MASTER-12-70A33
Domain,DOM-HUM-HISTORY-HERITAGE-8BCC6,SRC-HUM-CAREER-MASTER-13-AAC93
Domain,DOM-HUM-HISTORY-HERITAGE-8BCC6,SRC-HUM-CAREER-MASTER-14-109BB
Domain,DOM-HUM-HISTORY-HERITAGE-8BCC6,SRC-HUM-CAREER-MASTER-15-0107C
Domain,DOM-HUM-HISTORY-HERITAGE-8BCC6,SRC-HUM-CAREER-MASTER-16-68005
Domain,DOM-HUM-HISTORY-HERITAGE-8BCC6,SRC-HUM-CATEGORY-SUMMARY-9C5F7
Domain,DOM-HUM-HUMAN-CENTRED-EME-EC587,SRC-HUM-CAREER-MASTER-110-60C40
Domain,DOM-HUM-HUMAN-CENTRED-EME-EC587,SRC-HUM-CAREER-MASTER-111-263B4
Domain,DOM-HUM-HUMAN-CENTRED-EME-EC587,SRC-HUM-CAREER-MASTER-112-59014
Domain,DOM-HUM-HUMAN-CENTRED-EME-EC587,SRC-HUM-CAREER-MASTER-113-CEB95
Domain,DOM-HUM-HUMANITIES-AI-EE1A7,SRC-HUM-CAREER-MASTER-114-78926
Domain,DOM-HUM-HUMANITIES-AI-EE1A7,SRC-HUM-CAREER-MASTER-115-7552E
Domain,DOM-HUM-HUMANITIES-AI-EE1A7,SRC-HUM-CAREER-MASTER-116-CBCA7
Domain,DOM-HUM-HUMANITIES-AI-EE1A7,SRC-HUM-CAREER-MASTER-117-15767
Domain,DOM-HUM-HUMANITIES-AI-EE1A7,SRC-HUM-CAREER-MASTER-118-B076D
Domain,DOM-HUM-HUMANITIES-E0AAE,SRC-HUM-CAREER-MASTER-92-B703C
Domain,DOM-HUM-HUMANITIES-E0AAE,SRC-HUM-CAREER-MASTER-93-FA018
Domain,DOM-HUM-HUMANITIES-E0AAE,SRC-HUM-CAREER-MASTER-94-1F2DE
Domain,DOM-HUM-HUMANITIES-E0AAE,SRC-HUM-CAREER-MASTER-95-10FAF
Domain,DOM-HUM-HUMANITIES-E0AAE,SRC-HUM-CAREER-MASTER-96-A3E87
Domain,DOM-HUM-HUMANITIES-TECHNO-838F3,SRC-HUM-HUMANITIES-TECHNO-05B62
Domain,DOM-HUM-HUMANITIES-TECHNO-838F3,SRC-HUM-HUMANITIES-TECHNO-420BA
Domain,DOM-HUM-HUMANITIES-TECHNO-838F3,SRC-HUM-HUMANITIES-TECHNO-7337D
Domain,DOM-HUM-HUMANITIES-TECHNO-838F3,SRC-HUM-HUMANITIES-TECHNO-7C22E
Domain,DOM-HUM-HUMANITIES-TECHNO-838F3,SRC-HUM-HUMANITIES-TECHNO-7EC5E
Domain,DOM-HUM-HUMANITIES-TECHNO-838F3,SRC-HUM-HUMANITIES-TECHNO-AAA75
Domain,DOM-HUM-HUMANITIES-TECHNO-838F3,SRC-HUM-HUMANITIES-TECHNO-D0BA8
Domain,DOM-HUM-HUMANITIES-TECHNO-838F3,SRC-HUM-HUMANITIES-TECHNO-D39F6
Domain,DOM-HUM-HUMANITIES-TECHNO-838F3,SRC-HUM-HUMANITIES-TECHNO-D7720
Domain,DOM-HUM-HUMANITIES-TECHNO-838F3,SRC-HUM-HUMANITIES-TECHNO-ED3DB
Domain,DOM-HUM-INDIC-KNOWLEDGE-C-0CB30,SRC-HUM-CAREER-MASTER-119-E8F57
Domain,DOM-HUM-INDIC-KNOWLEDGE-C-0CB30,SRC-HUM-CAREER-MASTER-120-1F0AC
Domain,DOM-HUM-INDIC-KNOWLEDGE-C-0CB30,SRC-HUM-CAREER-MASTER-121-15515
Domain,DOM-HUM-JOURNALISM-MEDIA-0A08B,SRC-HUM-CAREER-MASTER-52-350D4
Domain,DOM-HUM-JOURNALISM-MEDIA-0A08B,SRC-HUM-CAREER-MASTER-53-20780
Domain,DOM-HUM-JOURNALISM-MEDIA-0A08B,SRC-HUM-CAREER-MASTER-54-8C36A
Domain,DOM-HUM-JOURNALISM-MEDIA-0A08B,SRC-HUM-CAREER-MASTER-55-D78DB
Domain,DOM-HUM-JOURNALISM-MEDIA-0A08B,SRC-HUM-CAREER-MASTER-56-16B59
Domain,DOM-HUM-JOURNALISM-MEDIA-0A08B,SRC-HUM-CAREER-MASTER-57-8D4F7
Domain,DOM-HUM-JOURNALISM-MEDIA-0A08B,SRC-HUM-CAREER-MASTER-58-427D1
Domain,DOM-HUM-JOURNALISM-MEDIA-0A08B,SRC-HUM-CAREER-MASTER-59-5242C
Domain,DOM-HUM-JOURNALISM-MEDIA-0A08B,SRC-HUM-CATEGORY-SUMMARY-BE985
Domain,DOM-HUM-LANGUAGES-LITERAT-85D79,SRC-HUM-CAREER-MASTER-2-24F64
Domain,DOM-HUM-LANGUAGES-LITERAT-85D79,SRC-HUM-CAREER-MASTER-3-CAC38
Domain,DOM-HUM-LANGUAGES-LITERAT-85D79,SRC-HUM-CAREER-MASTER-4-6B26F
Domain,DOM-HUM-LANGUAGES-LITERAT-85D79,SRC-HUM-CAREER-MASTER-5-06988
Domain,DOM-HUM-LANGUAGES-LITERAT-85D79,SRC-HUM-CAREER-MASTER-6-2FBD7
Domain,DOM-HUM-LANGUAGES-LITERAT-85D79,SRC-HUM-CAREER-MASTER-7-FDBB8
Domain,DOM-HUM-LANGUAGES-LITERAT-85D79,SRC-HUM-CAREER-MASTER-8-2B307
Domain,DOM-HUM-LANGUAGES-LITERAT-85D79,SRC-HUM-CAREER-MASTER-9-4B35C
Domain,DOM-HUM-LANGUAGES-LITERAT-85D79,SRC-HUM-CATEGORY-SUMMARY-7C911
Domain,DOM-HUM-MEDIA-COMMUNICATI-834B4,SRC-HUM-CAREER-MASTER-97-F19BD
Domain,DOM-HUM-MEDIA-COMMUNICATI-834B4,SRC-HUM-CAREER-MASTER-98-7F9B9
Domain,DOM-HUM-MEDIA-COMMUNICATI-834B4,SRC-HUM-CAREER-MASTER-99-D6F78
Domain,DOM-HUM-PERFORMING-ARTS-566E4,SRC-HUM-CAREER-MASTER-85-D4B9E
Domain,DOM-HUM-PERFORMING-ARTS-566E4,SRC-HUM-CAREER-MASTER-86-E0BF7
Domain,DOM-HUM-PERFORMING-ARTS-566E4,SRC-HUM-CAREER-MASTER-87-E33A0
Domain,DOM-HUM-PERFORMING-ARTS-566E4,SRC-HUM-CAREER-MASTER-88-22D30
Domain,DOM-HUM-PERFORMING-FINE-A-8422E,SRC-HUM-CAREER-MASTER-60-80198
Domain,DOM-HUM-PERFORMING-FINE-A-8422E,SRC-HUM-CAREER-MASTER-61-9BD4C
Domain,DOM-HUM-PERFORMING-FINE-A-8422E,SRC-HUM-CAREER-MASTER-62-DE7AA
Domain,DOM-HUM-PERFORMING-FINE-A-8422E,SRC-HUM-CAREER-MASTER-63-A0F6F
Domain,DOM-HUM-PERFORMING-FINE-A-8422E,SRC-HUM-CAREER-MASTER-64-843C8
Domain,DOM-HUM-PERFORMING-FINE-A-8422E,SRC-HUM-CAREER-MASTER-65-D658D
Domain,DOM-HUM-PERFORMING-FINE-A-8422E,SRC-HUM-CAREER-MASTER-66-C721A
Domain,DOM-HUM-PERFORMING-FINE-A-8422E,SRC-HUM-CATEGORY-SUMMARY-F6F3D
Domain,DOM-HUM-PHILOSOPHY-B9D5A,SRC-HUM-SUBJECT-MAP-8-CD35D
Domain,DOM-HUM-PHILOSOPHY-ETHICS-DCD19,SRC-HUM-CAREER-MASTER-42-47380
Domain,DOM-HUM-PHILOSOPHY-ETHICS-DCD19,SRC-HUM-CAREER-MASTER-43-58812
Domain,DOM-HUM-PHILOSOPHY-ETHICS-DCD19,SRC-HUM-CAREER-MASTER-44-6D2D1
Domain,DOM-HUM-PHILOSOPHY-ETHICS-DCD19,SRC-HUM-CAREER-MASTER-45-1D0BD
Domain,DOM-HUM-PHILOSOPHY-ETHICS-DCD19,SRC-HUM-CATEGORY-SUMMARY-4DA76
Domain,DOM-HUM-POLITICAL-SCIENCE-1E5AB,SRC-HUM-CAREER-MASTER-17-D5B92
Domain,DOM-HUM-POLITICAL-SCIENCE-1E5AB,SRC-HUM-CAREER-MASTER-18-12B60
Domain,DOM-HUM-POLITICAL-SCIENCE-1E5AB,SRC-HUM-CAREER-MASTER-19-0B12C
Domain,DOM-HUM-POLITICAL-SCIENCE-1E5AB,SRC-HUM-CAREER-MASTER-20-8B3E3
Domain,DOM-HUM-POLITICAL-SCIENCE-1E5AB,SRC-HUM-CAREER-MASTER-21-F0328
Domain,DOM-HUM-POLITICAL-SCIENCE-1E5AB,SRC-HUM-CAREER-MASTER-22-617DD
Domain,DOM-HUM-POLITICAL-SCIENCE-1E5AB,SRC-HUM-CATEGORY-SUMMARY-EE070
Domain,DOM-HUM-POLITICAL-SCIENCE-F9E65,SRC-HUM-SUBJECT-MAP-4-8C938
Domain,DOM-HUM-PSYCHOLOGY-BEHAVI-C524E,SRC-HUM-CAREER-MASTER-29-B7371
Domain,DOM-HUM-PSYCHOLOGY-BEHAVI-C524E,SRC-HUM-CAREER-MASTER-30-A9F19
Domain,DOM-HUM-PSYCHOLOGY-BEHAVI-C524E,SRC-HUM-CAREER-MASTER-31-A540D
Domain,DOM-HUM-PSYCHOLOGY-BEHAVI-C524E,SRC-HUM-CAREER-MASTER-32-B00B2
Domain,DOM-HUM-PSYCHOLOGY-BEHAVI-C524E,SRC-HUM-CAREER-MASTER-33-DC7A3
Domain,DOM-HUM-PSYCHOLOGY-BEHAVI-C524E,SRC-HUM-CAREER-MASTER-34-B823F
Domain,DOM-HUM-PSYCHOLOGY-BEHAVI-C524E,SRC-HUM-CAREER-MASTER-35-51D96
Domain,DOM-HUM-PSYCHOLOGY-BEHAVI-C524E,SRC-HUM-CAREER-MASTER-36-7A11A
Domain,DOM-HUM-PSYCHOLOGY-BEHAVI-C524E,SRC-HUM-CATEGORY-SUMMARY-3F49A
Domain,DOM-HUM-PSYCHOLOGY-E7233,SRC-HUM-SUBJECT-MAP-6-A885A
Domain,DOM-HUM-PUBLISHING-EDITOR-37FCF,SRC-HUM-CAREER-MASTER-122-17C17
Domain,DOM-HUM-PUBLISHING-EDITOR-37FCF,SRC-HUM-CAREER-MASTER-123-6959C
Domain,DOM-HUM-PUBLISHING-EDITOR-37FCF,SRC-HUM-CAREER-MASTER-124-7DE43
Domain,DOM-HUM-PUBLISHING-EDITOR-37FCF,SRC-HUM-CAREER-MASTER-125-880CE
Domain,DOM-HUM-PUBLISHING-EDITOR-37FCF,SRC-HUM-CAREER-MASTER-126-9DD95
Domain,DOM-HUM-PUBLISHING-EDITOR-37FCF,SRC-HUM-CAREER-MASTER-127-A91E7
Domain,DOM-HUM-PUBLISHING-EDITOR-37FCF,SRC-HUM-CAREER-MASTER-128-5C41E
Domain,DOM-HUM-PUBLISHING-EDITOR-37FCF,SRC-HUM-CAREER-MASTER-129-99366
Domain,DOM-HUM-PUBLISHING-EDITOR-37FCF,SRC-HUM-CAREER-MASTER-130-096C6
Domain,DOM-HUM-PUBLISHING-EDITOR-37FCF,SRC-HUM-CAREER-MASTER-131-79A23
Domain,DOM-HUM-PUBLISHING-EDITOR-37FCF,SRC-HUM-CAREER-MASTER-132-219F4
Domain,DOM-HUM-PUBLISHING-EDITOR-37FCF,SRC-HUM-CAREER-MASTER-133-10FC5
Domain,DOM-HUM-PUBLISHING-EDITOR-37FCF,SRC-HUM-CAREER-MASTER-134-66ACD
Domain,DOM-HUM-PUBLISHING-EDITOR-37FCF,SRC-HUM-CAREER-MASTER-135-FE722
Domain,DOM-HUM-PUBLISHING-EDITOR-37FCF,SRC-HUM-CAREER-MASTER-136-350D3
Domain,DOM-HUM-PUBLISHING-EDITOR-37FCF,SRC-HUM-CAREER-MASTER-137-2EFC7
Domain,DOM-HUM-PUBLISHING-EDITOR-37FCF,SRC-HUM-CAREER-MASTER-138-EE168
Domain,DOM-HUM-PUBLISHING-EDITOR-37FCF,SRC-HUM-CAREER-MASTER-139-278F7
Domain,DOM-HUM-PUBLISHING-EDITOR-37FCF,SRC-HUM-CAREER-MASTER-140-176B0
Domain,DOM-HUM-PUBLISHING-EDITOR-37FCF,SRC-HUM-CAREER-MASTER-141-E0C7E
Domain,DOM-HUM-PUBLISHING-EDITOR-37FCF,SRC-HUM-CAREER-MASTER-142-FF69E
Domain,DOM-HUM-PUBLISHING-EDITOR-37FCF,SRC-HUM-CAREER-MASTER-143-F0F04
Domain,DOM-HUM-PUBLISHING-EDITOR-37FCF,SRC-HUM-CAREER-MASTER-144-D5730
Domain,DOM-HUM-PUBLISHING-EDITOR-37FCF,SRC-HUM-CAREER-MASTER-145-9DBFA
Domain,DOM-HUM-PUBLISHING-EDITOR-37FCF,SRC-HUM-CAREER-MASTER-146-00E3C
Domain,DOM-HUM-PUBLISHING-EDITOR-37FCF,SRC-HUM-CAREER-MASTER-147-A6F34
Domain,DOM-HUM-PUBLISHING-EDITOR-37FCF,SRC-HUM-CAREER-MASTER-148-BD778
Domain,DOM-HUM-PUBLISHING-EDITOR-37FCF,SRC-HUM-CAREER-MASTER-149-018E0
Domain,DOM-HUM-PUBLISHING-EDITOR-37FCF,SRC-HUM-CAREER-MASTER-150-DCDB0
Domain,DOM-HUM-PUBLISHING-EDITOR-37FCF,SRC-HUM-CAREER-MASTER-151-B7145
Domain,DOM-HUM-PUBLISHING-EDITOR-37FCF,SRC-HUM-CAREER-MASTER-152-2AE96
Domain,DOM-HUM-PUBLISHING-EDITOR-37FCF,SRC-HUM-CAREER-MASTER-153-FFE9B
Domain,DOM-HUM-PUBLISHING-EDITOR-37FCF,SRC-HUM-CAREER-MASTER-154-B65DA
Domain,DOM-HUM-PUBLISHING-EDITOR-37FCF,SRC-HUM-CAREER-MASTER-155-B1DA2
Domain,DOM-HUM-PUBLISHING-EDITOR-37FCF,SRC-HUM-CAREER-MASTER-156-75B2B
Domain,DOM-HUM-PUBLISHING-EDITOR-37FCF,SRC-HUM-CAREER-MASTER-157-D0EED
Domain,DOM-HUM-PUBLISHING-EDITOR-37FCF,SRC-HUM-CAREER-MASTER-158-72BAD
Domain,DOM-HUM-PUBLISHING-EDITOR-37FCF,SRC-HUM-CAREER-MASTER-159-45D71
Domain,DOM-HUM-PUBLISHING-EDITOR-37FCF,SRC-HUM-CAREER-MASTER-160-F1831
Domain,DOM-HUM-PUBLISHING-EDITOR-37FCF,SRC-HUM-CAREER-MASTER-161-5786D
Domain,DOM-HUM-PUBLISHING-EDITOR-37FCF,SRC-HUM-CATEGORY-SUMMARY-D324B
Domain,DOM-HUM-PUBLISHING-WRITIN-53DF9,SRC-HUM-CAREER-MASTER-72-04542
Domain,DOM-HUM-PUBLISHING-WRITIN-53DF9,SRC-HUM-CAREER-MASTER-73-E7D34
Domain,DOM-HUM-PUBLISHING-WRITIN-53DF9,SRC-HUM-CAREER-MASTER-74-AF59F
Domain,DOM-HUM-PUBLISHING-WRITIN-53DF9,SRC-HUM-CAREER-MASTER-75-D10C6
Domain,DOM-HUM-PUBLISHING-WRITIN-53DF9,SRC-HUM-CAREER-MASTER-76-1A2CD
Domain,DOM-HUM-PUBLISHING-WRITIN-53DF9,SRC-HUM-CAREER-MASTER-77-D02BF
Domain,DOM-HUM-PUBLISHING-WRITIN-53DF9,SRC-HUM-CAREER-MASTER-78-70E19
Domain,DOM-HUM-PUBLISHING-WRITIN-53DF9,SRC-HUM-CATEGORY-SUMMARY-77A65
Domain,DOM-HUM-RESEARCH-METHODS-D3253,SRC-HUM-SUBJECT-MAP-11-C8FA6
Domain,DOM-HUM-SOCIOLOGY-6DE4B,SRC-HUM-SUBJECT-MAP-5-B9885
Domain,DOM-HUM-SOCIOLOGY-SOCIAL-ACBF8,SRC-HUM-CAREER-MASTER-23-20325
Domain,DOM-HUM-SOCIOLOGY-SOCIAL-ACBF8,SRC-HUM-CAREER-MASTER-24-5EE8F
Domain,DOM-HUM-SOCIOLOGY-SOCIAL-ACBF8,SRC-HUM-CAREER-MASTER-25-74B48
Domain,DOM-HUM-SOCIOLOGY-SOCIAL-ACBF8,SRC-HUM-CAREER-MASTER-26-9F719
Domain,DOM-HUM-SOCIOLOGY-SOCIAL-ACBF8,SRC-HUM-CAREER-MASTER-27-64172
Domain,DOM-HUM-SOCIOLOGY-SOCIAL-ACBF8,SRC-HUM-CAREER-MASTER-28-8C8D5
Domain,DOM-HUM-SOCIOLOGY-SOCIAL-ACBF8,SRC-HUM-CATEGORY-SUMMARY-DD3B1
Domain,DOM-HUM-TRANSLATION-STUDI-E6541,SRC-HUM-CAREER-MASTER-105-686F2
Domain,DOM-HUM-TRANSLATION-STUDI-E6541,SRC-HUM-CAREER-MASTER-106-BD1DE
Domain,DOM-HUM-TRANSLATION-STUDI-E6541,SRC-HUM-CAREER-MASTER-107-EF3CE
Domain,DOM-HUM-TRANSLATION-STUDI-E6541,SRC-HUM-CAREER-MASTER-108-2085E
Domain,DOM-HUM-TRANSLATION-STUDI-E6541,SRC-HUM-CAREER-MASTER-109-6D196
Domain,DOM-HUM-VISUAL-ARTS-EC5B9,SRC-HUM-CAREER-MASTER-89-A6B59
Domain,DOM-HUM-VISUAL-ARTS-EC5B9,SRC-HUM-CAREER-MASTER-90-44126
Domain,DOM-HUM-VISUAL-ARTS-EC5B9,SRC-HUM-CAREER-MASTER-91-430B0
Domain,DOM-INTD-AGRI-TECHNOLOGY-4E700,SRC-INTD-CAREER-MASTER-18-4A776
Domain,DOM-INTD-AGRICULTURE-SUST-D4F98,SRC-INTD-AGRICULTURE-SUST-10F0A
Domain,DOM-INTD-AGRICULTURE-SUST-D4F98,SRC-INTD-AGRICULTURE-SUST-18B09
Domain,DOM-INTD-AGRICULTURE-SUST-D4F98,SRC-INTD-AGRICULTURE-SUST-8F979
Domain,DOM-INTD-AGRICULTURE-SUST-D4F98,SRC-INTD-AGRICULTURE-SUST-C476B
Domain,DOM-INTD-AGRICULTURE-SUST-D4F98,SRC-INTD-AGRICULTURE-SUST-E4A38
Domain,DOM-INTD-AI-GOVERNANCE-AA5A6,SRC-INTD-CAREER-MASTER-6-5526B
Domain,DOM-INTD-BEHAVIOUR-POLICY-5074A,SRC-INTD-CAREER-MASTER-12-24606
Domain,DOM-INTD-CLIMATE-FINANCE-B143E,SRC-INTD-CAREER-MASTER-16-4FBBA
Domain,DOM-INTD-COMMERCE-ANALYTI-2D765,SRC-INTD-CAREER-MASTER-14-59FE9
Domain,DOM-INTD-COMMERCE-ANALYTI-7F730,SRC-INTD-COMMERCE-ANALYTI-6B369
Domain,DOM-INTD-COMMERCE-ANALYTI-7F730,SRC-INTD-COMMERCE-ANALYTI-96327
Domain,DOM-INTD-COMMERCE-ANALYTI-7F730,SRC-INTD-COMMERCE-ANALYTI-A5A37
Domain,DOM-INTD-COMMERCE-ANALYTI-7F730,SRC-INTD-COMMERCE-ANALYTI-AA84B
Domain,DOM-INTD-COMMERCE-ANALYTI-7F730,SRC-INTD-COMMERCE-ANALYTI-AB3D5
Domain,DOM-INTD-COMMUNICATION-DE-E2111,SRC-INTD-CAREER-MASTER-9-F9A49
Domain,DOM-INTD-COMMUNITY-TRIBAL-53926,SRC-INTD-COMMUNITY-TRIBAL-05CF4
Domain,DOM-INTD-COMMUNITY-TRIBAL-53926,SRC-INTD-COMMUNITY-TRIBAL-14758
Domain,DOM-INTD-COMMUNITY-TRIBAL-53926,SRC-INTD-COMMUNITY-TRIBAL-18BF5
Domain,DOM-INTD-COMMUNITY-TRIBAL-53926,SRC-INTD-COMMUNITY-TRIBAL-1EA61
Domain,DOM-INTD-COMMUNITY-TRIBAL-53926,SRC-INTD-COMMUNITY-TRIBAL-2DA63
Domain,DOM-INTD-COMMUNITY-TRIBAL-53926,SRC-INTD-COMMUNITY-TRIBAL-31AA3
Domain,DOM-INTD-COMMUNITY-TRIBAL-53926,SRC-INTD-COMMUNITY-TRIBAL-32AE2
Domain,DOM-INTD-COMMUNITY-TRIBAL-53926,SRC-INTD-COMMUNITY-TRIBAL-36815
Domain,DOM-INTD-COMMUNITY-TRIBAL-53926,SRC-INTD-COMMUNITY-TRIBAL-40D3E
Domain,DOM-INTD-COMMUNITY-TRIBAL-53926,SRC-INTD-COMMUNITY-TRIBAL-44AE1
Domain,DOM-INTD-COMMUNITY-TRIBAL-53926,SRC-INTD-COMMUNITY-TRIBAL-4B91B
Domain,DOM-INTD-COMMUNITY-TRIBAL-53926,SRC-INTD-COMMUNITY-TRIBAL-52986
Domain,DOM-INTD-COMMUNITY-TRIBAL-53926,SRC-INTD-COMMUNITY-TRIBAL-546E8
Domain,DOM-INTD-COMMUNITY-TRIBAL-53926,SRC-INTD-COMMUNITY-TRIBAL-5D16A
Domain,DOM-INTD-COMMUNITY-TRIBAL-53926,SRC-INTD-COMMUNITY-TRIBAL-6366B
Domain,DOM-INTD-COMMUNITY-TRIBAL-53926,SRC-INTD-COMMUNITY-TRIBAL-673C7
Domain,DOM-INTD-COMMUNITY-TRIBAL-53926,SRC-INTD-COMMUNITY-TRIBAL-6DDFA
Domain,DOM-INTD-COMMUNITY-TRIBAL-53926,SRC-INTD-COMMUNITY-TRIBAL-70DF0
Domain,DOM-INTD-COMMUNITY-TRIBAL-53926,SRC-INTD-COMMUNITY-TRIBAL-76BA6
Domain,DOM-INTD-COMMUNITY-TRIBAL-53926,SRC-INTD-COMMUNITY-TRIBAL-7FBEF
Domain,DOM-INTD-COMMUNITY-TRIBAL-53926,SRC-INTD-COMMUNITY-TRIBAL-805C8
Domain,DOM-INTD-COMMUNITY-TRIBAL-53926,SRC-INTD-COMMUNITY-TRIBAL-8B6DD
Domain,DOM-INTD-COMMUNITY-TRIBAL-53926,SRC-INTD-COMMUNITY-TRIBAL-8C220
Domain,DOM-INTD-COMMUNITY-TRIBAL-53926,SRC-INTD-COMMUNITY-TRIBAL-92868
Domain,DOM-INTD-COMMUNITY-TRIBAL-53926,SRC-INTD-COMMUNITY-TRIBAL-92D6E
Domain,DOM-INTD-COMMUNITY-TRIBAL-53926,SRC-INTD-COMMUNITY-TRIBAL-962F8
Domain,DOM-INTD-COMMUNITY-TRIBAL-53926,SRC-INTD-COMMUNITY-TRIBAL-9FFB1
Domain,DOM-INTD-COMMUNITY-TRIBAL-53926,SRC-INTD-COMMUNITY-TRIBAL-A6D9B
Domain,DOM-INTD-COMMUNITY-TRIBAL-53926,SRC-INTD-COMMUNITY-TRIBAL-AB611
Domain,DOM-INTD-COMMUNITY-TRIBAL-53926,SRC-INTD-COMMUNITY-TRIBAL-B1564
Domain,DOM-INTD-COMMUNITY-TRIBAL-53926,SRC-INTD-COMMUNITY-TRIBAL-B59F0
Domain,DOM-INTD-COMMUNITY-TRIBAL-53926,SRC-INTD-COMMUNITY-TRIBAL-BFC9F
Domain,DOM-INTD-COMMUNITY-TRIBAL-53926,SRC-INTD-COMMUNITY-TRIBAL-C1B8A
Domain,DOM-INTD-COMMUNITY-TRIBAL-53926,SRC-INTD-COMMUNITY-TRIBAL-C77AE
Domain,DOM-INTD-COMMUNITY-TRIBAL-53926,SRC-INTD-COMMUNITY-TRIBAL-D5FAD
Domain,DOM-INTD-COMMUNITY-TRIBAL-53926,SRC-INTD-COMMUNITY-TRIBAL-DEE83
Domain,DOM-INTD-COMMUNITY-TRIBAL-53926,SRC-INTD-COMMUNITY-TRIBAL-F7D9E
Domain,DOM-INTD-COMMUNITY-TRIBAL-53926,SRC-INTD-COMMUNITY-TRIBAL-FADC5
Domain,DOM-INTD-COMMUNITY-TRIBAL-53926,SRC-INTD-COMMUNITY-TRIBAL-FE1EB
Domain,DOM-INTD-CULTURE-EXPERIEN-E64C5,SRC-INTD-CAREER-MASTER-24-057E6
Domain,DOM-INTD-DESIGN-BUSINESS-87851,SRC-INTD-DESIGN-BUSINESS-08635
Domain,DOM-INTD-DESIGN-BUSINESS-87851,SRC-INTD-DESIGN-BUSINESS-17949
Domain,DOM-INTD-DESIGN-BUSINESS-87851,SRC-INTD-DESIGN-BUSINESS-193B0
Domain,DOM-INTD-DESIGN-BUSINESS-87851,SRC-INTD-DESIGN-BUSINESS-6296B
Domain,DOM-INTD-DESIGN-BUSINESS-87851,SRC-INTD-DESIGN-BUSINESS-F2FC3
Domain,DOM-INTD-DESIGN-HUMAN-BEH-99F22,SRC-INTD-CAREER-MASTER-5-D82AE
Domain,DOM-INTD-EDTECH-LEARNING-662A6,SRC-INTD-CAREER-MASTER-25-75B23
Domain,DOM-INTD-EDUCATION-ANALYT-7DA9D,SRC-INTD-CAREER-MASTER-40-44709
Domain,DOM-INTD-EMERGING-FRONTIE-E49FE,SRC-INTD-EMERGING-FRONTIE-24C75
Domain,DOM-INTD-EMERGING-FRONTIE-E49FE,SRC-INTD-EMERGING-FRONTIE-63428
Domain,DOM-INTD-EMERGING-FRONTIE-E49FE,SRC-INTD-EMERGING-FRONTIE-7EE0A
Domain,DOM-INTD-EMERGING-FRONTIE-E49FE,SRC-INTD-EMERGING-FRONTIE-B4E45
Domain,DOM-INTD-EMERGING-FRONTIE-E49FE,SRC-INTD-EMERGING-FRONTIE-D4049
Domain,DOM-INTD-EMERGING-FRONTIE-E49FE,SRC-INTD-EMERGING-FRONTIE-EF734
Domain,DOM-INTD-ENVIRONMENT-GOVE-503AE,SRC-INTD-CAREER-MASTER-35-A7913
Domain,DOM-INTD-FASHION-BUSINESS-6862A,SRC-INTD-CAREER-MASTER-32-F8212
Domain,DOM-INTD-FINANCE-ANALYTIC-B718F,SRC-INTD-CAREER-MASTER-15-458F6
Domain,DOM-INTD-FOOD-ENTERPRISE-2471B,SRC-INTD-CAREER-MASTER-19-DB325
Domain,DOM-INTD-GEOSPATIAL-DATA-B5F14,SRC-INTD-CAREER-MASTER-20-3DF81
Domain,DOM-INTD-HEALTHCARE-ANALY-14C0C,SRC-INTD-CAREER-MASTER-4-56B16
Domain,DOM-INTD-HEALTHCARE-ANALY-14C0C,SRC-INTD-HEALTHCARE-ANALY-6E697
Domain,DOM-INTD-HEALTHCARE-ANALY-14C0C,SRC-INTD-HEALTHCARE-ANALY-A8D54
Domain,DOM-INTD-HEALTHCARE-ANALY-14C0C,SRC-INTD-HEALTHCARE-ANALY-B9E89
Domain,DOM-INTD-HEALTHCARE-ANALY-14C0C,SRC-INTD-HEALTHCARE-ANALY-DDD2A
Domain,DOM-INTD-HEALTHCARE-ANALY-14C0C,SRC-INTD-HEALTHCARE-ANALY-F853F
Domain,DOM-INTD-HEALTHCARE-PRODU-9EE1F,SRC-INTD-CAREER-MASTER-22-49502
Domain,DOM-INTD-HUMAN-FACTORS-C62B4,SRC-INTD-CAREER-MASTER-34-5C81F
Domain,DOM-INTD-HUMANITIES-TECHN-8E12A,SRC-INTD-CAREER-MASTER-10-74120
Domain,DOM-INTD-HUMANITIES-TECHN-8E12A,SRC-INTD-HUMANITIES-TECHN-4C875
Domain,DOM-INTD-HUMANITIES-TECHN-8E12A,SRC-INTD-HUMANITIES-TECHN-71416
Domain,DOM-INTD-HUMANITIES-TECHN-8E12A,SRC-INTD-HUMANITIES-TECHN-81CAB
Domain,DOM-INTD-HUMANITIES-TECHN-8E12A,SRC-INTD-HUMANITIES-TECHN-F36DE
Domain,DOM-INTD-HUMANITIES-TECHN-8E12A,SRC-INTD-HUMANITIES-TECHN-F884C
Domain,DOM-INTD-INTERDISCIPLINAR-8FD42,SRC-INTD-INTERDISCIPLINAR-03FC9
Domain,DOM-INTD-INTERDISCIPLINAR-8FD42,SRC-INTD-INTERDISCIPLINAR-15560
Domain,DOM-INTD-INTERDISCIPLINAR-8FD42,SRC-INTD-INTERDISCIPLINAR-2BCDB
Domain,DOM-INTD-INTERDISCIPLINAR-8FD42,SRC-INTD-INTERDISCIPLINAR-32083
Domain,DOM-INTD-INTERDISCIPLINAR-8FD42,SRC-INTD-INTERDISCIPLINAR-32E22
Domain,DOM-INTD-INTERDISCIPLINAR-8FD42,SRC-INTD-INTERDISCIPLINAR-85260
Domain,DOM-INTD-INTERDISCIPLINAR-8FD42,SRC-INTD-INTERDISCIPLINAR-A1451
Domain,DOM-INTD-INTERDISCIPLINAR-8FD42,SRC-INTD-INTERDISCIPLINAR-AEAE7
Domain,DOM-INTD-INTERDISCIPLINAR-8FD42,SRC-INTD-INTERDISCIPLINAR-D2E66
Domain,DOM-INTD-INTERDISCIPLINAR-8FD42,SRC-INTD-INTERDISCIPLINAR-F321C
Domain,DOM-INTD-INTERDISCIPLINAR-8FD42,SRC-INTD-INTERDISCIPLINAR-F7713
Domain,DOM-INTD-INTERDISCIPLINAR-8FD42,SRC-INTD-INTERDISCIPLINAR-FBAB9
Domain,DOM-INTD-LANGUAGE-AI-BE738,SRC-INTD-CAREER-MASTER-11-54838
Domain,DOM-INTD-LAW-ANALYTICS-3E609,SRC-INTD-CAREER-MASTER-39-1CAC8
Domain,DOM-INTD-LAW-DESIGN-663F0,SRC-INTD-CAREER-MASTER-26-E5D09
Domain,DOM-INTD-LAW-TECH-C84AB,SRC-INTD-CAREER-MASTER-7-9419C
Domain,DOM-INTD-LAW-TECHNOLOGY-G-C7210,SRC-INTD-LAW-TECHNOLOGY-G-1997C
Domain,DOM-INTD-LAW-TECHNOLOGY-G-C7210,SRC-INTD-LAW-TECHNOLOGY-G-1D712
Domain,DOM-INTD-LAW-TECHNOLOGY-G-C7210,SRC-INTD-LAW-TECHNOLOGY-G-D54B7
Domain,DOM-INTD-LAW-TECHNOLOGY-G-C7210,SRC-INTD-LAW-TECHNOLOGY-G-E678D
Domain,DOM-INTD-LAW-TECHNOLOGY-G-C7210,SRC-INTD-LAW-TECHNOLOGY-G-EB6B7
Domain,DOM-INTD-LIFE-SCIENCES-DA-36B7A,SRC-INTD-CAREER-MASTER-3-BE883
Domain,DOM-INTD-MEDIA-BUSINESS-A8960,SRC-INTD-CAREER-MASTER-33-F92C9
Domain,DOM-INTD-MEDIA-COMMUNICAT-2CA67,SRC-INTD-MEDIA-COMMUNICAT-4E400
Domain,DOM-INTD-MEDIA-COMMUNICAT-2CA67,SRC-INTD-MEDIA-COMMUNICAT-7C34A
Domain,DOM-INTD-MEDIA-COMMUNICAT-2CA67,SRC-INTD-MEDIA-COMMUNICAT-947CB
Domain,DOM-INTD-MEDIA-COMMUNICAT-2CA67,SRC-INTD-MEDIA-COMMUNICAT-C59BC
Domain,DOM-INTD-MEDIA-COMMUNICAT-2CA67,SRC-INTD-MEDIA-COMMUNICAT-FEBB3
Domain,DOM-INTD-MEDIA-DATA-C501B,SRC-INTD-CAREER-MASTER-27-8255E
Domain,DOM-INTD-PHARMA-BUSINESS-FF814,SRC-INTD-CAREER-MASTER-31-7AF4C
Domain,DOM-INTD-PSYCHOLOGY-BUSIN-12722,SRC-INTD-CAREER-MASTER-13-385ED
Domain,DOM-INTD-PSYCHOLOGY-BUSIN-B8F2C,SRC-INTD-PSYCHOLOGY-BUSIN-2D6B6
Domain,DOM-INTD-PSYCHOLOGY-BUSIN-B8F2C,SRC-INTD-PSYCHOLOGY-BUSIN-35B2B
Domain,DOM-INTD-PSYCHOLOGY-BUSIN-B8F2C,SRC-INTD-PSYCHOLOGY-BUSIN-9BA81
Domain,DOM-INTD-PSYCHOLOGY-BUSIN-B8F2C,SRC-INTD-PSYCHOLOGY-BUSIN-C4132
Domain,DOM-INTD-PSYCHOLOGY-BUSIN-B8F2C,SRC-INTD-PSYCHOLOGY-BUSIN-E4A37
Domain,DOM-INTD-PUBLIC-POLICY-C51D1,SRC-INTD-CAREER-MASTER-8-EE27D
Domain,DOM-INTD-PUBLIC-POLICY-EC-CCDB1,SRC-INTD-PUBLIC-POLICY-EC-1A81C
Domain,DOM-INTD-PUBLIC-POLICY-EC-CCDB1,SRC-INTD-PUBLIC-POLICY-EC-7E603
Domain,DOM-INTD-PUBLIC-POLICY-EC-CCDB1,SRC-INTD-PUBLIC-POLICY-EC-9611B
Domain,DOM-INTD-PUBLIC-POLICY-EC-CCDB1,SRC-INTD-PUBLIC-POLICY-EC-977E9
Domain,DOM-INTD-PUBLIC-POLICY-EC-CCDB1,SRC-INTD-PUBLIC-POLICY-EC-F6D17
Domain,DOM-INTD-RURAL-INNOVATION-762BF,SRC-INTD-CAREER-MASTER-30-6EB12
Domain,DOM-INTD-SCIENCE-COMMUNIC-73E7A,SRC-INTD-CAREER-MASTER-23-8DACF
Domain,DOM-INTD-SOCIAL-SCIENCE-D-53A04,SRC-INTD-CAREER-MASTER-37-540BB
Domain,DOM-INTD-SOCIAL-SECTOR-AN-51438,SRC-INTD-CAREER-MASTER-29-675E4
Domain,DOM-INTD-SPACE-POLICY-27B46,SRC-INTD-CAREER-MASTER-38-04B9B
Domain,DOM-INTD-SPECIALIZED-RARE-07D0A,SRC-INTD-SPECIALIZED-RARE-00253
Domain,DOM-INTD-SPECIALIZED-RARE-07D0A,SRC-INTD-SPECIALIZED-RARE-00D68
Domain,DOM-INTD-SPECIALIZED-RARE-07D0A,SRC-INTD-SPECIALIZED-RARE-083E5
Domain,DOM-INTD-SPECIALIZED-RARE-07D0A,SRC-INTD-SPECIALIZED-RARE-08EE8
Domain,DOM-INTD-SPECIALIZED-RARE-07D0A,SRC-INTD-SPECIALIZED-RARE-13F15
Domain,DOM-INTD-SPECIALIZED-RARE-07D0A,SRC-INTD-SPECIALIZED-RARE-2BC1C
Domain,DOM-INTD-SPECIALIZED-RARE-07D0A,SRC-INTD-SPECIALIZED-RARE-3274F
Domain,DOM-INTD-SPECIALIZED-RARE-07D0A,SRC-INTD-SPECIALIZED-RARE-43196
Domain,DOM-INTD-SPECIALIZED-RARE-07D0A,SRC-INTD-SPECIALIZED-RARE-520E2
Domain,DOM-INTD-SPECIALIZED-RARE-07D0A,SRC-INTD-SPECIALIZED-RARE-523C6
Domain,DOM-INTD-SPECIALIZED-RARE-07D0A,SRC-INTD-SPECIALIZED-RARE-5356E
Domain,DOM-INTD-SPECIALIZED-RARE-07D0A,SRC-INTD-SPECIALIZED-RARE-564D9
Domain,DOM-INTD-SPECIALIZED-RARE-07D0A,SRC-INTD-SPECIALIZED-RARE-5DE5B
Domain,DOM-INTD-SPECIALIZED-RARE-07D0A,SRC-INTD-SPECIALIZED-RARE-5FA01
Domain,DOM-INTD-SPECIALIZED-RARE-07D0A,SRC-INTD-SPECIALIZED-RARE-68D68
Domain,DOM-INTD-SPECIALIZED-RARE-07D0A,SRC-INTD-SPECIALIZED-RARE-6A582
Domain,DOM-INTD-SPECIALIZED-RARE-07D0A,SRC-INTD-SPECIALIZED-RARE-6AD5E
Domain,DOM-INTD-SPECIALIZED-RARE-07D0A,SRC-INTD-SPECIALIZED-RARE-6D6C1
Domain,DOM-INTD-SPECIALIZED-RARE-07D0A,SRC-INTD-SPECIALIZED-RARE-6F074
Domain,DOM-INTD-SPECIALIZED-RARE-07D0A,SRC-INTD-SPECIALIZED-RARE-6F26B
Domain,DOM-INTD-SPECIALIZED-RARE-07D0A,SRC-INTD-SPECIALIZED-RARE-7B37F
Domain,DOM-INTD-SPECIALIZED-RARE-07D0A,SRC-INTD-SPECIALIZED-RARE-7BFEF
Domain,DOM-INTD-SPECIALIZED-RARE-07D0A,SRC-INTD-SPECIALIZED-RARE-7D6DB
Domain,DOM-INTD-SPECIALIZED-RARE-07D0A,SRC-INTD-SPECIALIZED-RARE-7F847
Domain,DOM-INTD-SPECIALIZED-RARE-07D0A,SRC-INTD-SPECIALIZED-RARE-7FF5B
Domain,DOM-INTD-SPECIALIZED-RARE-07D0A,SRC-INTD-SPECIALIZED-RARE-870DE
Domain,DOM-INTD-SPECIALIZED-RARE-07D0A,SRC-INTD-SPECIALIZED-RARE-875E3
Domain,DOM-INTD-SPECIALIZED-RARE-07D0A,SRC-INTD-SPECIALIZED-RARE-93F19
Domain,DOM-INTD-SPECIALIZED-RARE-07D0A,SRC-INTD-SPECIALIZED-RARE-94069
Domain,DOM-INTD-SPECIALIZED-RARE-07D0A,SRC-INTD-SPECIALIZED-RARE-9630A
Domain,DOM-INTD-SPECIALIZED-RARE-07D0A,SRC-INTD-SPECIALIZED-RARE-9699B
Domain,DOM-INTD-SPECIALIZED-RARE-07D0A,SRC-INTD-SPECIALIZED-RARE-9EE79
Domain,DOM-INTD-SPECIALIZED-RARE-07D0A,SRC-INTD-SPECIALIZED-RARE-A58AB
Domain,DOM-INTD-SPECIALIZED-RARE-07D0A,SRC-INTD-SPECIALIZED-RARE-A6A67
Domain,DOM-INTD-SPECIALIZED-RARE-07D0A,SRC-INTD-SPECIALIZED-RARE-AB7F5
Domain,DOM-INTD-SPECIALIZED-RARE-07D0A,SRC-INTD-SPECIALIZED-RARE-B24CA
Domain,DOM-INTD-SPECIALIZED-RARE-07D0A,SRC-INTD-SPECIALIZED-RARE-B5FD1
Domain,DOM-INTD-SPECIALIZED-RARE-07D0A,SRC-INTD-SPECIALIZED-RARE-BB344
Domain,DOM-INTD-SPECIALIZED-RARE-07D0A,SRC-INTD-SPECIALIZED-RARE-BF233
Domain,DOM-INTD-SPECIALIZED-RARE-07D0A,SRC-INTD-SPECIALIZED-RARE-CCB71
Domain,DOM-INTD-SPECIALIZED-RARE-07D0A,SRC-INTD-SPECIALIZED-RARE-D09AB
Domain,DOM-INTD-SPECIALIZED-RARE-07D0A,SRC-INTD-SPECIALIZED-RARE-D1797
Domain,DOM-INTD-SPECIALIZED-RARE-07D0A,SRC-INTD-SPECIALIZED-RARE-D3B33
Domain,DOM-INTD-SPECIALIZED-RARE-07D0A,SRC-INTD-SPECIALIZED-RARE-D4AD2
Domain,DOM-INTD-SPECIALIZED-RARE-07D0A,SRC-INTD-SPECIALIZED-RARE-DA96F
Domain,DOM-INTD-SPECIALIZED-RARE-07D0A,SRC-INTD-SPECIALIZED-RARE-DB437
Domain,DOM-INTD-SPECIALIZED-RARE-07D0A,SRC-INTD-SPECIALIZED-RARE-E275D
Domain,DOM-INTD-SPECIALIZED-RARE-07D0A,SRC-INTD-SPECIALIZED-RARE-E4969
Domain,DOM-INTD-SPECIALIZED-RARE-07D0A,SRC-INTD-SPECIALIZED-RARE-E55DF
Domain,DOM-INTD-SPECIALIZED-RARE-07D0A,SRC-INTD-SPECIALIZED-RARE-EB4E2
Domain,DOM-INTD-SPECIALIZED-RARE-07D0A,SRC-INTD-SPECIALIZED-RARE-F370C
Domain,DOM-INTD-SPECIALIZED-RARE-07D0A,SRC-INTD-SPECIALIZED-RARE-F7824
Domain,DOM-INTD-SPORTS-ANALYTICS-A31F2,SRC-INTD-CAREER-MASTER-28-7ED33
Domain,DOM-INTD-SUSTAINABILITY-E-5D9C9,SRC-INTD-CAREER-MASTER-36-B1F3F
Domain,DOM-INTD-SUSTAINABILITY-M-27061,SRC-INTD-CAREER-MASTER-17-E847E
Domain,DOM-INTD-URBAN-GOVERNANCE-5055C,SRC-INTD-CAREER-MASTER-21-AD84A
Domain,DOM-LAW-ADJACENT-LEGAL-PR-2FAC5,SRC-LAW-CAREER-MASTER-53-4D3F3
Domain,DOM-LAW-ADJACENT-LEGAL-PR-2FAC5,SRC-LAW-CAREER-MASTER-54-9FE7E
Domain,DOM-LAW-ADJACENT-LEGAL-PR-2FAC5,SRC-LAW-CAREER-MASTER-55-A70E5
Domain,DOM-LAW-ADJACENT-LEGAL-PR-2FAC5,SRC-LAW-CAREER-MASTER-56-479A7
Domain,DOM-LAW-ADJACENT-LEGAL-PR-2FAC5,SRC-LAW-CAREER-MASTER-87-2F4BA
Domain,DOM-LAW-ADR-LEGAL-TECH-F7FAE,SRC-LAW-CAREER-MASTER-62-65BD3
Domain,DOM-LAW-ADVISORY-RISK-DEA87,SRC-LAW-CAREER-MASTER-67-87B6E
Domain,DOM-LAW-CIVIL-REGULATORY-212AA,SRC-LAW-CAREER-MASTER-47-238F8
Domain,DOM-LAW-COMPLIANCE-GOVERN-C4820,SRC-LAW-CAREER-MASTER-14-E87AB
Domain,DOM-LAW-CORE-LEGAL-PRACTI-A73A3,SRC-LAW-CAREER-MASTER-3-A9AF2
Domain,DOM-LAW-CORE-LEGAL-PRACTI-A73A3,SRC-LAW-CAREER-MASTER-4-16FA6
Domain,DOM-LAW-CORPORATE-ECONOMI-DCC32,SRC-LAW-CAREER-MASTER-46-CF96B
Domain,DOM-LAW-CORPORATE-FINANCE-1A26B,SRC-LAW-CAREER-MASTER-39-7B981
Domain,DOM-LAW-CORPORATE-FINANCE-1A26B,SRC-LAW-CAREER-MASTER-41-D3D45
Domain,DOM-LAW-CORPORATE-FINANCE-1A26B,SRC-LAW-CAREER-MASTER-42-2A8F4
Domain,DOM-LAW-CORPORATE-GOVERNA-011BC,SRC-LAW-CAREER-MASTER-13-EFE20
Domain,DOM-LAW-CORPORATE-GOVERNA-3544C,SRC-LAW-CAREER-MASTER-72-FBE16
Domain,DOM-LAW-CORPORATE-INSTITU-CFBDC,SRC-LAW-CAREER-MASTER-12-C3428
Domain,DOM-LAW-CORPORATE-PUBLIC-A1367,SRC-LAW-CAREER-MASTER-50-8B165
Domain,DOM-LAW-CORPORATE-SOCIAL-67E66,SRC-LAW-CAREER-MASTER-52-9AD42
Domain,DOM-LAW-CREATIVE-ECONOMY-7656F,SRC-LAW-CAREER-MASTER-26-18AAA
Domain,DOM-LAW-CREATIVE-ECONOMY-7656F,SRC-LAW-CAREER-MASTER-27-FC4C5
Domain,DOM-LAW-CRIMINAL-CORPORAT-EFE1F,SRC-LAW-CAREER-MASTER-89-19DB4
Domain,DOM-LAW-CRIMINAL-JUSTICE-16F98,SRC-LAW-CAREER-MASTER-35-F8686
Domain,DOM-LAW-CRIMINAL-JUSTICE-F8242,SRC-LAW-CAREER-MASTER-34-173C2
Domain,DOM-LAW-CRIMINAL-JUSTICE-FB220,SRC-LAW-CAREER-MASTER-33-A96FE
Domain,DOM-LAW-DISPUTE-RESOLUTIO-75BD6,SRC-LAW-CAREER-MASTER-10-2F228
Domain,DOM-LAW-DISPUTE-RESOLUTIO-75BD6,SRC-LAW-CAREER-MASTER-11-476C1
Domain,DOM-LAW-ENTREPRENEURSHIP-3D28F,SRC-LAW-CAREER-MASTER-84-35763
Domain,DOM-LAW-FINANCE-LEGAL-SER-B2B09,SRC-LAW-CAREER-MASTER-66-EBE9D
Domain,DOM-LAW-FINANCIAL-CRIME-C-74719,SRC-LAW-CAREER-MASTER-88-3B9CA
Domain,DOM-LAW-FLEXIBLE-LEGAL-LI-68ADA,SRC-LAW-FLEXIBLE-LEGAL-LI-0F107
Domain,DOM-LAW-FLEXIBLE-LEGAL-LI-68ADA,SRC-LAW-FLEXIBLE-LEGAL-LI-6B85F
Domain,DOM-LAW-FLEXIBLE-LEGAL-LI-68ADA,SRC-LAW-FLEXIBLE-LEGAL-LI-98C5D
Domain,DOM-LAW-FLEXIBLE-LEGAL-LI-68ADA,SRC-LAW-FLEXIBLE-LEGAL-LI-AADB2
Domain,DOM-LAW-FLEXIBLE-LEGAL-LI-68ADA,SRC-LAW-FLEXIBLE-LEGAL-LI-D3FD4
Domain,DOM-LAW-FLEXIBLE-LEGAL-LI-68ADA,SRC-LAW-FLEXIBLE-LEGAL-LI-D5EBF
Domain,DOM-LAW-FUTURISTIC-SECTOR-E912C,SRC-LAW-CAREER-MASTER-82-E8BB0
Domain,DOM-LAW-GOVERNANCE-ETHICS-4F04E,SRC-LAW-CAREER-MASTER-85-6AD42
Domain,DOM-LAW-GOVERNMENT-DEFENC-0FAAD,SRC-LAW-CAREER-MASTER-90-76B64
Domain,DOM-LAW-GOVERNMENT-POLICY-43AB4,SRC-LAW-CAREER-MASTER-36-2BF16
Domain,DOM-LAW-GOVERNMENT-POLICY-43AB4,SRC-LAW-CAREER-MASTER-37-0AE0D
Domain,DOM-LAW-INSOLVENCY-RESTRU-27814,SRC-LAW-CAREER-MASTER-43-E6754
Domain,DOM-LAW-INSOLVENCY-RESTRU-27814,SRC-LAW-CAREER-MASTER-44-B5C16
Domain,DOM-LAW-INTERNATIONAL-LAW-0B788,SRC-LAW-CAREER-MASTER-91-2362E
Domain,DOM-LAW-INTERNATIONAL-PEO-6AFD9,SRC-LAW-CAREER-MASTER-30-EECAC
Domain,DOM-LAW-INTERNATIONAL-TRA-24631,SRC-LAW-CAREER-MASTER-29-369AD
Domain,DOM-LAW-INTERNATIONAL-TRA-50DAA,SRC-LAW-CAREER-MASTER-80-262D4
Domain,DOM-LAW-INTERNATIONAL-TRA-50DAA,SRC-LAW-CAREER-MASTER-81-4442D
Domain,DOM-LAW-IP-INNOVATION-FBCAA,SRC-LAW-CAREER-MASTER-23-43415
Domain,DOM-LAW-IP-INNOVATION-FBCAA,SRC-LAW-CAREER-MASTER-24-C1597
Domain,DOM-LAW-IP-INNOVATION-FBCAA,SRC-LAW-CAREER-MASTER-25-7E39F
Domain,DOM-LAW-JUDICIARY-PUBLIC-62450,SRC-LAW-CAREER-MASTER-5-2FD1B
Domain,DOM-LAW-JUDICIARY-PUBLIC-62450,SRC-LAW-CAREER-MASTER-6-883AB
Domain,DOM-LAW-JUDICIARY-PUBLIC-62450,SRC-LAW-CAREER-MASTER-9-14BCA
Domain,DOM-LAW-KNOWLEDGE-PUBLIC-BDC0F,SRC-LAW-CAREER-MASTER-92-F696F
Domain,DOM-LAW-LAW-AI-E2CE9,SRC-LAW-EMERGING-NICHE-IN-C559B
Domain,DOM-LAW-LAW-AI-ETHICS-ADE8C,SRC-LAW-EMERGING-NICHE-IN-10E23
Domain,DOM-LAW-LAW-AI-SYSTEMS-9ECD0,SRC-LAW-EMERGING-NICHE-IN-27C48
Domain,DOM-LAW-LAW-AI-SYSTEMS-9ECD0,SRC-LAW-EMERGING-NICHE-IN-63974
Domain,DOM-LAW-LAW-ANALYTICS-18746,SRC-LAW-EMERGING-NICHE-IN-67488
Domain,DOM-LAW-LAW-ART-7C899,SRC-LAW-EMERGING-NICHE-IN-639E2
Domain,DOM-LAW-LAW-AVIATION-365EB,SRC-LAW-EMERGING-NICHE-IN-70B18
Domain,DOM-LAW-LAW-BIOETHICS-4C8D6,SRC-LAW-EMERGING-NICHE-IN-3F5CC
Domain,DOM-LAW-LAW-BLOCKCHAIN-B393E,SRC-LAW-EMERGING-NICHE-IN-E2642
Domain,DOM-LAW-LAW-CHILD-PROTECT-CD8FA,SRC-LAW-EMERGING-NICHE-IN-69FB7
Domain,DOM-LAW-LAW-COUNSELLING-06417,SRC-LAW-EMERGING-NICHE-IN-7D53D
Domain,DOM-LAW-LAW-COUNSELLING-06417,SRC-LAW-LAW-COUNSELLING-2-442C3
Domain,DOM-LAW-LAW-COUNSELLING-06417,SRC-LAW-LAW-COUNSELLING-3-57677
Domain,DOM-LAW-LAW-COUNSELLING-06417,SRC-LAW-LAW-COUNSELLING-4-9B3DF
Domain,DOM-LAW-LAW-COUNSELLING-06417,SRC-LAW-LAW-COUNSELLING-5-2B54D
Domain,DOM-LAW-LAW-CREATOR-ECONO-2F326,SRC-LAW-EMERGING-NICHE-IN-65E40
Domain,DOM-LAW-LAW-CYBER-9D536,SRC-LAW-EMERGING-NICHE-IN-76AAC
Domain,DOM-LAW-LAW-DIGITAL-ECONO-7350B,SRC-LAW-LAW-DIGITAL-ECONO-123AF
Domain,DOM-LAW-LAW-DIGITAL-ECONO-7350B,SRC-LAW-LAW-DIGITAL-ECONO-5DD00
Domain,DOM-LAW-LAW-DIGITAL-ECONO-7350B,SRC-LAW-LAW-DIGITAL-ECONO-91AEE
Domain,DOM-LAW-LAW-DIGITAL-ECONO-7350B,SRC-LAW-LAW-DIGITAL-ECONO-AB5C7
Domain,DOM-LAW-LAW-DIGITAL-ECONO-7350B,SRC-LAW-LAW-DIGITAL-ECONO-DE643
Domain,DOM-LAW-LAW-DIGITAL-IDENT-D6F36,SRC-LAW-EMERGING-NICHE-IN-3BE74
Domain,DOM-LAW-LAW-DIGITAL-IP-C8141,SRC-LAW-EMERGING-NICHE-IN-66951
Domain,DOM-LAW-LAW-DIGITAL-MEDIA-C0EB3,SRC-LAW-EMERGING-NICHE-IN-FCB76
Domain,DOM-LAW-LAW-EDTECH-47B26,SRC-LAW-EMERGING-NICHE-IN-867FD
Domain,DOM-LAW-LAW-EDUCATION-2C526,SRC-LAW-EMERGING-NICHE-IN-03ABD
Domain,DOM-LAW-LAW-EDUCATION-2C526,SRC-LAW-EMERGING-NICHE-IN-CB350
Domain,DOM-LAW-LAW-EDUCATION-2C526,SRC-LAW-LAW-EDUCATION-2-61793
Domain,DOM-LAW-LAW-EDUCATION-2C526,SRC-LAW-LAW-EDUCATION-3-E60B7
Domain,DOM-LAW-LAW-EDUCATION-2C526,SRC-LAW-LAW-EDUCATION-4-D5302
Domain,DOM-LAW-LAW-EDUCATION-2C526,SRC-LAW-LAW-EDUCATION-5-9F4D1
Domain,DOM-LAW-LAW-ELECTIONS-9216C,SRC-LAW-EMERGING-NICHE-IN-8CF3C
Domain,DOM-LAW-LAW-ENVIRONMENT-A5A57,SRC-LAW-EMERGING-NICHE-IN-B565E
Domain,DOM-LAW-LAW-GENERATIVE-AI-CE4FB,SRC-LAW-EMERGING-NICHE-IN-D6C1D
Domain,DOM-LAW-LAW-GERONTOLOGY-E0229,SRC-LAW-EMERGING-NICHE-IN-49FA3
Domain,DOM-LAW-LAW-HEALTHCARE-40205,SRC-LAW-EMERGING-NICHE-IN-23F66
Domain,DOM-LAW-LAW-HERITAGE-CDB24,SRC-LAW-EMERGING-NICHE-IN-1CCCB
Domain,DOM-LAW-LAW-LANGUAGE-A97C4,SRC-LAW-EMERGING-NICHE-IN-CD32D
Domain,DOM-LAW-LAW-LOCAL-GOVERNA-9E0FC,SRC-LAW-EMERGING-NICHE-IN-7B681
Domain,DOM-LAW-LAW-MEDIA-EC049,SRC-LAW-EMERGING-NICHE-IN-75172
Domain,DOM-LAW-LAW-MOBILITY-TECH-A864D,SRC-LAW-EMERGING-NICHE-IN-7396A
Domain,DOM-LAW-LAW-POLICY-AB660,SRC-LAW-EMERGING-NICHE-IN-4CBC8
Domain,DOM-LAW-LAW-PUBLIC-POLICY-F889C,SRC-LAW-EMERGING-NICHE-IN-C9E49
Domain,DOM-LAW-LAW-PUBLISHING-9E522,SRC-LAW-EMERGING-NICHE-IN-7184B
Domain,DOM-LAW-LAW-RELIGIOUS-GOV-E8ECE,SRC-LAW-EMERGING-NICHE-IN-B72F2
Domain,DOM-LAW-LAW-RELIGIOUS-INS-829E2,SRC-LAW-EMERGING-NICHE-IN-E5910
Domain,DOM-LAW-LAW-RURAL-GOVERNA-8B7C1,SRC-LAW-EMERGING-NICHE-IN-DD7D2
Domain,DOM-LAW-LAW-SOCIOLOGY-B1068,SRC-LAW-EMERGING-NICHE-IN-D6D17
Domain,DOM-LAW-LAW-VERNACULAR-CO-1A654,SRC-LAW-EMERGING-NICHE-IN-CDF72
Domain,DOM-LAW-LAW-VIRTUAL-WORLD-EE218,SRC-LAW-EMERGING-NICHE-IN-9EDB2
Domain,DOM-LAW-LAW-VR-EDTECH-0911C,SRC-LAW-EMERGING-NICHE-IN-1E255
Domain,DOM-LAW-LEGAL-ADMINISTRAT-F67D4,SRC-LAW-CAREER-MASTER-74-7B3D7
Domain,DOM-LAW-LEGAL-ANALYTICS-15D7D,SRC-LAW-CAREER-MASTER-65-26830
Domain,DOM-LAW-LEGAL-EDUCATION-R-6980B,SRC-LAW-CAREER-MASTER-7-68F71
Domain,DOM-LAW-LEGAL-EDUCATION-R-6980B,SRC-LAW-CAREER-MASTER-8-37707
Domain,DOM-LAW-LEGAL-MICRO-ENTRE-85085,SRC-LAW-LEGAL-MICRO-ENTRE-0FC00
Domain,DOM-LAW-LEGAL-MICRO-ENTRE-85085,SRC-LAW-LEGAL-MICRO-ENTRE-54B6A
Domain,DOM-LAW-LEGAL-MICRO-ENTRE-85085,SRC-LAW-LEGAL-MICRO-ENTRE-84755
Domain,DOM-LAW-LEGAL-MICRO-ENTRE-85085,SRC-LAW-LEGAL-MICRO-ENTRE-9026F
Domain,DOM-LAW-LEGAL-MICRO-ENTRE-85085,SRC-LAW-LEGAL-MICRO-ENTRE-C8894
Domain,DOM-LAW-LEGAL-MICRO-ENTRE-85085,SRC-LAW-LEGAL-MICRO-ENTRE-E00FA
Domain,DOM-LAW-LEGAL-OPERATIONS-AB526,SRC-LAW-CAREER-MASTER-19-50D3F
Domain,DOM-LAW-LEGAL-OPERATIONS-AB526,SRC-LAW-CAREER-MASTER-20-AAA0C
Domain,DOM-LAW-LEGAL-OPERATIONS-AB526,SRC-LAW-CAREER-MASTER-63-9CAE9
Domain,DOM-LAW-LEGAL-SERVICES-7A230,SRC-LAW-CAREER-MASTER-75-107C2
Domain,DOM-LAW-LEGAL-SERVICES-7A230,SRC-LAW-CAREER-MASTER-76-C6529
Domain,DOM-LAW-LEGAL-SERVICES-IN-233DC,SRC-LAW-CAREER-MASTER-22-51FD3
Domain,DOM-LAW-LEGAL-SERVICES-IN-233DC,SRC-LAW-CAREER-MASTER-73-6EB69
Domain,DOM-LAW-LEGAL-SERVICES-IN-233DC,SRC-LAW-CAREER-MASTER-86-3049A
Domain,DOM-LAW-LEGAL-SUPPORT-1D7EC,SRC-LAW-CAREER-MASTER-57-6F057
Domain,DOM-LAW-LEGAL-TECHNOLOGY-0BDA2,SRC-LAW-CAREER-MASTER-64-5A06E
Domain,DOM-LAW-LEGAL-TECHNOLOGY-0D08E,SRC-LAW-CAREER-MASTER-18-7C21A
Domain,DOM-LAW-LEGAL-TECHNOLOGY-0D08E,SRC-LAW-CAREER-MASTER-21-7921D
Domain,DOM-LAW-LEGAL-TECHNOLOGY-8C93C,SRC-LAW-CAREER-MASTER-59-1A16E
Domain,DOM-LAW-PRIVATE-CLIENT-LA-C1EDF,SRC-LAW-CAREER-MASTER-48-67713
Domain,DOM-LAW-PROPERTY-INFRASTR-67EED,SRC-LAW-CAREER-MASTER-49-11282
Domain,DOM-LAW-PUBLIC-INTEREST-A-D773A,SRC-LAW-CAREER-MASTER-58-C7196
Domain,DOM-LAW-PUBLIC-INTEREST-C-2DF8B,SRC-LAW-CAREER-MASTER-32-1B556
Domain,DOM-LAW-PUBLIC-INTEREST-L-68294,SRC-LAW-CAREER-MASTER-31-8E02D
Domain,DOM-LAW-SECTORAL-COMPLIAN-51297,SRC-LAW-CAREER-MASTER-77-501BC
Domain,DOM-LAW-SECTORAL-COMPLIAN-51297,SRC-LAW-CAREER-MASTER-78-06EF6
Domain,DOM-LAW-SECTORAL-COMPLIAN-51297,SRC-LAW-CAREER-MASTER-79-7C160
Domain,DOM-LAW-SECTORAL-LAW-38E3C,SRC-LAW-CAREER-MASTER-51-31480
Domain,DOM-LAW-SECTORAL-LAW-38E3C,SRC-LAW-CAREER-MASTER-68-6B01B
Domain,DOM-LAW-SECTORAL-LAW-38E3C,SRC-LAW-CAREER-MASTER-69-365A8
Domain,DOM-LAW-SECTORAL-LAW-38E3C,SRC-LAW-CAREER-MASTER-70-FF608
Domain,DOM-LAW-SECTORAL-REGULATI-99A62,SRC-LAW-CAREER-MASTER-38-63D31
Domain,DOM-LAW-SOCIAL-SECTOR-LAW-0A294,SRC-LAW-CAREER-MASTER-71-F5DD1
Domain,DOM-LAW-TAX-FISCAL-LAW-DABEA,SRC-LAW-CAREER-MASTER-28-6AC79
Domain,DOM-LAW-TECHNOLOGY-FINANC-EFA5A,SRC-LAW-CAREER-MASTER-40-7B6CB
Domain,DOM-LAW-TECHNOLOGY-FINANC-EFA5A,SRC-LAW-CAREER-MASTER-60-D290E
Domain,DOM-LAW-TECHNOLOGY-GOVERN-E8240,SRC-LAW-CAREER-MASTER-83-F06CF
Domain,DOM-LAW-TECHNOLOGY-LAW-B4020,SRC-LAW-CAREER-MASTER-15-AEC8B
Domain,DOM-LAW-TECHNOLOGY-LAW-B4020,SRC-LAW-CAREER-MASTER-16-1E4D0
Domain,DOM-LAW-TECHNOLOGY-LAW-B4020,SRC-LAW-CAREER-MASTER-17-4DFF8
Domain,DOM-LAW-TECHNOLOGY-LAW-FO-D9701,SRC-LAW-CAREER-MASTER-61-81BEE
Domain,DOM-LAW-TRIBUNAL-PRACTICE-CEE67,SRC-LAW-CAREER-MASTER-45-6308E
Domain,DOM-MGT-ADVENTURE-RISK-OP-AD88B,SRC-MGT-REGIONAL-RESOURCE-CCED3
Domain,DOM-MGT-AGRI-BUSINESS-COL-93186,SRC-MGT-REGIONAL-RESOURCE-3FF75
Domain,DOM-MGT-AGRI-TECH-SAAS-MA-5D614,SRC-MGT-REGIONAL-RESOURCE-372AE
Domain,DOM-MGT-AGRI-TECH-SERVICE-C3FC1,SRC-MGT-REGIONAL-RESOURCE-B1014
Domain,DOM-MGT-AGRI-TOURISM-EXPE-B34AF,SRC-MGT-REGIONAL-RESOURCE-182EC
Domain,DOM-MGT-AGRIBUSINESS-RURA-EF3F1,SRC-MGT-PG-COURSES-11-54F72
Domain,DOM-MGT-AI-ERA-MANAGEMENT-89200,SRC-MGT-AI-ERA-MANAGEMENT-A2F8E
Domain,DOM-MGT-AI-ERA-MANAGEMENT-89200,SRC-MGT-AI-ERA-MANAGEMENT-EBD45
Domain,DOM-MGT-AI-ERA-MANAGEMENT-89200,SRC-MGT-CAREER-MASTER-53-67F5C
Domain,DOM-MGT-AI-ERA-MANAGEMENT-89200,SRC-MGT-CAREER-MASTER-54-B321A
Domain,DOM-MGT-AI-ERA-MANAGEMENT-89200,SRC-MGT-SKILL-NON-MBA-16-E1F70
Domain,DOM-MGT-AI-ERA-MANAGEMENT-89200,SRC-MGT-TECHNO-DRIVEN-CAR-26C6E
Domain,DOM-MGT-AI-ERA-MANAGEMENT-89200,SRC-MGT-TECHNO-DRIVEN-CAR-F8AE5
Domain,DOM-MGT-AI-ERA-MANAGEMENT-89200,SRC-MGT-TRADITIONAL-CAREE-3CB42
Domain,DOM-MGT-AI-NATIVE-OPERATI-B206C,SRC-MGT-REGIONAL-RESOURCE-E156D
Domain,DOM-MGT-AI-RISK-COMPLIANC-8D9C4,SRC-MGT-REGIONAL-RESOURCE-A6E1C
Domain,DOM-MGT-AI-TECH-LIVELIHOO-AB2EA,SRC-MGT-AI-ERA-MANAGEMENT-31AB8
Domain,DOM-MGT-AI-TECH-LIVELIHOO-AB2EA,SRC-MGT-CAREER-MASTER-52-59044
Domain,DOM-MGT-AI-TECH-LIVELIHOO-AB2EA,SRC-MGT-SKILL-NON-MBA-15-F7544
Domain,DOM-MGT-AI-TECH-LIVELIHOO-AB2EA,SRC-MGT-TECHNO-DRIVEN-CAR-E02B5
Domain,DOM-MGT-AI-TECH-LIVELIHOO-AB2EA,SRC-MGT-TRADITIONAL-CAREE-BF5BD
Domain,DOM-MGT-ANALYTICS-CONSULT-DC598,SRC-MGT-CAREER-MASTER-40-85A9B
Domain,DOM-MGT-ANALYTICS-CONSULT-DC598,SRC-MGT-SKILL-NON-MBA-12-A5110
Domain,DOM-MGT-ANALYTICS-MANAGEM-54B46,SRC-MGT-AI-ERA-MANAGEMENT-F6B91
Domain,DOM-MGT-ANALYTICS-MANAGEM-54B46,SRC-MGT-CAREER-MASTER-11-1963E
Domain,DOM-MGT-ANALYTICS-MANAGEM-54B46,SRC-MGT-TECHNO-DRIVEN-CAR-870ED
Domain,DOM-MGT-AQUACULTURE-LUXUR-D0DD1,SRC-MGT-REGIONAL-RESOURCE-CBF87
Domain,DOM-MGT-AQUACULTURE-RURAL-3CF88,SRC-MGT-REGIONAL-RESOURCE-18CE3
Domain,DOM-MGT-AVIATION-OPERATIO-54DFF,SRC-MGT-UG-COURSES-13-D24E5
Domain,DOM-MGT-BFSI-ENTERPRISE-3CDBF,SRC-MGT-CAREER-MASTER-60-B9C74
Domain,DOM-MGT-BFSI-MANAGEMENT-3BDA8,SRC-MGT-CAREER-MASTER-46-1ACE7
Domain,DOM-MGT-BFSI-MANAGEMENT-3BDA8,SRC-MGT-CAREER-MASTER-47-AC993
Domain,DOM-MGT-BFSI-MANAGEMENT-3BDA8,SRC-MGT-CAREER-MASTER-59-CF3A1
Domain,DOM-MGT-BFSI-MANAGEMENT-3BDA8,SRC-MGT-SKILL-NON-MBA-14-4A9AC
Domain,DOM-MGT-BFSI-MANAGEMENT-3BDA8,SRC-MGT-TRADITIONAL-CAREE-272B7
Domain,DOM-MGT-BHARAT-CONSUMER-D-6A166,SRC-MGT-REGIONAL-RESOURCE-A4343
Domain,DOM-MGT-BHARAT-DIGITAL-CO-5394B,SRC-MGT-LOW-INVESTMENT-EN-844FB
Domain,DOM-MGT-BHARAT-DIGITAL-CO-5394B,SRC-MGT-REGIONAL-RESOURCE-6F449
Domain,DOM-MGT-BLUE-ECONOMY-FISH-9BB5E,SRC-MGT-REGIONAL-RESOURCE-74F00
Domain,DOM-MGT-BROAD-CORPORATE-M-F303C,SRC-MGT-PG-COURSES-3-20DE7
Domain,DOM-MGT-BUSINESS-ANALYST-10110,SRC-MGT-UG-COURSES-8-5142F
Domain,DOM-MGT-BUSINESS-ANALYST-41B9B,SRC-MGT-PG-COURSES-8-90690
Domain,DOM-MGT-CAMPAIGN-PUBLIC-C-83B69,SRC-MGT-REGIONAL-RESOURCE-0FB16
Domain,DOM-MGT-CAREER-ACCELERATI-4B185,SRC-MGT-PG-COURSES-14-CD677
Domain,DOM-MGT-CAREER-SERVICES-S-711D5,SRC-MGT-LOW-INVESTMENT-EN-1C787
Domain,DOM-MGT-CIRCULAR-ECONOMY-A08C3,SRC-MGT-REGIONAL-RESOURCE-B0FB6
Domain,DOM-MGT-CLIMATE-ESG-FINAN-0F88E,SRC-MGT-REGIONAL-RESOURCE-8BFA7
Domain,DOM-MGT-CLUSTER-BRANDING-CABBA,SRC-MGT-REGIONAL-RESOURCE-F7DBE
Domain,DOM-MGT-COMMUNITY-BUSINES-B314E,SRC-MGT-REGIONAL-RESOURCE-C612E
Domain,DOM-MGT-CONSULTING-ANALYT-ECE90,SRC-MGT-LOW-INVESTMENT-EN-E876A
Domain,DOM-MGT-CONSULTING-CBDED,SRC-MGT-CAREER-MASTER-12-085C7
Domain,DOM-MGT-CONSULTING-CBDED,SRC-MGT-TRADITIONAL-CAREE-4B9AD
Domain,DOM-MGT-COOPERATIVE-AGRO-4CB42,SRC-MGT-REGIONAL-RESOURCE-752EA
Domain,DOM-MGT-COOPERATIVE-DAIRY-D06FE,SRC-MGT-REGIONAL-RESOURCE-3EF5B
Domain,DOM-MGT-CORE-MANAGEMENT-443C3,SRC-MGT-AI-ERA-MANAGEMENT-C1CB4
Domain,DOM-MGT-CORE-MANAGEMENT-443C3,SRC-MGT-CAREER-MASTER-3-700A9
Domain,DOM-MGT-CORE-MANAGEMENT-443C3,SRC-MGT-TRADITIONAL-CAREE-DCFEA
Domain,DOM-MGT-CRAFT-CLUSTER-MAN-2F437,SRC-MGT-REGIONAL-RESOURCE-80C8B
Domain,DOM-MGT-CREATOR-ECONOMY-551D9,SRC-MGT-CAREER-MASTER-33-814C4
Domain,DOM-MGT-CREATOR-ECONOMY-551D9,SRC-MGT-LOW-INVESTMENT-EN-C7493
Domain,DOM-MGT-CREATOR-ECONOMY-551D9,SRC-MGT-SKILL-NON-MBA-9-2243D
Domain,DOM-MGT-CREATOR-PERSONAL-94652,SRC-MGT-REGIONAL-RESOURCE-35BCB
Domain,DOM-MGT-DEVELOPMENT-LIVEL-0C5BC,SRC-MGT-REGIONAL-RESOURCE-06226
Domain,DOM-MGT-DIGITAL-MANAGEMEN-19464,SRC-MGT-AI-ERA-MANAGEMENT-20192
Domain,DOM-MGT-DIGITAL-MANAGEMEN-19464,SRC-MGT-AI-ERA-MANAGEMENT-6ED3A
Domain,DOM-MGT-DIGITAL-MANAGEMEN-19464,SRC-MGT-AI-ERA-MANAGEMENT-FFC7C
Domain,DOM-MGT-DIGITAL-MANAGEMEN-19464,SRC-MGT-CAREER-MASTER-30-FAAA5
Domain,DOM-MGT-DIGITAL-MANAGEMEN-19464,SRC-MGT-CAREER-MASTER-31-5B060
Domain,DOM-MGT-DIGITAL-MANAGEMEN-19464,SRC-MGT-CAREER-MASTER-32-42850
Domain,DOM-MGT-DIGITAL-MANAGEMEN-19464,SRC-MGT-CAREER-MASTER-34-CC07F
Domain,DOM-MGT-DIGITAL-MANAGEMEN-19464,SRC-MGT-SKILL-NON-MBA-10-9B95F
Domain,DOM-MGT-DIGITAL-MANAGEMEN-19464,SRC-MGT-SKILL-NON-MBA-6-9AA31
Domain,DOM-MGT-DIGITAL-MANAGEMEN-19464,SRC-MGT-SKILL-NON-MBA-7-FC5A4
Domain,DOM-MGT-DIGITAL-MANAGEMEN-19464,SRC-MGT-SKILL-NON-MBA-8-09679
Domain,DOM-MGT-DIGITAL-MANAGEMEN-19464,SRC-MGT-TECHNO-DRIVEN-CAR-10D41
Domain,DOM-MGT-DIGITAL-MANAGEMEN-19464,SRC-MGT-TECHNO-DRIVEN-CAR-90D43
Domain,DOM-MGT-DIGITAL-MANAGEMEN-19464,SRC-MGT-TECHNO-DRIVEN-CAR-9DED9
Domain,DOM-MGT-DIGITAL-MANAGEMEN-19464,SRC-MGT-TECHNO-DRIVEN-CAR-DED69
Domain,DOM-MGT-DIGITAL-MANAGEMEN-19464,SRC-MGT-TRADITIONAL-CAREE-3805B
Domain,DOM-MGT-DIGITAL-MANAGEMEN-19464,SRC-MGT-TRADITIONAL-CAREE-93D58
Domain,DOM-MGT-DIGITAL-MARKETING-4F910,SRC-MGT-UG-COURSES-7-54462
Domain,DOM-MGT-DIGITAL-PLATFORM-EE744,SRC-MGT-LOW-INVESTMENT-EN-78C4D
Domain,DOM-MGT-E-COMMERCE-RETAIL-777FE,SRC-MGT-LOW-INVESTMENT-EN-FCC9A
Domain,DOM-MGT-ECO-TOURISM-RESPO-810FA,SRC-MGT-REGIONAL-RESOURCE-DE331
Domain,DOM-MGT-EDTECH-KNOWLEDGE-D859F,SRC-MGT-LOW-INVESTMENT-EN-B9E91
Domain,DOM-MGT-EDUCATION-MANAGEM-42618,SRC-MGT-CAREER-MASTER-65-A62B4
Domain,DOM-MGT-EDUCATION-MANAGEM-42618,SRC-MGT-SECTOR-MANAGEMENT-4F282
Domain,DOM-MGT-EMERGING-MANAGEME-E8511,SRC-MGT-AI-ERA-MANAGEMENT-35C39
Domain,DOM-MGT-EMERGING-MANAGEME-E8511,SRC-MGT-CAREER-MASTER-23-2B455
Domain,DOM-MGT-ENTREPRENEURSHIP-413F1,SRC-MGT-CAREER-MASTER-35-B9945
Domain,DOM-MGT-ENTREPRENEURSHIP-413F1,SRC-MGT-CAREER-MASTER-36-46F19
Domain,DOM-MGT-ENTREPRENEURSHIP-413F1,SRC-MGT-CAREER-MASTER-37-9A1E9
Domain,DOM-MGT-ENTREPRENEURSHIP-413F1,SRC-MGT-ENTREPRENEURSHIP-8183A
Domain,DOM-MGT-ENTREPRENEURSHIP-413F1,SRC-MGT-ENTREPRENEURSHIP-8B7F1
Domain,DOM-MGT-ENTREPRENEURSHIP-413F1,SRC-MGT-ENTREPRENEURSHIP-D79FD
Domain,DOM-MGT-ENTREPRENEURSHIP-413F1,SRC-MGT-TRADITIONAL-CAREE-E5133
Domain,DOM-MGT-ESG-CSR-SUSTAINAB-3FAC6,SRC-MGT-PG-COURSES-12-A04D2
Domain,DOM-MGT-EVENT-HOSPITALITY-CCD79,SRC-MGT-LOW-INVESTMENT-EN-E907D
Domain,DOM-MGT-EVENT-MEDIA-WEDDI-84C14,SRC-MGT-UG-COURSES-16-774E4
Domain,DOM-MGT-EVENT-PUBLIC-LOGI-72967,SRC-MGT-REGIONAL-RESOURCE-0CA9A
Domain,DOM-MGT-EXPERIENCE-ECONOM-69C65,SRC-MGT-REGIONAL-RESOURCE-E8D62
Domain,DOM-MGT-EXPORT-SUPPLY-CHA-C0418,SRC-MGT-REGIONAL-RESOURCE-B6FFC
Domain,DOM-MGT-FINANCE-BANKING-F-9A2D5,SRC-MGT-UG-COURSES-9-42375
Domain,DOM-MGT-FINANCE-BFSI-WEAL-EC163,SRC-MGT-PG-COURSES-5-79E16
Domain,DOM-MGT-FINANCE-MANAGEMEN-DE651,SRC-MGT-CAREER-MASTER-6-0C190
Domain,DOM-MGT-FINANCE-MANAGEMEN-DE651,SRC-MGT-TRADITIONAL-CAREE-4C7B0
Domain,DOM-MGT-FOOD-BUSINESS-MSM-D7DA5,SRC-MGT-REGIONAL-RESOURCE-908AB
Domain,DOM-MGT-GENERAL-BUSINESS-4748B,SRC-MGT-UG-COURSES-5-023FB
Domain,DOM-MGT-GENERAL-MANAGEMEN-15059,SRC-MGT-UG-COURSES-3-4D8FC
Domain,DOM-MGT-GENERAL-TECH-MANA-C9489,SRC-MGT-CAREER-MASTER-41-AD0D6
Domain,DOM-MGT-GENERAL-TECH-MANA-C9489,SRC-MGT-TRADITIONAL-CAREE-989D6
Domain,DOM-MGT-HERITAGE-BRAND-IP-215A7,SRC-MGT-REGIONAL-RESOURCE-B8390
Domain,DOM-MGT-HOSPITAL-ADMINIST-D8ADB,SRC-MGT-PG-COURSES-10-AF70D
Domain,DOM-MGT-HOSPITALITY-TOURI-C2217,SRC-MGT-UG-COURSES-14-DD081
Domain,DOM-MGT-HR-EDUCATION-757E4,SRC-MGT-AI-ERA-MANAGEMENT-4C987
Domain,DOM-MGT-HR-EDUCATION-757E4,SRC-MGT-CAREER-MASTER-50-459BC
Domain,DOM-MGT-HR-EDUCATION-757E4,SRC-MGT-SECTOR-MANAGEMENT-2ACAF
Domain,DOM-MGT-HR-LIVELIHOOD-50ED4,SRC-MGT-CAREER-MASTER-39-6442C
Domain,DOM-MGT-HR-LIVELIHOOD-50ED4,SRC-MGT-SKILL-NON-MBA-11-3FAAE
Domain,DOM-MGT-HR-LIVELIHOOD-50ED4,SRC-MGT-TRADITIONAL-CAREE-66FAE
Domain,DOM-MGT-HR-MANAGEMENT-DC8E9,SRC-MGT-CAREER-MASTER-7-5C5EE
Domain,DOM-MGT-HR-MANAGEMENT-DC8E9,SRC-MGT-TRADITIONAL-CAREE-8F668
Domain,DOM-MGT-HR-PEOPLE-OPERATI-5A1E0,SRC-MGT-LOW-INVESTMENT-EN-C3FD1
Domain,DOM-MGT-HR-PEOPLE-OPS-L-D-1FAFD,SRC-MGT-PG-COURSES-6-EBE3C
Domain,DOM-MGT-HR-RECRUITMENT-L-D8409,SRC-MGT-UG-COURSES-10-373CA
Domain,DOM-MGT-HUMANITARIAN-LOGI-D55E0,SRC-MGT-REGIONAL-RESOURCE-2D86C
Domain,DOM-MGT-INTERDISCIPLINARY-2E3CF,SRC-MGT-CAREER-MASTER-22-A1352
Domain,DOM-MGT-INTERDISCIPLINARY-2E3CF,SRC-MGT-CAREER-MASTER-66-FE72F
Domain,DOM-MGT-INTERDISCIPLINARY-2E3CF,SRC-MGT-CAREER-MASTER-67-A5F2E
Domain,DOM-MGT-INTERDISCIPLINARY-2E3CF,SRC-MGT-CAREER-MASTER-68-7B786
Domain,DOM-MGT-INTERDISCIPLINARY-2E3CF,SRC-MGT-CAREER-MASTER-69-AA7CD
Domain,DOM-MGT-INTERDISCIPLINARY-2E3CF,SRC-MGT-SECTOR-MANAGEMENT-AC527
Domain,DOM-MGT-IT-MANAGEMENT-DIG-B9DAB,SRC-MGT-PG-COURSES-9-863F5
Domain,DOM-MGT-LIVELIHOOD-MANAGE-57668,SRC-MGT-CAREER-MASTER-38-C6C46
Domain,DOM-MGT-LIVELIHOOD-MANAGE-57668,SRC-MGT-ENTREPRENEURSHIP-5A817
Domain,DOM-MGT-LIVELIHOOD-MANAGE-57668,SRC-MGT-TRADITIONAL-CAREE-8979D
Domain,DOM-MGT-LONGEVITY-CARE-EC-931E1,SRC-MGT-REGIONAL-RESOURCE-99487
Domain,DOM-MGT-MANAGEMENT-AI-GOV-C41A4,SRC-MGT-EMERGING-NICHE-IN-E1226
Domain,DOM-MGT-MANAGEMENT-ARTS-H-B538F,SRC-MGT-EMERGING-NICHE-IN-18F85
Domain,DOM-MGT-MANAGEMENT-CLIMAT-72A3C,SRC-MGT-EMERGING-NICHE-IN-27DD0
Domain,DOM-MGT-MANAGEMENT-COMMER-B229D,SRC-MGT-EMERGING-NICHE-IN-779AC
Domain,DOM-MGT-MANAGEMENT-CULTUR-52C50,SRC-MGT-EMERGING-NICHE-IN-9BF67
Domain,DOM-MGT-MANAGEMENT-DIGITA-C45E1,SRC-MGT-EMERGING-NICHE-IN-7C4E8
Domain,DOM-MGT-MANAGEMENT-ECONOM-CDEC9,SRC-MGT-EMERGING-NICHE-IN-F8AEA
Domain,DOM-MGT-MANAGEMENT-EDUCAT-035BA,SRC-MGT-EMERGING-NICHE-IN-F0DD8
Domain,DOM-MGT-MANAGEMENT-HEALTH-A23CA,SRC-MGT-EMERGING-NICHE-IN-865E2
Domain,DOM-MGT-MANAGEMENT-LAW-C1AC4,SRC-MGT-CAREER-MASTER-61-8FD57
Domain,DOM-MGT-MANAGEMENT-LEADER-AB6AF,SRC-MGT-UG-COURSES-6-906F4
Domain,DOM-MGT-MANAGEMENT-MEDIA-A274B,SRC-MGT-EMERGING-NICHE-IN-78AFD
Domain,DOM-MGT-MANAGEMENT-POLITI-E9951,SRC-MGT-EMERGING-NICHE-IN-01CE6
Domain,DOM-MGT-MANAGEMENT-PSYCHO-6EBEB,SRC-MGT-EMERGING-NICHE-IN-C0086
Domain,DOM-MGT-MANAGEMENT-RELIGI-86E5A,SRC-MGT-EMERGING-NICHE-IN-BAD4D
Domain,DOM-MGT-MANAGEMENT-RETAIL-6EEF9,SRC-MGT-EMERGING-NICHE-IN-29662
Domain,DOM-MGT-MANAGEMENT-RURAL-B0A17,SRC-MGT-EMERGING-NICHE-IN-BC17B
Domain,DOM-MGT-MANAGEMENT-SUSTAI-10362,SRC-MGT-EMERGING-NICHE-IN-20D58
Domain,DOM-MGT-MANAGEMENT-TRAINE-E6A5D,SRC-MGT-UG-COURSES-4-B7225
Domain,DOM-MGT-MARINE-BIO-ENTERP-758FE,SRC-MGT-REGIONAL-RESOURCE-2C410
Domain,DOM-MGT-MARKETING-62860,SRC-MGT-CAREER-MASTER-5-88AD4
Domain,DOM-MGT-MARKETING-62860,SRC-MGT-TECHNO-DRIVEN-CAR-BF409
Domain,DOM-MGT-MARKETING-62860,SRC-MGT-TRADITIONAL-CAREE-F230E
Domain,DOM-MGT-MARKETING-BRAND-S-764FA,SRC-MGT-PG-COURSES-4-C1475
Domain,DOM-MGT-MARKETING-COMMS-95BFB,SRC-MGT-CAREER-MASTER-42-B19DA
Domain,DOM-MGT-MARKETING-GROWTH-2E3EF,SRC-MGT-LOW-INVESTMENT-EN-01C13
Domain,DOM-MGT-MARKETING-MEDIA-0DA11,SRC-MGT-CAREER-MASTER-51-C496D
Domain,DOM-MGT-MARKETING-MEDIA-0DA11,SRC-MGT-SECTOR-MANAGEMENT-9E12D
Domain,DOM-MGT-MEDIA-SPORTS-CREA-B4987,SRC-MGT-CAREER-MASTER-64-0F635
Domain,DOM-MGT-MEDIA-SPORTS-CREA-B4987,SRC-MGT-SECTOR-MANAGEMENT-5FBBC
Domain,DOM-MGT-MEDIA-SPORTS-CREA-B4987,SRC-MGT-SKILL-NON-MBA-18-17E31
Domain,DOM-MGT-MEDIA-SPORTS-EVEN-67242,SRC-MGT-PG-COURSES-13-46E94
Domain,DOM-MGT-MGMT-LIVELIHOOD-935FD,SRC-MGT-MGMT-LIVELIHOOD-1-394E5
Domain,DOM-MGT-MGMT-LIVELIHOOD-935FD,SRC-MGT-MGMT-LIVELIHOOD-1-460C0
Domain,DOM-MGT-MGMT-LIVELIHOOD-935FD,SRC-MGT-MGMT-LIVELIHOOD-1-4C0A7
Domain,DOM-MGT-MGMT-LIVELIHOOD-935FD,SRC-MGT-MGMT-LIVELIHOOD-1-65722
Domain,DOM-MGT-MGMT-LIVELIHOOD-935FD,SRC-MGT-MGMT-LIVELIHOOD-1-94D00
Domain,DOM-MGT-MGMT-LIVELIHOOD-935FD,SRC-MGT-MGMT-LIVELIHOOD-1-A7884
Domain,DOM-MGT-MGMT-LIVELIHOOD-935FD,SRC-MGT-MGMT-LIVELIHOOD-1-A7CEA
Domain,DOM-MGT-MGMT-LIVELIHOOD-935FD,SRC-MGT-MGMT-LIVELIHOOD-1-B9305
Domain,DOM-MGT-MGMT-LIVELIHOOD-935FD,SRC-MGT-MGMT-LIVELIHOOD-3-DDBC7
Domain,DOM-MGT-MGMT-LIVELIHOOD-935FD,SRC-MGT-MGMT-LIVELIHOOD-4-E6DC1
Domain,DOM-MGT-MGMT-LIVELIHOOD-935FD,SRC-MGT-MGMT-LIVELIHOOD-5-37C61
Domain,DOM-MGT-MGMT-LIVELIHOOD-935FD,SRC-MGT-MGMT-LIVELIHOOD-6-E0988
Domain,DOM-MGT-MGMT-LIVELIHOOD-935FD,SRC-MGT-MGMT-LIVELIHOOD-7-0F5DB
Domain,DOM-MGT-MGMT-LIVELIHOOD-935FD,SRC-MGT-MGMT-LIVELIHOOD-8-87052
Domain,DOM-MGT-MGMT-LIVELIHOOD-935FD,SRC-MGT-MGMT-LIVELIHOOD-9-57390
Domain,DOM-MGT-NATURAL-PRODUCTS-CF01E,SRC-MGT-REGIONAL-RESOURCE-1292E
Domain,DOM-MGT-NATURAL-RESOURCE-FCC38,SRC-MGT-REGIONAL-RESOURCE-73759
Domain,DOM-MGT-NICHE-MANAGEMENT-52274,SRC-MGT-AI-ERA-MANAGEMENT-60736
Domain,DOM-MGT-NICHE-MANAGEMENT-52274,SRC-MGT-CAREER-MASTER-43-CE2D6
Domain,DOM-MGT-NICHE-PET-AQUACUL-4A6E9,SRC-MGT-REGIONAL-RESOURCE-92E13
Domain,DOM-MGT-OPERATIONS-DC741,SRC-MGT-CAREER-MASTER-48-2AB12
Domain,DOM-MGT-OPERATIONS-DC741,SRC-MGT-CAREER-MASTER-49-5C6BD
Domain,DOM-MGT-OPERATIONS-DC741,SRC-MGT-CAREER-MASTER-8-2DA5F
Domain,DOM-MGT-OPERATIONS-DC741,SRC-MGT-TRADITIONAL-CAREE-2D9E7
Domain,DOM-MGT-OPERATIONS-DC741,SRC-MGT-TRADITIONAL-CAREE-5B21D
Domain,DOM-MGT-OPERATIONS-DC741,SRC-MGT-TRADITIONAL-CAREE-93932
Domain,DOM-MGT-OPERATIONS-MSME-C-977FE,SRC-MGT-LOW-INVESTMENT-EN-26A19
Domain,DOM-MGT-OPERATIONS-SCM-1BE7B,SRC-MGT-AI-ERA-MANAGEMENT-F273C
Domain,DOM-MGT-OPERATIONS-SCM-1BE7B,SRC-MGT-CAREER-MASTER-9-A3E47
Domain,DOM-MGT-OPERATIONS-SCM-1BE7B,SRC-MGT-TRADITIONAL-CAREE-76411
Domain,DOM-MGT-OPERATIONS-SCM-PR-6BF6D,SRC-MGT-PG-COURSES-7-A7530
Domain,DOM-MGT-OPERATIONS-STARTU-ADFBA,SRC-MGT-LOW-INVESTMENT-EN-C5E29
Domain,DOM-MGT-ORGANIC-FARM-TO-M-80C00,SRC-MGT-REGIONAL-RESOURCE-FC2C4
Domain,DOM-MGT-PLANTATION-RURAL-99886,SRC-MGT-REGIONAL-RESOURCE-50A0F
Domain,DOM-MGT-RESOURCE-BASED-CR-04C40,SRC-MGT-REGIONAL-RESOURCE-29933
Domain,DOM-MGT-RETAIL-ECOMMERCE-DDBEC,SRC-MGT-UG-COURSES-12-91D68
Domain,DOM-MGT-RETAIL-ENTREPRENE-55D41,SRC-MGT-LOW-INVESTMENT-EN-2A9B2
Domain,DOM-MGT-RETAIL-FASHION-AE55C,SRC-MGT-AI-ERA-MANAGEMENT-C0246
Domain,DOM-MGT-RETAIL-FASHION-AE55C,SRC-MGT-CAREER-MASTER-63-7BF73
Domain,DOM-MGT-RETAIL-FASHION-AE55C,SRC-MGT-TRADITIONAL-CAREE-87448
Domain,DOM-MGT-RETAIL-MANAGEMENT-6DC6A,SRC-MGT-AI-ERA-MANAGEMENT-76C84
Domain,DOM-MGT-RETAIL-MANAGEMENT-6DC6A,SRC-MGT-CAREER-MASTER-10-82C96
Domain,DOM-MGT-RETAIL-MANAGEMENT-6DC6A,SRC-MGT-TRADITIONAL-CAREE-2955A
Domain,DOM-MGT-RETAIL-TECH-MSME-8F111,SRC-MGT-REGIONAL-RESOURCE-199B8
Domain,DOM-MGT-RURAL-AGRI-BUSINE-54BC6,SRC-MGT-LOW-INVESTMENT-EN-9E2F2
Domain,DOM-MGT-RURAL-DIGITAL-SER-E23DE,SRC-MGT-REGIONAL-RESOURCE-BA488
Domain,DOM-MGT-SALES-GROWTH-E6083,SRC-MGT-AI-ERA-MANAGEMENT-86A94
Domain,DOM-MGT-SALES-GROWTH-E6083,SRC-MGT-CAREER-MASTER-4-34C36
Domain,DOM-MGT-SALES-GROWTH-E6083,SRC-MGT-SECTOR-MANAGEMENT-64905
Domain,DOM-MGT-SALES-GROWTH-E6083,SRC-MGT-SKILL-NON-MBA-3-6D7B0
Domain,DOM-MGT-SALES-GROWTH-E6083,SRC-MGT-TECHNO-DRIVEN-CAR-0F281
Domain,DOM-MGT-SALES-MANAGEMENT-7B173,SRC-MGT-CAREER-MASTER-62-D65AD
Domain,DOM-MGT-SALES-MANAGEMENT-7B173,SRC-MGT-SKILL-NON-MBA-17-0B48A
Domain,DOM-MGT-SCM-LOGISTICS-PRO-CD99F,SRC-MGT-UG-COURSES-11-D288C
Domain,DOM-MGT-SECTOR-MANAGEMENT-8B183,SRC-MGT-AI-ERA-MANAGEMENT-5352F
Domain,DOM-MGT-SECTOR-MANAGEMENT-8B183,SRC-MGT-AI-ERA-MANAGEMENT-70704
Domain,DOM-MGT-SECTOR-MANAGEMENT-8B183,SRC-MGT-AI-ERA-MANAGEMENT-AD102
Domain,DOM-MGT-SECTOR-MANAGEMENT-8B183,SRC-MGT-AI-ERA-MANAGEMENT-C473E
Domain,DOM-MGT-SECTOR-MANAGEMENT-8B183,SRC-MGT-CAREER-MASTER-13-91065
Domain,DOM-MGT-SECTOR-MANAGEMENT-8B183,SRC-MGT-CAREER-MASTER-14-4D11C
Domain,DOM-MGT-SECTOR-MANAGEMENT-8B183,SRC-MGT-CAREER-MASTER-15-144C0
Domain,DOM-MGT-SECTOR-MANAGEMENT-8B183,SRC-MGT-CAREER-MASTER-16-AF516
Domain,DOM-MGT-SECTOR-MANAGEMENT-8B183,SRC-MGT-CAREER-MASTER-17-7B234
Domain,DOM-MGT-SECTOR-MANAGEMENT-8B183,SRC-MGT-CAREER-MASTER-18-AEDC9
Domain,DOM-MGT-SECTOR-MANAGEMENT-8B183,SRC-MGT-CAREER-MASTER-19-C1652
Domain,DOM-MGT-SECTOR-MANAGEMENT-8B183,SRC-MGT-CAREER-MASTER-20-73C93
Domain,DOM-MGT-SECTOR-MANAGEMENT-8B183,SRC-MGT-CAREER-MASTER-21-EE8BC
Domain,DOM-MGT-SECTOR-MANAGEMENT-8B183,SRC-MGT-CAREER-MASTER-24-02988
Domain,DOM-MGT-SECTOR-MANAGEMENT-8B183,SRC-MGT-CAREER-MASTER-25-BBB7C
Domain,DOM-MGT-SECTOR-MANAGEMENT-8B183,SRC-MGT-CAREER-MASTER-45-6E9FC
Domain,DOM-MGT-SECTOR-MANAGEMENT-8B183,SRC-MGT-CAREER-MASTER-57-98F22
Domain,DOM-MGT-SECTOR-MANAGEMENT-8B183,SRC-MGT-CAREER-MASTER-58-87D02
Domain,DOM-MGT-SECTOR-MANAGEMENT-8B183,SRC-MGT-SECTOR-MANAGEMENT-1813C
Domain,DOM-MGT-SECTOR-MANAGEMENT-8B183,SRC-MGT-SECTOR-MANAGEMENT-29B14
Domain,DOM-MGT-SECTOR-MANAGEMENT-8B183,SRC-MGT-SECTOR-MANAGEMENT-310EC
Domain,DOM-MGT-SECTOR-MANAGEMENT-8B183,SRC-MGT-SECTOR-MANAGEMENT-377E1
Domain,DOM-MGT-SECTOR-MANAGEMENT-8B183,SRC-MGT-SECTOR-MANAGEMENT-3BAFB
Domain,DOM-MGT-SECTOR-MANAGEMENT-8B183,SRC-MGT-SECTOR-MANAGEMENT-5A25F
Domain,DOM-MGT-SECTOR-MANAGEMENT-8B183,SRC-MGT-SECTOR-MANAGEMENT-6AED4
Domain,DOM-MGT-SECTOR-MANAGEMENT-8B183,SRC-MGT-SECTOR-MANAGEMENT-88640
Domain,DOM-MGT-SECTOR-MANAGEMENT-8B183,SRC-MGT-SECTOR-MANAGEMENT-C2F9E
Domain,DOM-MGT-SECTOR-MANAGEMENT-8B183,SRC-MGT-SECTOR-MANAGEMENT-CACA1
Domain,DOM-MGT-SECTOR-MANAGEMENT-8B183,SRC-MGT-SECTOR-MANAGEMENT-D6C8A
Domain,DOM-MGT-SECTOR-MANAGEMENT-8B183,SRC-MGT-SECTOR-MANAGEMENT-F5F88
Domain,DOM-MGT-SECTOR-MANAGEMENT-8B183,SRC-MGT-SKILL-NON-MBA-13-89610
Domain,DOM-MGT-SECTOR-MANAGEMENT-8B183,SRC-MGT-TRADITIONAL-CAREE-6E59C
Domain,DOM-MGT-SECTOR-MANAGEMENT-8B183,SRC-MGT-TRADITIONAL-CAREE-BEAEB
Domain,DOM-MGT-SHADOW-CAREERS-MB-D2B20,SRC-MGT-SHADOW-CAREERS-MB-00D37
Domain,DOM-MGT-SHADOW-CAREERS-MB-D2B20,SRC-MGT-SHADOW-CAREERS-MB-174F2
Domain,DOM-MGT-SHADOW-CAREERS-MB-D2B20,SRC-MGT-SHADOW-CAREERS-MB-298A6
Domain,DOM-MGT-SHADOW-CAREERS-MB-D2B20,SRC-MGT-SHADOW-CAREERS-MB-301AE
Domain,DOM-MGT-SHADOW-CAREERS-MB-D2B20,SRC-MGT-SHADOW-CAREERS-MB-32A72
Domain,DOM-MGT-SHADOW-CAREERS-MB-D2B20,SRC-MGT-SHADOW-CAREERS-MB-40CA4
Domain,DOM-MGT-SHADOW-CAREERS-MB-D2B20,SRC-MGT-SHADOW-CAREERS-MB-7472D
Domain,DOM-MGT-SHADOW-CAREERS-MB-D2B20,SRC-MGT-SHADOW-CAREERS-MB-9436B
Domain,DOM-MGT-SHADOW-CAREERS-MB-D2B20,SRC-MGT-SHADOW-CAREERS-MB-ACDC1
Domain,DOM-MGT-SHADOW-CAREERS-MB-D2B20,SRC-MGT-SHADOW-CAREERS-MB-C8395
Domain,DOM-MGT-SHADOW-CAREERS-MB-D2B20,SRC-MGT-SHADOW-CAREERS-MB-D3B17
Domain,DOM-MGT-SHADOW-CAREERS-MB-D2B20,SRC-MGT-SHADOW-CAREERS-MB-F6C3E
Domain,DOM-MGT-SPIRITUAL-TOURISM-C0B98,SRC-MGT-REGIONAL-RESOURCE-EDAB5
Domain,DOM-MGT-SPORTS-COMMUNITY-9F079,SRC-MGT-REGIONAL-RESOURCE-7EFC9
Domain,DOM-MGT-SPORTS-MANAGEMENT-0D4E9,SRC-MGT-UG-COURSES-15-1AC33
Domain,DOM-MGT-STARTUP-COMMUNICA-BB2D3,SRC-MGT-LOW-INVESTMENT-EN-BEA6F
Domain,DOM-MGT-STARTUP-FINANCE-EE08F,SRC-MGT-AI-ERA-MANAGEMENT-F6DAE
Domain,DOM-MGT-STARTUP-FINANCE-EE08F,SRC-MGT-CAREER-MASTER-55-C09E2
Domain,DOM-MGT-STARTUP-FINANCE-EE08F,SRC-MGT-ENTREPRENEURSHIP-6820B
Domain,DOM-MGT-STARTUP-MSME-FAMI-44B9B,SRC-MGT-UG-COURSES-17-9A7DB
Domain,DOM-MGT-SUSTAINABILITY-DE-B6D39,SRC-MGT-AI-ERA-MANAGEMENT-043AF
Domain,DOM-MGT-SUSTAINABILITY-DE-B6D39,SRC-MGT-CAREER-MASTER-44-A0718
Domain,DOM-MGT-SUSTAINABILITY-DE-B6D39,SRC-MGT-SECTOR-MANAGEMENT-6CF02
Domain,DOM-MGT-SUSTAINABLE-OPERA-40C07,SRC-MGT-REGIONAL-RESOURCE-F0556
Domain,DOM-MGT-TECH-MANAGEMENT-6BB35,SRC-MGT-AI-ERA-MANAGEMENT-2A7DC
Domain,DOM-MGT-TECH-MANAGEMENT-6BB35,SRC-MGT-AI-ERA-MANAGEMENT-816E7
Domain,DOM-MGT-TECH-MANAGEMENT-6BB35,SRC-MGT-AI-ERA-MANAGEMENT-AADDA
Domain,DOM-MGT-TECH-MANAGEMENT-6BB35,SRC-MGT-AI-ERA-MANAGEMENT-B18A7
Domain,DOM-MGT-TECH-MANAGEMENT-6BB35,SRC-MGT-CAREER-MASTER-26-D9C60
Domain,DOM-MGT-TECH-MANAGEMENT-6BB35,SRC-MGT-CAREER-MASTER-27-9EE6B
Domain,DOM-MGT-TECH-MANAGEMENT-6BB35,SRC-MGT-CAREER-MASTER-28-AF31B
Domain,DOM-MGT-TECH-MANAGEMENT-6BB35,SRC-MGT-CAREER-MASTER-29-BBB23
Domain,DOM-MGT-TECH-MANAGEMENT-6BB35,SRC-MGT-CAREER-MASTER-56-71970
Domain,DOM-MGT-TECH-MANAGEMENT-6BB35,SRC-MGT-SKILL-NON-MBA-4-E5F61
Domain,DOM-MGT-TECH-MANAGEMENT-6BB35,SRC-MGT-SKILL-NON-MBA-5-54246
Domain,DOM-MGT-TECH-MANAGEMENT-6BB35,SRC-MGT-TECHNO-DRIVEN-CAR-199BC
Domain,DOM-MGT-TECH-MANAGEMENT-6BB35,SRC-MGT-TECHNO-DRIVEN-CAR-3FA96
Domain,DOM-MGT-TECH-MANAGEMENT-6BB35,SRC-MGT-TECHNO-DRIVEN-CAR-A07B0
Domain,DOM-MGT-TECH-MANAGEMENT-6BB35,SRC-MGT-TECHNO-DRIVEN-CAR-AA058
Domain,DOM-MGT-TECH-MANAGEMENT-6BB35,SRC-MGT-TECHNO-DRIVEN-CAR-F48EE
Domain,DOM-MGT-TECH-MANAGEMENT-6BB35,SRC-MGT-TRADITIONAL-CAREE-6FAD2
Domain,DOM-MGT-TOURISM-DESTINATI-02BB0,SRC-MGT-REGIONAL-RESOURCE-F6A54
Domain,DOM-MGT-TRIBAL-LIVELIHOOD-7EF51,SRC-MGT-REGIONAL-RESOURCE-C5C90
Domain,DOM-MGT-URBAN-MOBILITY-PL-A4A66,SRC-MGT-REGIONAL-RESOURCE-DB74D
Domain,DOM-MGT-WELLNESS-TOURISM-B1E07,SRC-MGT-REGIONAL-RESOURCE-FDDF0
Domain,DOM-SCI-AGRICULTURE-9B060,SRC-SCI-ENTRANCE-EXAM-62-40217
Domain,DOM-SCI-AGRICULTURE-9B060,SRC-SCI-ENTRANCE-EXAM-63-F1675
Domain,DOM-SCI-AGRICULTURE-9B060,SRC-SCI-ENTRANCE-EXAM-64-43671
Domain,DOM-SCI-AVIATION-B5882,SRC-SCI-AVIATION-11-CA35C
Domain,DOM-SCI-AVIATION-B5882,SRC-SCI-AVIATION-13-B3373
Domain,DOM-SCI-AVIATION-B5882,SRC-SCI-AVIATION-15-9C6A7
Domain,DOM-SCI-AVIATION-B5882,SRC-SCI-AVIATION-21-18612
Domain,DOM-SCI-AVIATION-B5882,SRC-SCI-AVIATION-23-5045B
Domain,DOM-SCI-AVIATION-B5882,SRC-SCI-AVIATION-25-86B84
Domain,DOM-SCI-AVIATION-B5882,SRC-SCI-AVIATION-27-B2333
Domain,DOM-SCI-AVIATION-B5882,SRC-SCI-AVIATION-29-99D96
Domain,DOM-SCI-AVIATION-B5882,SRC-SCI-AVIATION-3-3E1D0
Domain,DOM-SCI-AVIATION-B5882,SRC-SCI-AVIATION-31-C2B02
Domain,DOM-SCI-AVIATION-B5882,SRC-SCI-AVIATION-33-1DE5A
Domain,DOM-SCI-AVIATION-B5882,SRC-SCI-AVIATION-35-86775
Domain,DOM-SCI-AVIATION-B5882,SRC-SCI-AVIATION-37-84AA4
Domain,DOM-SCI-AVIATION-B5882,SRC-SCI-AVIATION-39-6D951
Domain,DOM-SCI-AVIATION-B5882,SRC-SCI-AVIATION-41-93D8E
Domain,DOM-SCI-AVIATION-B5882,SRC-SCI-AVIATION-43-44091
Domain,DOM-SCI-AVIATION-B5882,SRC-SCI-AVIATION-45-E59ED
Domain,DOM-SCI-AVIATION-B5882,SRC-SCI-AVIATION-47-02472
Domain,DOM-SCI-AVIATION-B5882,SRC-SCI-AVIATION-49-8CFBA
Domain,DOM-SCI-AVIATION-B5882,SRC-SCI-AVIATION-51-50FBD
Domain,DOM-SCI-AVIATION-B5882,SRC-SCI-AVIATION-53-3F363
Domain,DOM-SCI-AVIATION-B5882,SRC-SCI-AVIATION-55-9BD89
Domain,DOM-SCI-AVIATION-B5882,SRC-SCI-AVIATION-57-81662
Domain,DOM-SCI-AVIATION-B5882,SRC-SCI-AVIATION-59-BCAC3
Domain,DOM-SCI-AVIATION-B5882,SRC-SCI-AVIATION-61-149C4
Domain,DOM-SCI-AVIATION-B5882,SRC-SCI-AVIATION-63-A24AB
Domain,DOM-SCI-AVIATION-B5882,SRC-SCI-AVIATION-65-60474
Domain,DOM-SCI-AVIATION-B5882,SRC-SCI-AVIATION-67-E0201
Domain,DOM-SCI-AVIATION-B5882,SRC-SCI-AVIATION-69-DEF43
Domain,DOM-SCI-AVIATION-B5882,SRC-SCI-AVIATION-7-63810
Domain,DOM-SCI-AVIATION-B5882,SRC-SCI-AVIATION-9-3DE63
Domain,DOM-SCI-AVIATION-B5882,SRC-SCI-ENTRANCE-EXAM-52-8D163
Domain,DOM-SCI-AVIATION-B5882,SRC-SCI-ENTRANCE-EXAM-53-7627A
Domain,DOM-SCI-AVIATION-B5882,SRC-SCI-SCIENCE-CATEGORY-428D3
Domain,DOM-SCI-AVIATION-REGULATO-04D0C,SRC-SCI-ENTRANCE-EXAM-51-39434
Domain,DOM-SCI-DATA-ANALYTICS-D14E3,SRC-SCI-DATA-ANALYTICS-10-0341B
Domain,DOM-SCI-DATA-ANALYTICS-D14E3,SRC-SCI-DATA-ANALYTICS-10-B3FD7
Domain,DOM-SCI-DATA-ANALYTICS-D14E3,SRC-SCI-DATA-ANALYTICS-11-28C9F
Domain,DOM-SCI-DATA-ANALYTICS-D14E3,SRC-SCI-DATA-ANALYTICS-11-56A72
Domain,DOM-SCI-DATA-ANALYTICS-D14E3,SRC-SCI-DATA-ANALYTICS-12-2C95C
Domain,DOM-SCI-DATA-ANALYTICS-D14E3,SRC-SCI-DATA-ANALYTICS-12-64B45
Domain,DOM-SCI-DATA-ANALYTICS-D14E3,SRC-SCI-DATA-ANALYTICS-13-3DD55
Domain,DOM-SCI-DATA-ANALYTICS-D14E3,SRC-SCI-DATA-ANALYTICS-13-5C953
Domain,DOM-SCI-DATA-ANALYTICS-D14E3,SRC-SCI-DATA-ANALYTICS-18-81FFC
Domain,DOM-SCI-DATA-ANALYTICS-D14E3,SRC-SCI-DATA-ANALYTICS-23-24B97
Domain,DOM-SCI-DATA-ANALYTICS-D14E3,SRC-SCI-DATA-ANALYTICS-28-62702
Domain,DOM-SCI-DATA-ANALYTICS-D14E3,SRC-SCI-DATA-ANALYTICS-3-D8182
Domain,DOM-SCI-DATA-ANALYTICS-D14E3,SRC-SCI-DATA-ANALYTICS-33-8582F
Domain,DOM-SCI-DATA-ANALYTICS-D14E3,SRC-SCI-DATA-ANALYTICS-38-E59CB
Domain,DOM-SCI-DATA-ANALYTICS-D14E3,SRC-SCI-DATA-ANALYTICS-43-E8EF1
Domain,DOM-SCI-DATA-ANALYTICS-D14E3,SRC-SCI-DATA-ANALYTICS-48-45215
Domain,DOM-SCI-DATA-ANALYTICS-D14E3,SRC-SCI-DATA-ANALYTICS-53-DDFAC
Domain,DOM-SCI-DATA-ANALYTICS-D14E3,SRC-SCI-DATA-ANALYTICS-58-28D8E
Domain,DOM-SCI-DATA-ANALYTICS-D14E3,SRC-SCI-DATA-ANALYTICS-63-597E5
Domain,DOM-SCI-DATA-ANALYTICS-D14E3,SRC-SCI-DATA-ANALYTICS-68-39326
Domain,DOM-SCI-DATA-ANALYTICS-D14E3,SRC-SCI-DATA-ANALYTICS-73-339D2
Domain,DOM-SCI-DATA-ANALYTICS-D14E3,SRC-SCI-DATA-ANALYTICS-78-866B5
Domain,DOM-SCI-DATA-ANALYTICS-D14E3,SRC-SCI-DATA-ANALYTICS-8-87D7F
Domain,DOM-SCI-DATA-ANALYTICS-D14E3,SRC-SCI-DATA-ANALYTICS-83-BFFAF
Domain,DOM-SCI-DATA-ANALYTICS-D14E3,SRC-SCI-DATA-ANALYTICS-88-5385A
Domain,DOM-SCI-DATA-ANALYTICS-D14E3,SRC-SCI-DATA-ANALYTICS-93-AAA9B
Domain,DOM-SCI-DATA-ANALYTICS-D14E3,SRC-SCI-DATA-ANALYTICS-98-9BDDF
Domain,DOM-SCI-DATA-MATH-2BD69,SRC-SCI-SCIENCE-CATEGORY-02F40
Domain,DOM-SCI-DATA-SCIENCE-MATH-FC760,SRC-SCI-ENTRANCE-EXAM-36-ABE6A
Domain,DOM-SCI-DATA-SCIENCE-MATH-FC760,SRC-SCI-ENTRANCE-EXAM-37-5F9E0
Domain,DOM-SCI-DEFENCE-AVIATION-09EFD,SRC-SCI-ENTRANCE-EXAM-43-02278
Domain,DOM-SCI-DEFENCE-CCE35,SRC-SCI-DEFENCE-12-B8CD9
Domain,DOM-SCI-DEFENCE-CCE35,SRC-SCI-DEFENCE-14-47A4B
Domain,DOM-SCI-DEFENCE-CCE35,SRC-SCI-DEFENCE-16-A46DB
Domain,DOM-SCI-DEFENCE-CCE35,SRC-SCI-DEFENCE-18-4D25A
Domain,DOM-SCI-DEFENCE-CCE35,SRC-SCI-DEFENCE-20-11682
Domain,DOM-SCI-DEFENCE-CCE35,SRC-SCI-DEFENCE-22-29BE9
Domain,DOM-SCI-DEFENCE-CCE35,SRC-SCI-DEFENCE-24-C404C
Domain,DOM-SCI-DEFENCE-CCE35,SRC-SCI-DEFENCE-26-617A5
Domain,DOM-SCI-DEFENCE-CCE35,SRC-SCI-DEFENCE-27-1417F
Domain,DOM-SCI-DEFENCE-CCE35,SRC-SCI-DEFENCE-28-CCAEA
Domain,DOM-SCI-DEFENCE-CCE35,SRC-SCI-DEFENCE-3-BCEBD
Domain,DOM-SCI-DEFENCE-CCE35,SRC-SCI-DEFENCE-30-F4DF9
Domain,DOM-SCI-DEFENCE-CCE35,SRC-SCI-DEFENCE-32-63911
Domain,DOM-SCI-DEFENCE-CCE35,SRC-SCI-DEFENCE-34-34D26
Domain,DOM-SCI-DEFENCE-CCE35,SRC-SCI-DEFENCE-36-2E1C5
Domain,DOM-SCI-DEFENCE-CCE35,SRC-SCI-DEFENCE-38-65E33
Domain,DOM-SCI-DEFENCE-CCE35,SRC-SCI-DEFENCE-40-A6D66
Domain,DOM-SCI-DEFENCE-CCE35,SRC-SCI-DEFENCE-42-86B33
Domain,DOM-SCI-DEFENCE-CCE35,SRC-SCI-DEFENCE-44-3CA37
Domain,DOM-SCI-DEFENCE-CCE35,SRC-SCI-DEFENCE-46-0CEA8
Domain,DOM-SCI-DEFENCE-CCE35,SRC-SCI-DEFENCE-48-24C60
Domain,DOM-SCI-DEFENCE-CCE35,SRC-SCI-DEFENCE-5-92CBF
Domain,DOM-SCI-DEFENCE-CCE35,SRC-SCI-DEFENCE-50-58BB3
Domain,DOM-SCI-DEFENCE-CCE35,SRC-SCI-DEFENCE-52-725EF
Domain,DOM-SCI-DEFENCE-CCE35,SRC-SCI-DEFENCE-54-73358
Domain,DOM-SCI-DEFENCE-CCE35,SRC-SCI-DEFENCE-56-F980A
Domain,DOM-SCI-DEFENCE-CCE35,SRC-SCI-DEFENCE-58-F86EF
Domain,DOM-SCI-DEFENCE-CCE35,SRC-SCI-DEFENCE-60-CC9C2
Domain,DOM-SCI-DEFENCE-CCE35,SRC-SCI-DEFENCE-62-8B13F
Domain,DOM-SCI-DEFENCE-CCE35,SRC-SCI-DEFENCE-64-912AC
Domain,DOM-SCI-DEFENCE-CCE35,SRC-SCI-DEFENCE-82-7AA44
Domain,DOM-SCI-DEFENCE-CCE35,SRC-SCI-DEFENCE-9-00CDB
Domain,DOM-SCI-DEFENCE-CCE35,SRC-SCI-ENTRANCE-EXAM-41-353B3
Domain,DOM-SCI-DEFENCE-CCE35,SRC-SCI-ENTRANCE-EXAM-42-4A061
Domain,DOM-SCI-DEFENCE-CCE35,SRC-SCI-ENTRANCE-EXAM-45-B4505
Domain,DOM-SCI-DEFENCE-CCE35,SRC-SCI-ENTRANCE-EXAM-46-F1903
Domain,DOM-SCI-DEFENCE-CCE35,SRC-SCI-ENTRANCE-EXAM-47-DCCB1
Domain,DOM-SCI-DEFENCE-CCE35,SRC-SCI-ENTRANCE-EXAM-49-6F466
Domain,DOM-SCI-DEFENCE-SUPPORT-7E49B,SRC-SCI-ENTRANCE-EXAM-48-674D7
Domain,DOM-SCI-DEFENCE-SUPPORT-7E49B,SRC-SCI-ENTRANCE-EXAM-69-B8C01
Domain,DOM-SCI-DEFENSE-1E1C6,SRC-SCI-SCIENCE-CATEGORY-CBC86
Domain,DOM-SCI-DESIGN-10B24,SRC-SCI-DESIGN-102-D1F0A
Domain,DOM-SCI-DESIGN-10B24,SRC-SCI-DESIGN-108-97E86
Domain,DOM-SCI-DESIGN-10B24,SRC-SCI-DESIGN-114-87F77
Domain,DOM-SCI-DESIGN-10B24,SRC-SCI-DESIGN-120-72B84
Domain,DOM-SCI-DESIGN-10B24,SRC-SCI-DESIGN-126-A68E0
Domain,DOM-SCI-DESIGN-10B24,SRC-SCI-DESIGN-132-F1A87
Domain,DOM-SCI-DESIGN-10B24,SRC-SCI-DESIGN-138-CACC2
Domain,DOM-SCI-DESIGN-10B24,SRC-SCI-DESIGN-144-B8570
Domain,DOM-SCI-DESIGN-10B24,SRC-SCI-DESIGN-15-AFF81
Domain,DOM-SCI-DESIGN-10B24,SRC-SCI-DESIGN-150-B8D98
Domain,DOM-SCI-DESIGN-10B24,SRC-SCI-DESIGN-156-84D78
Domain,DOM-SCI-DESIGN-10B24,SRC-SCI-DESIGN-21-E5C02
Domain,DOM-SCI-DESIGN-10B24,SRC-SCI-DESIGN-27-6528C
Domain,DOM-SCI-DESIGN-10B24,SRC-SCI-DESIGN-3-5429C
Domain,DOM-SCI-DESIGN-10B24,SRC-SCI-DESIGN-33-A5D6C
Domain,DOM-SCI-DESIGN-10B24,SRC-SCI-DESIGN-39-3A623
Domain,DOM-SCI-DESIGN-10B24,SRC-SCI-DESIGN-45-C6E9A
Domain,DOM-SCI-DESIGN-10B24,SRC-SCI-DESIGN-51-B348A
Domain,DOM-SCI-DESIGN-10B24,SRC-SCI-DESIGN-57-BA30E
Domain,DOM-SCI-DESIGN-10B24,SRC-SCI-DESIGN-63-493BE
Domain,DOM-SCI-DESIGN-10B24,SRC-SCI-DESIGN-69-4314C
Domain,DOM-SCI-DESIGN-10B24,SRC-SCI-DESIGN-75-6B416
Domain,DOM-SCI-DESIGN-10B24,SRC-SCI-DESIGN-84-AA0C6
Domain,DOM-SCI-DESIGN-10B24,SRC-SCI-DESIGN-9-EE8CD
Domain,DOM-SCI-DESIGN-10B24,SRC-SCI-DESIGN-90-4D2FD
Domain,DOM-SCI-DESIGN-10B24,SRC-SCI-DESIGN-96-EE72E
Domain,DOM-SCI-DESIGN-10B24,SRC-SCI-ENTRANCE-EXAM-58-43492
Domain,DOM-SCI-DESIGN-10B24,SRC-SCI-ENTRANCE-EXAM-59-94C81
Domain,DOM-SCI-DESIGN-10B24,SRC-SCI-ENTRANCE-EXAM-60-5DBE5
Domain,DOM-SCI-DESIGN-10B24,SRC-SCI-SCIENCE-CATEGORY-0F7D8
Domain,DOM-SCI-EARLY-PIPELINE-790F4,SRC-SCI-ENTRANCE-EXAM-71-82443
Domain,DOM-SCI-EARLY-PIPELINE-790F4,SRC-SCI-ENTRANCE-EXAM-72-94A43
Domain,DOM-SCI-EARLY-PIPELINE-790F4,SRC-SCI-ENTRANCE-EXAM-74-57FA0
Domain,DOM-SCI-ENGINEERING-AA712,SRC-SCI-ENGINEERING-102-EF21A
Domain,DOM-SCI-ENGINEERING-AA712,SRC-SCI-ENGINEERING-112-8F2F5
Domain,DOM-SCI-ENGINEERING-AA712,SRC-SCI-ENGINEERING-12-E6E18
Domain,DOM-SCI-ENGINEERING-AA712,SRC-SCI-ENGINEERING-122-BAB4C
Domain,DOM-SCI-ENGINEERING-AA712,SRC-SCI-ENGINEERING-132-6AADF
Domain,DOM-SCI-ENGINEERING-AA712,SRC-SCI-ENGINEERING-142-C8A6D
Domain,DOM-SCI-ENGINEERING-AA712,SRC-SCI-ENGINEERING-152-57B63
Domain,DOM-SCI-ENGINEERING-AA712,SRC-SCI-ENGINEERING-162-9D7A9
Domain,DOM-SCI-ENGINEERING-AA712,SRC-SCI-ENGINEERING-172-5A90C
Domain,DOM-SCI-ENGINEERING-AA712,SRC-SCI-ENGINEERING-182-1CE03
Domain,DOM-SCI-ENGINEERING-AA712,SRC-SCI-ENGINEERING-192-8FB85
Domain,DOM-SCI-ENGINEERING-AA712,SRC-SCI-ENGINEERING-2-51A21
Domain,DOM-SCI-ENGINEERING-AA712,SRC-SCI-ENGINEERING-202-08610
Domain,DOM-SCI-ENGINEERING-AA712,SRC-SCI-ENGINEERING-212-40779
Domain,DOM-SCI-ENGINEERING-AA712,SRC-SCI-ENGINEERING-22-C7562
Domain,DOM-SCI-ENGINEERING-AA712,SRC-SCI-ENGINEERING-222-B08BC
Domain,DOM-SCI-ENGINEERING-AA712,SRC-SCI-ENGINEERING-232-178AB
Domain,DOM-SCI-ENGINEERING-AA712,SRC-SCI-ENGINEERING-242-F568B
Domain,DOM-SCI-ENGINEERING-AA712,SRC-SCI-ENGINEERING-252-71742
Domain,DOM-SCI-ENGINEERING-AA712,SRC-SCI-ENGINEERING-262-6975D
Domain,DOM-SCI-ENGINEERING-AA712,SRC-SCI-ENGINEERING-272-ECACB
Domain,DOM-SCI-ENGINEERING-AA712,SRC-SCI-ENGINEERING-282-5304F
Domain,DOM-SCI-ENGINEERING-AA712,SRC-SCI-ENGINEERING-292-3C447
Domain,DOM-SCI-ENGINEERING-AA712,SRC-SCI-ENGINEERING-302-FB281
Domain,DOM-SCI-ENGINEERING-AA712,SRC-SCI-ENGINEERING-312-28B04
Domain,DOM-SCI-ENGINEERING-AA712,SRC-SCI-ENGINEERING-32-B28E7
Domain,DOM-SCI-ENGINEERING-AA712,SRC-SCI-ENGINEERING-322-F6F3B
Domain,DOM-SCI-ENGINEERING-AA712,SRC-SCI-ENGINEERING-332-7EA11
Domain,DOM-SCI-ENGINEERING-AA712,SRC-SCI-ENGINEERING-342-4BAA4
Domain,DOM-SCI-ENGINEERING-AA712,SRC-SCI-ENGINEERING-352-541BB
Domain,DOM-SCI-ENGINEERING-AA712,SRC-SCI-ENGINEERING-362-1356E
Domain,DOM-SCI-ENGINEERING-AA712,SRC-SCI-ENGINEERING-372-3E3E3
Domain,DOM-SCI-ENGINEERING-AA712,SRC-SCI-ENGINEERING-382-BD249
Domain,DOM-SCI-ENGINEERING-AA712,SRC-SCI-ENGINEERING-392-1994A
Domain,DOM-SCI-ENGINEERING-AA712,SRC-SCI-ENGINEERING-402-A02D5
Domain,DOM-SCI-ENGINEERING-AA712,SRC-SCI-ENGINEERING-42-5CF9D
Domain,DOM-SCI-ENGINEERING-AA712,SRC-SCI-ENGINEERING-52-A5704
Domain,DOM-SCI-ENGINEERING-AA712,SRC-SCI-ENGINEERING-62-30AD4
Domain,DOM-SCI-ENGINEERING-AA712,SRC-SCI-ENGINEERING-72-7112B
Domain,DOM-SCI-ENGINEERING-AA712,SRC-SCI-ENGINEERING-82-CDEED
Domain,DOM-SCI-ENGINEERING-AA712,SRC-SCI-ENGINEERING-92-6AB68
Domain,DOM-SCI-ENGINEERING-AA712,SRC-SCI-ENTRANCE-EXAM-10-18621
Domain,DOM-SCI-ENGINEERING-AA712,SRC-SCI-ENTRANCE-EXAM-11-343D9
Domain,DOM-SCI-ENGINEERING-AA712,SRC-SCI-ENTRANCE-EXAM-13-D04BF
Domain,DOM-SCI-ENGINEERING-AA712,SRC-SCI-ENTRANCE-EXAM-14-CA8D1
Domain,DOM-SCI-ENGINEERING-AA712,SRC-SCI-ENTRANCE-EXAM-15-CDAF9
Domain,DOM-SCI-ENGINEERING-AA712,SRC-SCI-ENTRANCE-EXAM-16-FDDDF
Domain,DOM-SCI-ENGINEERING-AA712,SRC-SCI-ENTRANCE-EXAM-17-04E32
Domain,DOM-SCI-ENGINEERING-AA712,SRC-SCI-ENTRANCE-EXAM-18-BBF4D
Domain,DOM-SCI-ENGINEERING-AA712,SRC-SCI-ENTRANCE-EXAM-19-2C8EA
Domain,DOM-SCI-ENGINEERING-AA712,SRC-SCI-ENTRANCE-EXAM-20-5D1D6
Domain,DOM-SCI-ENGINEERING-AA712,SRC-SCI-ENTRANCE-EXAM-22-53DDD
Domain,DOM-SCI-ENGINEERING-AA712,SRC-SCI-ENTRANCE-EXAM-3-1A385
Domain,DOM-SCI-ENGINEERING-AA712,SRC-SCI-ENTRANCE-EXAM-4-6F93A
Domain,DOM-SCI-ENGINEERING-AA712,SRC-SCI-ENTRANCE-EXAM-5-407E1
Domain,DOM-SCI-ENGINEERING-AA712,SRC-SCI-ENTRANCE-EXAM-6-ED243
Domain,DOM-SCI-ENGINEERING-AA712,SRC-SCI-ENTRANCE-EXAM-7-8A3FD
Domain,DOM-SCI-ENGINEERING-AA712,SRC-SCI-ENTRANCE-EXAM-8-42A8F
Domain,DOM-SCI-ENGINEERING-AA712,SRC-SCI-ENTRANCE-EXAM-9-E9127
Domain,DOM-SCI-ENGINEERING-AA712,SRC-SCI-SCIENCE-CATEGORY-55FC7
Domain,DOM-SCI-ENGINEERING-DESIG-181A9,SRC-SCI-ENTRANCE-EXAM-55-32339
Domain,DOM-SCI-ENGINEERING-DESIG-181A9,SRC-SCI-ENTRANCE-EXAM-56-C7477
Domain,DOM-SCI-ENGINEERING-MULTI-195AA,SRC-SCI-ENTRANCE-EXAM-21-85A45
Domain,DOM-SCI-ENGINEERING-TECH-C757D,SRC-SCI-ENTRANCE-EXAM-39-8F38C
Domain,DOM-SCI-MEDICAL-D5060,SRC-SCI-ENTRANCE-EXAM-24-7CB16
Domain,DOM-SCI-MEDICAL-D5060,SRC-SCI-ENTRANCE-EXAM-25-16077
Domain,DOM-SCI-MEDICAL-D5060,SRC-SCI-ENTRANCE-EXAM-26-8342F
Domain,DOM-SCI-MEDICAL-D5060,SRC-SCI-ENTRANCE-EXAM-28-FD4C0
Domain,DOM-SCI-MEDICAL-D5060,SRC-SCI-ENTRANCE-EXAM-29-3D9BC
Domain,DOM-SCI-MEDICAL-D5060,SRC-SCI-ENTRANCE-EXAM-30-16998
Domain,DOM-SCI-MEDICAL-D5060,SRC-SCI-ENTRANCE-EXAM-31-74B40
Domain,DOM-SCI-MEDICAL-D5060,SRC-SCI-SCIENCE-CATEGORY-F9864
Domain,DOM-SCI-MEDICINE-563F6,SRC-SCI-MEDICINE-10-DB4BA
Domain,DOM-SCI-MEDICINE-563F6,SRC-SCI-MEDICINE-13-F5098
Domain,DOM-SCI-MEDICINE-563F6,SRC-SCI-MEDICINE-16-207C2
Domain,DOM-SCI-MEDICINE-563F6,SRC-SCI-MEDICINE-19-3D7E5
Domain,DOM-SCI-MEDICINE-563F6,SRC-SCI-MEDICINE-2-265E5
Domain,DOM-SCI-MEDICINE-563F6,SRC-SCI-MEDICINE-22-8622F
Domain,DOM-SCI-MEDICINE-563F6,SRC-SCI-MEDICINE-25-19C72
Domain,DOM-SCI-MEDICINE-563F6,SRC-SCI-MEDICINE-28-6BDAC
Domain,DOM-SCI-MEDICINE-563F6,SRC-SCI-MEDICINE-31-79F40
Domain,DOM-SCI-MEDICINE-563F6,SRC-SCI-MEDICINE-34-3161B
Domain,DOM-SCI-MEDICINE-563F6,SRC-SCI-MEDICINE-37-6734D
Domain,DOM-SCI-MEDICINE-563F6,SRC-SCI-MEDICINE-40-29129
Domain,DOM-SCI-MEDICINE-563F6,SRC-SCI-MEDICINE-43-47AEE
Domain,DOM-SCI-MEDICINE-563F6,SRC-SCI-MEDICINE-46-DE821
Domain,DOM-SCI-MEDICINE-563F6,SRC-SCI-MEDICINE-49-2F138
Domain,DOM-SCI-MEDICINE-563F6,SRC-SCI-MEDICINE-52-45E2E
Domain,DOM-SCI-MEDICINE-563F6,SRC-SCI-MEDICINE-55-B745B
Domain,DOM-SCI-MEDICINE-563F6,SRC-SCI-MEDICINE-58-031AC
Domain,DOM-SCI-MEDICINE-563F6,SRC-SCI-MEDICINE-6-0018F
Domain,DOM-SCI-PURE-SCIENCE-CB5E0,SRC-SCI-ENTRANCE-EXAM-34-EE3A0
Domain,DOM-SCI-PURE-SCIENCE-CB5E0,SRC-SCI-ENTRANCE-EXAM-35-D7378
Domain,DOM-SCI-PURE-SCIENCE-CB5E0,SRC-SCI-PURE-SCIENCE-12-31A7E
Domain,DOM-SCI-PURE-SCIENCE-CB5E0,SRC-SCI-PURE-SCIENCE-15-B3AB4
Domain,DOM-SCI-PURE-SCIENCE-CB5E0,SRC-SCI-PURE-SCIENCE-18-ABA9F
Domain,DOM-SCI-PURE-SCIENCE-CB5E0,SRC-SCI-PURE-SCIENCE-2-FB9CB
Domain,DOM-SCI-PURE-SCIENCE-CB5E0,SRC-SCI-PURE-SCIENCE-21-D17EF
Domain,DOM-SCI-PURE-SCIENCE-CB5E0,SRC-SCI-PURE-SCIENCE-24-D7974
Domain,DOM-SCI-PURE-SCIENCE-CB5E0,SRC-SCI-PURE-SCIENCE-27-72F41
Domain,DOM-SCI-PURE-SCIENCE-CB5E0,SRC-SCI-PURE-SCIENCE-30-C1C03
Domain,DOM-SCI-PURE-SCIENCE-CB5E0,SRC-SCI-PURE-SCIENCE-33-DECBF
Domain,DOM-SCI-PURE-SCIENCE-CB5E0,SRC-SCI-PURE-SCIENCE-36-8ED72
Domain,DOM-SCI-PURE-SCIENCE-CB5E0,SRC-SCI-PURE-SCIENCE-39-0210F
Domain,DOM-SCI-PURE-SCIENCE-CB5E0,SRC-SCI-PURE-SCIENCE-42-F433A
Domain,DOM-SCI-PURE-SCIENCE-CB5E0,SRC-SCI-PURE-SCIENCE-45-71123
Domain,DOM-SCI-PURE-SCIENCE-CB5E0,SRC-SCI-PURE-SCIENCE-48-45A7F
Domain,DOM-SCI-PURE-SCIENCE-CB5E0,SRC-SCI-PURE-SCIENCE-51-D5AA4
Domain,DOM-SCI-PURE-SCIENCE-CB5E0,SRC-SCI-PURE-SCIENCE-54-8E865
Domain,DOM-SCI-PURE-SCIENCE-CB5E0,SRC-SCI-PURE-SCIENCE-57-A9178
Domain,DOM-SCI-PURE-SCIENCE-CB5E0,SRC-SCI-PURE-SCIENCE-6-7DFA7
Domain,DOM-SCI-PURE-SCIENCE-CB5E0,SRC-SCI-PURE-SCIENCE-60-A0F76
Domain,DOM-SCI-PURE-SCIENCE-CB5E0,SRC-SCI-PURE-SCIENCE-63-C84A3
Domain,DOM-SCI-PURE-SCIENCE-CB5E0,SRC-SCI-PURE-SCIENCE-66-92A31
Domain,DOM-SCI-PURE-SCIENCE-CB5E0,SRC-SCI-PURE-SCIENCE-69-919DD
Domain,DOM-SCI-PURE-SCIENCE-CB5E0,SRC-SCI-PURE-SCIENCE-72-AFAC0
Domain,DOM-SCI-PURE-SCIENCE-CB5E0,SRC-SCI-PURE-SCIENCE-75-1C874
Domain,DOM-SCI-PURE-SCIENCE-CB5E0,SRC-SCI-PURE-SCIENCE-78-A2259
Domain,DOM-SCI-PURE-SCIENCE-CB5E0,SRC-SCI-PURE-SCIENCE-81-91DF3
Domain,DOM-SCI-PURE-SCIENCE-CB5E0,SRC-SCI-PURE-SCIENCE-9-B93AA
Domain,DOM-SCI-PURE-SCIENCE-MULT-F9F45,SRC-SCI-ENTRANCE-EXAM-33-62458
Domain,DOM-SCI-PURE-SCIENCES-78C4D,SRC-SCI-SCIENCE-CATEGORY-8B196
Domain,DOM-SCI-VOCATIONAL-BCFEB,SRC-SCI-ENTRANCE-EXAM-66-3328A
Domain,DOM-SCI-VOCATIONAL-BCFEB,SRC-SCI-ENTRANCE-EXAM-67-A84D3
Domain,DOM-SCI-VOCATIONAL-BCFEB,SRC-SCI-SCIENCE-CATEGORY-7D45C
Domain,DOM-SCI-VOCATIONAL-BCFEB,SRC-SCI-VOCATIONAL-10-685B2
Domain,DOM-SCI-VOCATIONAL-BCFEB,SRC-SCI-VOCATIONAL-11-FF7FD
Domain,DOM-SCI-VOCATIONAL-BCFEB,SRC-SCI-VOCATIONAL-12-C9EAF
Domain,DOM-SCI-VOCATIONAL-BCFEB,SRC-SCI-VOCATIONAL-13-8712A
Domain,DOM-SCI-VOCATIONAL-BCFEB,SRC-SCI-VOCATIONAL-15-ED57A
Domain,DOM-SCI-VOCATIONAL-BCFEB,SRC-SCI-VOCATIONAL-16-6AD39
Domain,DOM-SCI-VOCATIONAL-BCFEB,SRC-SCI-VOCATIONAL-18-8F88A
Domain,DOM-SCI-VOCATIONAL-BCFEB,SRC-SCI-VOCATIONAL-19-5388E
Domain,DOM-SCI-VOCATIONAL-BCFEB,SRC-SCI-VOCATIONAL-20-A7589
Domain,DOM-SCI-VOCATIONAL-BCFEB,SRC-SCI-VOCATIONAL-22-93351
Domain,DOM-SCI-VOCATIONAL-BCFEB,SRC-SCI-VOCATIONAL-23-6052E
Domain,DOM-SCI-VOCATIONAL-BCFEB,SRC-SCI-VOCATIONAL-24-BA3A7
Domain,DOM-SCI-VOCATIONAL-BCFEB,SRC-SCI-VOCATIONAL-26-959EC
Domain,DOM-SCI-VOCATIONAL-BCFEB,SRC-SCI-VOCATIONAL-27-3AFD9
Domain,DOM-SCI-VOCATIONAL-BCFEB,SRC-SCI-VOCATIONAL-29-F2ED7
Domain,DOM-SCI-VOCATIONAL-BCFEB,SRC-SCI-VOCATIONAL-3-1D1AF
Domain,DOM-SCI-VOCATIONAL-BCFEB,SRC-SCI-VOCATIONAL-30-BB8B4
Domain,DOM-SCI-VOCATIONAL-BCFEB,SRC-SCI-VOCATIONAL-32-1DD4A
Domain,DOM-SCI-VOCATIONAL-BCFEB,SRC-SCI-VOCATIONAL-33-393F1
Domain,DOM-SCI-VOCATIONAL-BCFEB,SRC-SCI-VOCATIONAL-35-159F1
Domain,DOM-SCI-VOCATIONAL-BCFEB,SRC-SCI-VOCATIONAL-36-F2F39
Domain,DOM-SCI-VOCATIONAL-BCFEB,SRC-SCI-VOCATIONAL-37-3399E
Domain,DOM-SCI-VOCATIONAL-BCFEB,SRC-SCI-VOCATIONAL-39-EE2F1
Domain,DOM-SCI-VOCATIONAL-BCFEB,SRC-SCI-VOCATIONAL-4-ACC9C
Domain,DOM-SCI-VOCATIONAL-BCFEB,SRC-SCI-VOCATIONAL-40-970B8
Domain,DOM-SCI-VOCATIONAL-BCFEB,SRC-SCI-VOCATIONAL-41-DF03D
Domain,DOM-SCI-VOCATIONAL-BCFEB,SRC-SCI-VOCATIONAL-42-52087
Domain,DOM-SCI-VOCATIONAL-BCFEB,SRC-SCI-VOCATIONAL-43-85C99
Domain,DOM-SCI-VOCATIONAL-BCFEB,SRC-SCI-VOCATIONAL-45-12FED
Domain,DOM-SCI-VOCATIONAL-BCFEB,SRC-SCI-VOCATIONAL-47-4760F
Domain,DOM-SCI-VOCATIONAL-BCFEB,SRC-SCI-VOCATIONAL-48-816F3
Domain,DOM-SCI-VOCATIONAL-BCFEB,SRC-SCI-VOCATIONAL-49-5C4B2
Domain,DOM-SCI-VOCATIONAL-BCFEB,SRC-SCI-VOCATIONAL-5-D0634
Domain,DOM-SCI-VOCATIONAL-BCFEB,SRC-SCI-VOCATIONAL-51-0EAA4
Domain,DOM-SCI-VOCATIONAL-BCFEB,SRC-SCI-VOCATIONAL-53-9F47A
Domain,DOM-SCI-VOCATIONAL-BCFEB,SRC-SCI-VOCATIONAL-55-0813C
Domain,DOM-SCI-VOCATIONAL-BCFEB,SRC-SCI-VOCATIONAL-57-4FCAA
Domain,DOM-SCI-VOCATIONAL-BCFEB,SRC-SCI-VOCATIONAL-59-22CC9
Domain,DOM-SCI-VOCATIONAL-BCFEB,SRC-SCI-VOCATIONAL-6-AEB05
Domain,DOM-SCI-VOCATIONAL-BCFEB,SRC-SCI-VOCATIONAL-61-023AD
Domain,DOM-SCI-VOCATIONAL-BCFEB,SRC-SCI-VOCATIONAL-8-A4C08
Domain,DOM-SCI-VOCATIONAL-TECHNI-F3D40,SRC-SCI-ENTRANCE-EXAM-68-59B64
EntranceExam,EXAM-COM-ACTUARIAL-EXAMS-47DE3,SRC-COM-ENTRANCE-EXAMS-MA-CDBBC
EntranceExam,EXAM-COM-CA-FOUNDATION-90686,SRC-COM-ENTRANCE-EXAMS-MA-CBD8A
EntranceExam,EXAM-COM-CA-INTERMEDIATE-2089E,SRC-COM-ENTRANCE-EXAMS-MA-D27BE
EntranceExam,EXAM-COM-CFA-LEVEL-1-B740D,SRC-COM-ENTRANCE-EXAMS-MA-787EF
EntranceExam,EXAM-COM-CFP-CERTIFICATIO-EB6C8,SRC-COM-ENTRANCE-EXAMS-MA-35DCA
EntranceExam,EXAM-COM-CMA-FOUNDATION-F739A,SRC-COM-ENTRANCE-EXAMS-MA-47746
EntranceExam,EXAM-COM-CMA-INTERMEDIATE-A7EED,SRC-COM-ENTRANCE-EXAMS-MA-1951B
EntranceExam,EXAM-COM-CS-EXECUTIVE-3F03A,SRC-COM-ENTRANCE-EXAMS-MA-16C01
EntranceExam,EXAM-COM-CSEET-42A99,SRC-COM-ENTRANCE-EXAMS-MA-65ACF
EntranceExam,EXAM-COM-CUET-UG-PG-E340A,SRC-COM-ENTRANCE-EXAMS-MA-0D59D
EntranceExam,EXAM-COM-IBPS-PO-SBI-PO-7C399,SRC-COM-ENTRANCE-EXAMS-MA-8C140
EntranceExam,EXAM-COM-NISM-CERTIFICATI-57A6A,SRC-COM-ENTRANCE-EXAMS-MA-8C720
EntranceExam,EXAM-HUM-B-ED-ENTRANCE-CE-DA16C,SRC-HUM-ENTRANCE-EXAMS-7-69616
EntranceExam,EXAM-HUM-CTET-STATE-TET-72CBD,SRC-HUM-ENTRANCE-EXAMS-8-594C7
EntranceExam,EXAM-HUM-CUET-PG-9CDA3,SRC-HUM-ENTRANCE-EXAMS-3-81A90
EntranceExam,EXAM-HUM-CUET-UG-B27B6,SRC-HUM-ENTRANCE-EXAMS-2-8A130
EntranceExam,EXAM-HUM-FOREIGN-LANGUAGE-08A09,SRC-HUM-ENTRANCE-EXAMS-14-9B6F9
EntranceExam,EXAM-HUM-FTII-SRFTI-FILM-25685,SRC-HUM-ENTRANCE-EXAMS-12-4F2F6
EntranceExam,EXAM-HUM-MSW-DEVELOPMENT-AB4A8,SRC-HUM-ENTRANCE-EXAMS-15-B4AAC
EntranceExam,EXAM-HUM-NID-DAT-5FB61,SRC-HUM-ENTRANCE-EXAMS-10-B024C
EntranceExam,EXAM-HUM-NIFT-ENTRANCE-BDA34,SRC-HUM-ENTRANCE-EXAMS-11-69736
EntranceExam,EXAM-HUM-RCI-RECOGNIZED-P-5BB5E,SRC-HUM-ENTRANCE-EXAMS-9-1CA38
EntranceExam,EXAM-HUM-STATE-PSC-MPSC-T-B582E,SRC-HUM-ENTRANCE-EXAMS-6-C506F
EntranceExam,EXAM-HUM-UGC-NET-SET-37E19,SRC-HUM-ENTRANCE-EXAMS-4-B2390
EntranceExam,EXAM-HUM-UNIVERSITY-INSTI-75B70,SRC-HUM-ENTRANCE-EXAMS-13-DA51C
EntranceExam,EXAM-HUM-UPSC-CIVIL-SERVI-48DAE,SRC-HUM-ENTRANCE-EXAMS-5-18B8F
EntranceExam,EXAM-INTD-CAT-XAT-CMAT-MA-C297B,SRC-INTD-ENTRANCE-EXAMS-E-034CA
EntranceExam,EXAM-INTD-CEED-0417F,SRC-INTD-ENTRANCE-EXAMS-E-CA6AC
EntranceExam,EXAM-INTD-CUET-PG-FB99B,SRC-INTD-ENTRANCE-EXAMS-E-F9C1B
EntranceExam,EXAM-INTD-CUET-UG-9C23A,SRC-INTD-ENTRANCE-EXAMS-E-DBB02
EntranceExam,EXAM-INTD-GATE-EC563,SRC-INTD-ENTRANCE-EXAMS-E-4A95E
EntranceExam,EXAM-INTD-IAT-A1809,SRC-INTD-ENTRANCE-EXAMS-E-F102B
EntranceExam,EXAM-INTD-INSTITUTE-LEVEL-F453B,SRC-INTD-ENTRANCE-EXAMS-E-9AC69
EntranceExam,EXAM-INTD-NID-DAT-5124D,SRC-INTD-ENTRANCE-EXAMS-E-ADF55
EntranceExam,EXAM-INTD-NLSAT-MPP-B3760,SRC-INTD-ENTRANCE-EXAMS-E-11341
EntranceExam,EXAM-INTD-UCEED-0FA25,SRC-INTD-ENTRANCE-EXAMS-E-905AB
EntranceExam,EXAM-MGT-ATMA-F224A,SRC-MGT-EXAMS-REGULATORY-75184
EntranceExam,EXAM-MGT-CAT-22D4E,SRC-MGT-EXAMS-REGULATORY-D4491
EntranceExam,EXAM-MGT-CMAT-39123,SRC-MGT-EXAMS-REGULATORY-8D7D8
EntranceExam,EXAM-MGT-CUET-PG-EB2B4,SRC-MGT-EXAMS-REGULATORY-06225
EntranceExam,EXAM-MGT-CUET-UG-DBE4C,SRC-MGT-EXAMS-REGULATORY-9D2EE
EntranceExam,EXAM-MGT-IPMAT-INDORE-IPM-CF6A1,SRC-MGT-EXAMS-REGULATORY-FB573
EntranceExam,EXAM-MGT-IRDAI-INSURANCE-73AA6,SRC-MGT-EXAMS-REGULATORY-FA159
EntranceExam,EXAM-MGT-JIPMAT-7438F,SRC-MGT-EXAMS-REGULATORY-CEB3F
EntranceExam,EXAM-MGT-MAH-MBA-MMS-CET-7BB31,SRC-MGT-EXAMS-REGULATORY-92ED7
EntranceExam,EXAM-MGT-MAT-A6939,SRC-MGT-EXAMS-REGULATORY-E6377
EntranceExam,EXAM-MGT-NCHM-JEE-6F7C4,SRC-MGT-EXAMS-REGULATORY-F9257
EntranceExam,EXAM-MGT-NISM-CERTIFICATI-CE82B,SRC-MGT-EXAMS-REGULATORY-419D3
EntranceExam,EXAM-MGT-NMAT-2A2F0,SRC-MGT-EXAMS-REGULATORY-7FF06
EntranceExam,EXAM-MGT-SNAP-11938,SRC-MGT-EXAMS-REGULATORY-CEBEC
EntranceExam,EXAM-MGT-XAT-452C6,SRC-MGT-EXAMS-REGULATORY-26309
EntranceExam,EXAM-SCI-AAI-ATC-E999D,SRC-SCI-ENTRANCE-EXAM-51-39434
EntranceExam,EXAM-SCI-AEEE-AMRITA-4B9DD,SRC-SCI-ENTRANCE-EXAM-9-E9127
EntranceExam,EXAM-SCI-AFCAT-76F62,SRC-SCI-ENTRANCE-EXAM-43-02278
EntranceExam,EXAM-SCI-AGNIVEER-ENTRY-47343,SRC-SCI-ENTRANCE-EXAM-45-B4505
EntranceExam,EXAM-SCI-AIIMS-NURSING-E0F0B,SRC-SCI-ENTRANCE-EXAM-28-FD4C0
EntranceExam,EXAM-SCI-AIR-FORCE-X-Y-F6F25,SRC-SCI-ENTRANCE-EXAM-47-DCCB1
EntranceExam,EXAM-SCI-AP-EAMCET-75240,SRC-SCI-ENTRANCE-EXAM-17-04E32
EntranceExam,EXAM-SCI-BITSAT-5FB0E,SRC-SCI-ENTRANCE-EXAM-5-407E1
EntranceExam,EXAM-SCI-CAPF-AC-2F8FD,SRC-SCI-ENTRANCE-EXAM-49-6F466
EntranceExam,EXAM-SCI-CDS-BC41C,SRC-SCI-ENTRANCE-EXAM-42-4A061
EntranceExam,EXAM-SCI-CMI-ENTRANCE-690F1,SRC-SCI-ENTRANCE-EXAM-37-5F9E0
EntranceExam,EXAM-SCI-COMEDK-UGET-CBFF0,SRC-SCI-ENTRANCE-EXAM-13-D04BF
EntranceExam,EXAM-SCI-CUET-UG-6B4BC,SRC-SCI-ENTRANCE-EXAM-33-62458
EntranceExam,EXAM-SCI-DEFENCE-TRADESMA-E3A84,SRC-SCI-ENTRANCE-EXAM-69-B8C01
EntranceExam,EXAM-SCI-DGCA-EXAMS-E57C5,SRC-SCI-ENTRANCE-EXAM-52-8D163
EntranceExam,EXAM-SCI-FLYING-SCHOOL-EN-9732F,SRC-SCI-ENTRANCE-EXAM-53-7627A
EntranceExam,EXAM-SCI-GATE-E8450,SRC-SCI-ENTRANCE-EXAM-39-8F38C
EntranceExam,EXAM-SCI-GUJCET-473FE,SRC-SCI-ENTRANCE-EXAM-20-5D1D6
EntranceExam,EXAM-SCI-ICAR-AIEEA-B9489,SRC-SCI-ENTRANCE-EXAM-62-40217
EntranceExam,EXAM-SCI-IISER-APTITUDE-T-E0D48,SRC-SCI-ENTRANCE-EXAM-34-EE3A0
EntranceExam,EXAM-SCI-INI-CET-D1F94,SRC-SCI-ENTRANCE-EXAM-26-8342F
EntranceExam,EXAM-SCI-ISI-ADMISSION-TE-92C64,SRC-SCI-ENTRANCE-EXAM-36-ABE6A
EntranceExam,EXAM-SCI-ITI-ENTRANCE-MER-589EF,SRC-SCI-ENTRANCE-EXAM-66-3328A
EntranceExam,EXAM-SCI-JEE-ADVANCED-15DAC,SRC-SCI-ENTRANCE-EXAM-4-6F93A
EntranceExam,EXAM-SCI-JEE-MAIN-400F7,SRC-SCI-ENTRANCE-EXAM-3-1A385
EntranceExam,EXAM-SCI-JEE-PAPER-2-B-AR-45F92,SRC-SCI-ENTRANCE-EXAM-56-C7477
EntranceExam,EXAM-SCI-JIPMER-NURSING-3DD53,SRC-SCI-ENTRANCE-EXAM-29-3D9BC
EntranceExam,EXAM-SCI-KCET-2FAAE,SRC-SCI-ENTRANCE-EXAM-16-FDDDF
EntranceExam,EXAM-SCI-KEAM-F7DFB,SRC-SCI-ENTRANCE-EXAM-19-2C8EA
EntranceExam,EXAM-SCI-KIITEE-3EF22,SRC-SCI-ENTRANCE-EXAM-10-18621
EntranceExam,EXAM-SCI-MAHARASHTRA-ELEM-98A61,SRC-SCI-ENTRANCE-EXAM-71-82443
EntranceExam,EXAM-SCI-MAHARASHTRA-INTE-47F47,SRC-SCI-ENTRANCE-EXAM-72-94A43
EntranceExam,EXAM-SCI-MET-MANIPAL-ENTR-7CD4D,SRC-SCI-ENTRANCE-EXAM-8-42A8F
EntranceExam,EXAM-SCI-MHT-CET-2FE67,SRC-SCI-ENTRANCE-EXAM-14-CA8D1
EntranceExam,EXAM-SCI-NATA-ARCHITECTUR-C2C52,SRC-SCI-ENTRANCE-EXAM-55-32339
EntranceExam,EXAM-SCI-NAVY-SSR-AA-1F25E,SRC-SCI-ENTRANCE-EXAM-46-F1903
EntranceExam,EXAM-SCI-NDA-39B20,SRC-SCI-ENTRANCE-EXAM-41-353B3
EntranceExam,EXAM-SCI-NEET-PG-495DC,SRC-SCI-ENTRANCE-EXAM-25-16077
EntranceExam,EXAM-SCI-NEET-UG-11E50,SRC-SCI-ENTRANCE-EXAM-24-7CB16
EntranceExam,EXAM-SCI-NEST-8487E,SRC-SCI-ENTRANCE-EXAM-35-D7378
EntranceExam,EXAM-SCI-NID-DAT-AD371,SRC-SCI-ENTRANCE-EXAM-59-94C81
EntranceExam,EXAM-SCI-NIFT-ENTRANCE-FC477,SRC-SCI-ENTRANCE-EXAM-58-43492
EntranceExam,EXAM-SCI-OJEE-3FDE2,SRC-SCI-ENTRANCE-EXAM-21-85A45
EntranceExam,EXAM-SCI-RAILWAY-RECRUITM-C70A7,SRC-SCI-ENTRANCE-EXAM-68-59B64
EntranceExam,EXAM-SCI-SCIENCE-OLYMPIAD-03E86,SRC-SCI-ENTRANCE-EXAM-74-57FA0
EntranceExam,EXAM-SCI-SKILL-INDIA-ASSE-14BF5,SRC-SCI-ENTRANCE-EXAM-67-A84D3
EntranceExam,EXAM-SCI-SRMJEEE-14958,SRC-SCI-ENTRANCE-EXAM-7-8A3FD
EntranceExam,EXAM-SCI-SSC-GD-0A693,SRC-SCI-ENTRANCE-EXAM-48-674D7
EntranceExam,EXAM-SCI-STATE-AGRICULTUR-04AAC,SRC-SCI-ENTRANCE-EXAM-63-F1675
EntranceExam,EXAM-SCI-STATE-NURSING-EN-C8FB9,SRC-SCI-ENTRANCE-EXAM-30-16998
EntranceExam,EXAM-SCI-STATE-PARAMEDICA-38DDC,SRC-SCI-ENTRANCE-EXAM-31-74B40
EntranceExam,EXAM-SCI-TNEA-COUNSELLING-39B41,SRC-SCI-ENTRANCE-EXAM-22-53DDD
EntranceExam,EXAM-SCI-TS-EAMCET-829FA,SRC-SCI-ENTRANCE-EXAM-18-BBF4D
EntranceExam,EXAM-SCI-UCEED-90177,SRC-SCI-ENTRANCE-EXAM-60-5DBE5
EntranceExam,EXAM-SCI-UPES-ENTRANCE-9A163,SRC-SCI-ENTRANCE-EXAM-11-343D9
EntranceExam,EXAM-SCI-VETERINARY-VIA-N-ED52C,SRC-SCI-ENTRANCE-EXAM-64-43671
EntranceExam,EXAM-SCI-VITEEE-C996F,SRC-SCI-ENTRANCE-EXAM-6-ED243
EntranceExam,EXAM-SCI-WBJEE-165C0,SRC-SCI-ENTRANCE-EXAM-15-CDAF9
Institution,INST-HUM-AKHIL-BHARATIYA-17797,SRC-HUM-RECOGNISED-INSTIT-FB27B
Institution,INST-HUM-BHATKHANDE-SANSK-ECA12,SRC-HUM-RECOGNISED-INSTIT-29127
Institution,INST-HUM-FTII-PUNE-FC9D8,SRC-HUM-RECOGNISED-INSTIT-4AC6C
Institution,INST-HUM-INDIRA-KALA-SANG-C6CF8,SRC-HUM-RECOGNISED-INSTIT-9F24C
Institution,INST-HUM-KALAKSHETRA-FOUN-D3494,SRC-HUM-RECOGNISED-INSTIT-FE92F
Institution,INST-HUM-NATIONAL-SCHOOL-448E8,SRC-HUM-RECOGNISED-INSTIT-6312C
Institution,INST-HUM-PRACHEEN-KALA-KE-37A11,SRC-HUM-RECOGNISED-INSTIT-4FDD9
Institution,INST-INTD-FTII-SRFTI-MEDI-573F3,SRC-INTD-INSTITUTIONS-ECO-F91D7
Institution,INST-INTD-IIHMR-HEALTH-MA-91CD0,SRC-INTD-INSTITUTIONS-ECO-084CE
Institution,INST-INTD-IISERS-36CE5,SRC-INTD-INSTITUTIONS-ECO-58182
Institution,INST-INTD-IIT-MADRAS-ONLI-C2783,SRC-INTD-INSTITUTIONS-ECO-545A0
Institution,INST-INTD-IITS-IIT-SCHOOL-1193D,SRC-INTD-INSTITUTIONS-ECO-BABE4
Institution,INST-INTD-IRMA-797CD,SRC-INTD-INSTITUTIONS-ECO-654B4
Institution,INST-INTD-MANAGE-HYDERABA-53A40,SRC-INTD-INSTITUTIONS-ECO-A7519
Institution,INST-INTD-NID-DESIGN-SCHO-55658,SRC-INTD-INSTITUTIONS-ECO-5FB5F
Institution,INST-INTD-NIFT-540A2,SRC-INTD-INSTITUTIONS-ECO-4D847
Institution,INST-INTD-NIPER-54D9B,SRC-INTD-INSTITUTIONS-ECO-6A23A
Institution,INST-INTD-NLSIU-NLUS-F47F1,SRC-INTD-INSTITUTIONS-ECO-B3391
Institution,INST-INTD-SWAYAM-NPTEL-B9DD6,SRC-INTD-INSTITUTIONS-ECO-E49EF
Institution,INST-INTD-TISS-E0D01,SRC-INTD-INSTITUTIONS-ECO-35F7E
Skill,SKL-HUM-ACADEMIC-WRITING-334D7,SRC-HUM-CAREER-MASTER-129-99366
Skill,SKL-HUM-ACCURACY-GRAMMAR-1C191,SRC-HUM-CAREER-MASTER-124-7DE43
Skill,SKL-HUM-ACTING-VOICE-MOVE-8F035,SRC-HUM-CAREER-MASTER-61-9BD4C
Skill,SKL-HUM-AGE-APPROPRIATE-W-5EFFB,SRC-HUM-CAREER-MASTER-148-BD778
Skill,SKL-HUM-AI-ERA-HUMANITIES-A594D,SRC-HUM-SKILL-PORTFOLIO-1-4256C
Skill,SKL-HUM-ANALYSIS-IPA-FIEL-311C8,SRC-HUM-CAREER-MASTER-6-2FBD7
Skill,SKL-HUM-ANNOTATION-EVALUA-F1FDC,SRC-HUM-CAREER-MASTER-160-F1831
Skill,SKL-HUM-ART-KNOWLEDGE-COM-8616D,SRC-HUM-CAREER-MASTER-81-CAB54
Skill,SKL-HUM-ASSESSMENT-ETHICS-7CC85,SRC-HUM-CAREER-MASTER-34-B823F
Skill,SKL-HUM-BILINGUAL-FLUENCY-4BE2C,SRC-HUM-CAREER-MASTER-105-686F2
Skill,SKL-HUM-BILINGUAL-FLUENCY-4BE2C,SRC-HUM-CAREER-MASTER-106-BD1DE
Skill,SKL-HUM-BILINGUAL-FLUENCY-4BE2C,SRC-HUM-CAREER-MASTER-107-EF3CE
Skill,SKL-HUM-BILINGUAL-FLUENCY-4BE2C,SRC-HUM-CAREER-MASTER-108-2085E
Skill,SKL-HUM-BILINGUAL-FLUENCY-4BE2C,SRC-HUM-CAREER-MASTER-109-6D196
Skill,SKL-HUM-BILINGUAL-FLUENCY-EAEC1,SRC-HUM-CAREER-MASTER-7-FDBB8
Skill,SKL-HUM-CATALOGUING-METAD-E6A86,SRC-HUM-CAREER-MASTER-11-402FC
Skill,SKL-HUM-CHILD-DEVELOPMENT-2FC81,SRC-HUM-CAREER-MASTER-31-A540D
Skill,SKL-HUM-CLARITY-STRUCTURE-28B05,SRC-HUM-CAREER-MASTER-9-4B35C
Skill,SKL-HUM-CLARITY-USER-EMPA-47A21,SRC-HUM-CAREER-MASTER-76-1A2CD
Skill,SKL-HUM-CLASSIFICATION-SY-16EB7,SRC-HUM-CAREER-MASTER-158-72BAD
Skill,SKL-HUM-CLOSE-READING-STR-36C18,SRC-HUM-CAREER-MASTER-145-9DBFA
Skill,SKL-HUM-COMMUNICATION-PRO-4AE9D,SRC-HUM-CAREER-MASTER-133-10FC5
Skill,SKL-HUM-COMMUNICATION-RES-A9944,SRC-HUM-CAREER-MASTER-110-60C40
Skill,SKL-HUM-COMMUNICATION-RES-A9944,SRC-HUM-CAREER-MASTER-111-263B4
Skill,SKL-HUM-COMMUNICATION-RES-A9944,SRC-HUM-CAREER-MASTER-113-CEB95
Skill,SKL-HUM-COMMUNICATION-RES-A9944,SRC-HUM-CAREER-MASTER-119-E8F57
Skill,SKL-HUM-COMMUNICATION-RES-A9944,SRC-HUM-CAREER-MASTER-120-1F0AC
Skill,SKL-HUM-COMMUNICATION-RES-A9944,SRC-HUM-CAREER-MASTER-92-B703C
Skill,SKL-HUM-COMMUNICATION-RES-A9944,SRC-HUM-CAREER-MASTER-93-FA018
Skill,SKL-HUM-COMMUNICATION-RES-A9944,SRC-HUM-CAREER-MASTER-94-1F2DE
Skill,SKL-HUM-COMMUNICATION-RES-A9944,SRC-HUM-CAREER-MASTER-95-10FAF
Skill,SKL-HUM-COMMUNICATION-RES-A9944,SRC-HUM-CAREER-MASTER-96-A3E87
Skill,SKL-HUM-COMMUNICATION-RES-A9944,SRC-HUM-CAREER-MASTER-97-F19BD
Skill,SKL-HUM-COMMUNICATION-RES-A9944,SRC-HUM-CAREER-MASTER-98-7F9B9
Skill,SKL-HUM-COMPETITIVE-EXAM-C58B8,SRC-HUM-SKILL-PORTFOLIO-9-0B36E
Skill,SKL-HUM-COORDINATION-COMM-4E2AD,SRC-HUM-CAREER-MASTER-128-5C41E
Skill,SKL-HUM-COORDINATION-COMM-7EB34,SRC-HUM-CAREER-MASTER-41-F9C2D
Skill,SKL-HUM-COORDINATION-COMM-C1468,SRC-HUM-CAREER-MASTER-79-CF577
Skill,SKL-HUM-COUNSELLING-ASSES-7D583,SRC-HUM-CAREER-MASTER-50-C4E9A
Skill,SKL-HUM-CREATIVE-PORTFOLI-3E1E8,SRC-HUM-SKILL-PORTFOLIO-5-9BAFA
Skill,SKL-HUM-CREATIVITY-PLANNI-7B503,SRC-HUM-CAREER-MASTER-83-3AD72
Skill,SKL-HUM-CREATIVITY-PSYCHO-79FB9,SRC-HUM-CAREER-MASTER-57-8D4F7
Skill,SKL-HUM-CREATIVITY-TECHNI-0A729,SRC-HUM-CAREER-MASTER-63-A0F6F
Skill,SKL-HUM-CRITICAL-THINKING-84D44,SRC-HUM-CAREER-MASTER-26-9F719
Skill,SKL-HUM-CRITICAL-THINKING-8D833,SRC-HUM-CAREER-MASTER-42-47380
Skill,SKL-HUM-CULTURAL-AWARENES-4260B,SRC-HUM-CAREER-MASTER-144-D5730
Skill,SKL-HUM-CURATION-EDITING-AF113,SRC-HUM-CAREER-MASTER-152-2AE96
Skill,SKL-HUM-CURATION-EDITORIA-1E2C9,SRC-HUM-CAREER-MASTER-146-00E3C
Skill,SKL-HUM-CURATION-NETWORKI-9F76A,SRC-HUM-CAREER-MASTER-80-88701
Skill,SKL-HUM-CURRENT-AFFAIRS-W-1A436,SRC-HUM-CAREER-MASTER-17-D5B92
Skill,SKL-HUM-CURRICULUM-DESIGN-37B32,SRC-HUM-CAREER-MASTER-153-FFE9B
Skill,SKL-HUM-DIGITAL-MEDIA-POR-701DB,SRC-HUM-SKILL-PORTFOLIO-7-57E6D
Skill,SKL-HUM-DIGITAL-WRITING-M-12B26,SRC-HUM-SUBJECT-MAP-10-0CC2D
Skill,SKL-HUM-DOCUMENTATION-TEX-D95C4,SRC-HUM-CAREER-MASTER-147-A6F34
Skill,SKL-HUM-DRAWING-COMPOSITI-8BB76,SRC-HUM-CAREER-MASTER-65-D658D
Skill,SKL-HUM-EDITING-AI-EVALUA-552D9,SRC-HUM-CAREER-MASTER-156-75B2B
Skill,SKL-HUM-EDITING-CURATION-356C8,SRC-HUM-CAREER-MASTER-136-350D3
Skill,SKL-HUM-EDITING-STRUCTURE-2C300,SRC-HUM-CAREER-MASTER-122-17C17
Skill,SKL-HUM-EDITORIAL-JUDGEME-C8A53,SRC-HUM-CAREER-MASTER-149-018E0
Skill,SKL-HUM-EMPATHY-ART-BOUND-57E3F,SRC-HUM-CAREER-MASTER-66-C721A
Skill,SKL-HUM-EMPATHY-ASSESSMEN-5743A,SRC-HUM-CAREER-MASTER-29-B7371
Skill,SKL-HUM-EMPATHY-DOCUMENTA-A828A,SRC-HUM-CAREER-MASTER-24-5EE8F
Skill,SKL-HUM-ENGLISH-LANGUAGE-F3889,SRC-HUM-SUBJECT-MAP-2-05003
Skill,SKL-HUM-EPUB-FORMATTING-L-8633B,SRC-HUM-CAREER-MASTER-138-EE168
Skill,SKL-HUM-ETHICAL-REASONING-271D4,SRC-HUM-CAREER-MASTER-44-6D2D1
Skill,SKL-HUM-ETHICS-POLICY-WRI-612D8,SRC-HUM-CAREER-MASTER-43-58812
Skill,SKL-HUM-FIELDWORK-DOCUMEN-38160,SRC-HUM-CAREER-MASTER-13-AAC93
Skill,SKL-HUM-FIELDWORK-EDITING-26EE1,SRC-HUM-CAREER-MASTER-155-B1DA2
Skill,SKL-HUM-FIELDWORK-EXPOSUR-8FCEF,SRC-HUM-SKILL-PORTFOLIO-4-9A77A
Skill,SKL-HUM-FIELDWORK-LOCAL-L-11598,SRC-HUM-CAREER-MASTER-27-64172
Skill,SKL-HUM-FIELDWORK-MAPS-PO-8C70F,SRC-HUM-CAREER-MASTER-39-EB1E6
Skill,SKL-HUM-FINE-PERFORMING-A-72EDF,SRC-HUM-SUBJECT-MAP-9-BF719
Skill,SKL-HUM-FORMATTING-EDITIN-635D7,SRC-HUM-CAREER-MASTER-134-66ACD
Skill,SKL-HUM-GEOGRAPHY-ECA56,SRC-HUM-SUBJECT-MAP-7-75681
Skill,SKL-HUM-GIS-MAPPING-BASIC-5DD81,SRC-HUM-SKILL-PORTFOLIO-1-837B1
Skill,SKL-HUM-GIS-TOOLS-SPATIAL-147F0,SRC-HUM-CAREER-MASTER-38-94CDE
Skill,SKL-HUM-GLOBAL-AWARENESS-14444,SRC-HUM-CAREER-MASTER-21-F0328
Skill,SKL-HUM-GRAMMAR-PEDAGOGY-0D287,SRC-HUM-CAREER-MASTER-69-2001A
Skill,SKL-HUM-GRAMMAR-STYLE-GUI-FA93D,SRC-HUM-CAREER-MASTER-123-6959C
Skill,SKL-HUM-GRAMMAR-TEXTUAL-A-3F503,SRC-HUM-CAREER-MASTER-5-06988
Skill,SKL-HUM-GRAMMAR-WRITING-C-D3C1B,SRC-HUM-CAREER-MASTER-4-6B26F
Skill,SKL-HUM-HISTORY-B576C,SRC-HUM-SUBJECT-MAP-3-A8531
Skill,SKL-HUM-IMAGINATION-DISCI-52C20,SRC-HUM-CAREER-MASTER-74-AF59F
Skill,SKL-HUM-INTERVIEWING-ETHI-FEBC0,SRC-HUM-CAREER-MASTER-82-E4AF0
Skill,SKL-HUM-JUDGEMENT-LANGUAG-B0240,SRC-HUM-CAREER-MASTER-157-D0EED
Skill,SKL-HUM-JUDGEMENT-LANGUAG-D0C77,SRC-HUM-CAREER-MASTER-71-44C8F
Skill,SKL-HUM-LANGUAGE-ATTENTIO-570F4,SRC-HUM-CAREER-MASTER-72-04542
Skill,SKL-HUM-LANGUAGE-CERTIFIC-395CB,SRC-HUM-SKILL-PORTFOLIO-6-AB532
Skill,SKL-HUM-LANGUAGE-CULTURAL-56B84,SRC-HUM-CAREER-MASTER-68-E629A
Skill,SKL-HUM-LANGUAGE-FLUENCY-38E14,SRC-HUM-CAREER-MASTER-67-3846E
Skill,SKL-HUM-LANGUAGE-MASTERY-21D5A,SRC-HUM-CAREER-MASTER-3-CAC38
Skill,SKL-HUM-LANGUAGE-PRECISIO-59F50,SRC-HUM-CAREER-MASTER-70-A197F
Skill,SKL-HUM-LANGUAGE-PRECISIO-EB553,SRC-HUM-CAREER-MASTER-100-D0ED0
Skill,SKL-HUM-LANGUAGE-PRECISIO-EB553,SRC-HUM-CAREER-MASTER-101-F6C2E
Skill,SKL-HUM-LANGUAGE-PRECISIO-EB553,SRC-HUM-CAREER-MASTER-102-17549
Skill,SKL-HUM-LANGUAGE-PRECISIO-EB553,SRC-HUM-CAREER-MASTER-103-CC2AA
Skill,SKL-HUM-LANGUAGE-PRECISIO-EB553,SRC-HUM-CAREER-MASTER-104-A8BA1
Skill,SKL-HUM-LANGUAGE-PRECISIO-EB553,SRC-HUM-CAREER-MASTER-112-59014
Skill,SKL-HUM-LANGUAGE-PRECISIO-EB553,SRC-HUM-CAREER-MASTER-114-78926
Skill,SKL-HUM-LANGUAGE-PRECISIO-EB553,SRC-HUM-CAREER-MASTER-115-7552E
Skill,SKL-HUM-LANGUAGE-PRECISIO-EB553,SRC-HUM-CAREER-MASTER-116-CBCA7
Skill,SKL-HUM-LANGUAGE-PRECISIO-EB553,SRC-HUM-CAREER-MASTER-117-15767
Skill,SKL-HUM-LANGUAGE-PRECISIO-EB553,SRC-HUM-CAREER-MASTER-118-B076D
Skill,SKL-HUM-LANGUAGE-REASONIN-73244,SRC-HUM-CAREER-MASTER-77-D02BF
Skill,SKL-HUM-LEADERSHIP-EDITOR-B7E8D,SRC-HUM-CAREER-MASTER-131-79A23
Skill,SKL-HUM-LISTENING-ETHICS-C5A19,SRC-HUM-CAREER-MASTER-30-A9F19
Skill,SKL-HUM-LISTENING-SCRIPT-F4145,SRC-HUM-CAREER-MASTER-139-278F7
Skill,SKL-HUM-MARKET-UNDERSTAND-4F732,SRC-HUM-CAREER-MASTER-125-880CE
Skill,SKL-HUM-MOTIVATION-COUNSE-83A65,SRC-HUM-CAREER-MASTER-33-DC7A3
Skill,SKL-HUM-OBSERVATION-PHOTO-C164C,SRC-HUM-CAREER-MASTER-16-68005
Skill,SKL-HUM-ORAL-STORYTELLING-93643,SRC-HUM-CAREER-MASTER-87-E33A0
Skill,SKL-HUM-ORAL-STORYTELLING-93643,SRC-HUM-CAREER-MASTER-88-22D30
Skill,SKL-HUM-PATIENCE-INCLUSIO-55EBB,SRC-HUM-CAREER-MASTER-51-FCFB2
Skill,SKL-HUM-PEDAGOGY-SUBJECT-5FC8D,SRC-HUM-CAREER-MASTER-46-A3A86
Skill,SKL-HUM-PEDAGOGY-TECHNIQU-AA9C9,SRC-HUM-CAREER-MASTER-64-843C8
Skill,SKL-HUM-PEDAGOGY-WRITING-97473,SRC-HUM-CAREER-MASTER-48-27DEC
Skill,SKL-HUM-PHILOSOPHY-B9D5A,SRC-HUM-SUBJECT-MAP-8-CD35D
Skill,SKL-HUM-PLANNING-AUTHOR-C-4FD72,SRC-HUM-CAREER-MASTER-126-9DD95
Skill,SKL-HUM-POLICY-WRITING-DA-40760,SRC-HUM-CAREER-MASTER-20-8B3E3
Skill,SKL-HUM-POLITICAL-SCIENCE-F9E65,SRC-HUM-SUBJECT-MAP-4-8C938
Skill,SKL-HUM-PROMPTING-EDITING-E5191,SRC-HUM-CAREER-MASTER-159-45D71
Skill,SKL-HUM-PSYCHOLOGY-E7233,SRC-HUM-SUBJECT-MAP-6-A885A
Skill,SKL-HUM-PSYCHOLOGY-EXPOSU-33E41,SRC-HUM-SKILL-PORTFOLIO-8-B0648
Skill,SKL-HUM-PSYCHOMETRICS-COM-E87CF,SRC-HUM-CAREER-MASTER-32-B00B2
Skill,SKL-HUM-PUBLISHING-WORKFL-67C4C,SRC-HUM-CAREER-MASTER-135-FE722
Skill,SKL-HUM-READING-DEPTH-THE-CBB60,SRC-HUM-CAREER-MASTER-2-24F64
Skill,SKL-HUM-READING-EVALUATIO-AAA50,SRC-HUM-CAREER-MASTER-143-F0F04
Skill,SKL-HUM-READING-TASTE-NEG-87750,SRC-HUM-CAREER-MASTER-73-E7D34
Skill,SKL-HUM-READING-TREND-ANA-2D05A,SRC-HUM-CAREER-MASTER-127-A91E7
Skill,SKL-HUM-REGIONAL-LANGUAGE-76A61,SRC-HUM-CAREER-MASTER-150-DCDB0
Skill,SKL-HUM-REPORTING-FIELD-C-B9670,SRC-HUM-CAREER-MASTER-28-8C8D5
Skill,SKL-HUM-RESEARCH-ACADEMIC-EC2F6,SRC-HUM-CAREER-MASTER-47-CF9C2
Skill,SKL-HUM-RESEARCH-CHRONOLO-5305E,SRC-HUM-CAREER-MASTER-10-D2139
Skill,SKL-HUM-RESEARCH-CONCISE-43AFD,SRC-HUM-CAREER-MASTER-137-2EFC7
Skill,SKL-HUM-RESEARCH-CURATION-58AB5,SRC-HUM-CAREER-MASTER-12-70A33
Skill,SKL-HUM-RESEARCH-DATA-INT-C93CE,SRC-HUM-CAREER-MASTER-19-0B12C
Skill,SKL-HUM-RESEARCH-DESIGN-D-113AF,SRC-HUM-CAREER-MASTER-36-7A11A
Skill,SKL-HUM-RESEARCH-FIELD-EN-8545D,SRC-HUM-CAREER-MASTER-25-74B48
Skill,SKL-HUM-RESEARCH-METHODS-D3253,SRC-HUM-SUBJECT-MAP-11-C8FA6
Skill,SKL-HUM-RESEARCH-PORTFOLI-95945,SRC-HUM-SKILL-PORTFOLIO-3-A5953
Skill,SKL-HUM-RESEARCH-SELECTIO-1C4A9,SRC-HUM-CAREER-MASTER-132-219F4
Skill,SKL-HUM-RESEARCH-SOURCE-E-4EF24,SRC-HUM-CAREER-MASTER-59-5242C
Skill,SKL-HUM-RESEARCH-STANDARD-A523A,SRC-HUM-CAREER-MASTER-130-096C6
Skill,SKL-HUM-RESEARCH-STORYTEL-E2539,SRC-HUM-CAREER-MASTER-84-C776A
Skill,SKL-HUM-RESEARCH-SYNTHESI-00DD6,SRC-HUM-CAREER-MASTER-154-B65DA
Skill,SKL-HUM-RESEARCH-TAXONOMY-96E50,SRC-HUM-CAREER-MASTER-78-70E19
Skill,SKL-HUM-RESEARCH-VERIFICA-06892,SRC-HUM-CAREER-MASTER-55-D78DB
Skill,SKL-HUM-RESEARCH-WRITING-9D949,SRC-HUM-CAREER-MASTER-99-D6F78
Skill,SKL-HUM-RIYAZ-PRACTICE-RH-DEC01,SRC-HUM-CAREER-MASTER-85-D4B9E
Skill,SKL-HUM-RIYAZ-PRACTICE-RH-DEC01,SRC-HUM-CAREER-MASTER-86-E0BF7
Skill,SKL-HUM-RIYAZ-THEORY-STAG-693BA,SRC-HUM-CAREER-MASTER-60-80198
Skill,SKL-HUM-SCRIPT-KNOWLEDGE-3305A,SRC-HUM-CAREER-MASTER-14-109BB
Skill,SKL-HUM-SEO-CATEGORISATIO-D6B51,SRC-HUM-CAREER-MASTER-140-176B0
Skill,SKL-HUM-SIMPLIFICATION-PE-0681F,SRC-HUM-CAREER-MASTER-151-B7145
Skill,SKL-HUM-SOCIOLOGY-6DE4B,SRC-HUM-SUBJECT-MAP-5-B9885
Skill,SKL-HUM-SPATIAL-THINKING-01AA3,SRC-HUM-CAREER-MASTER-37-96FCB
Skill,SKL-HUM-STATE-GK-LANGUAGE-2ECB4,SRC-HUM-CAREER-MASTER-18-12B60
Skill,SKL-HUM-STATISTICS-TEST-T-F29D0,SRC-HUM-CAREER-MASTER-35-51D96
Skill,SKL-HUM-STORY-STRUCTURE-D-23399,SRC-HUM-CAREER-MASTER-75-D10C6
Skill,SKL-HUM-STORYTELLING-HERI-3E5DD,SRC-HUM-CAREER-MASTER-121-15515
Skill,SKL-HUM-STORYTELLING-LOCA-E56DA,SRC-HUM-CAREER-MASTER-15-0107C
Skill,SKL-HUM-STORYTELLING-SOUN-56DC0,SRC-HUM-CAREER-MASTER-54-8C36A
Skill,SKL-HUM-SUBJECT-CLARITY-S-C934F,SRC-HUM-CAREER-MASTER-49-580B0
Skill,SKL-HUM-TECHNIQUE-DISCIPL-AF08B,SRC-HUM-CAREER-MASTER-62-DE7AA
Skill,SKL-HUM-TEXTUAL-ANALYSIS-25EE2,SRC-HUM-CAREER-MASTER-45-1D0BD
Skill,SKL-HUM-THEORY-CLOSE-READ-52948,SRC-HUM-CAREER-MASTER-142-FF69E
Skill,SKL-HUM-THEORY-FIELDWORK-7E91F,SRC-HUM-CAREER-MASTER-23-20325
Skill,SKL-HUM-THEORY-WRITING-GO-86E06,SRC-HUM-CAREER-MASTER-22-617DD
Skill,SKL-HUM-TIMING-ADAPTATION-C2C99,SRC-HUM-CAREER-MASTER-8-2B307
Skill,SKL-HUM-TRANSLATION-LOCAL-67AA8,SRC-HUM-CAREER-MASTER-161-5786D
Skill,SKL-HUM-VISUAL-IMAGINATIO-F3420,SRC-HUM-CAREER-MASTER-89-A6B59
Skill,SKL-HUM-VISUAL-IMAGINATIO-F3420,SRC-HUM-CAREER-MASTER-90-44126
Skill,SKL-HUM-VISUAL-IMAGINATIO-F3420,SRC-HUM-CAREER-MASTER-91-430B0
Skill,SKL-HUM-VOICE-PRESENCE-RE-50093,SRC-HUM-CAREER-MASTER-53-20780
Skill,SKL-HUM-WORKFLOW-PLATFORM-9F8F9,SRC-HUM-CAREER-MASTER-141-E0C7E
Skill,SKL-HUM-WRITING-ECOLOGY-A-F211D,SRC-HUM-CAREER-MASTER-40-9E03D
Skill,SKL-HUM-WRITING-MEDIA-REL-A27E6,SRC-HUM-CAREER-MASTER-56-16B59
Skill,SKL-HUM-WRITING-PORTFOLIO-8CDA8,SRC-HUM-SKILL-PORTFOLIO-2-F7D2B
Skill,SKL-HUM-WRITING-TRENDS-AN-5C878,SRC-HUM-CAREER-MASTER-58-427D1
Skill,SKL-HUM-WRITING-VERIFICAT-7CD79,SRC-HUM-CAREER-MASTER-52-350D4
Skill,SKL-INTD-ACADEMIC-COUNSEL-AC427,SRC-INTD-COMMUNITY-TRIBAL-44AE1
Skill,SKL-INTD-ACCESSIBILITY-DI-3D01E,SRC-INTD-COMMUNITY-TRIBAL-C77AE
Skill,SKL-INTD-AGRI-MARKETS-ANA-4D666,SRC-INTD-CAREER-MASTER-18-4A776
Skill,SKL-INTD-AGRI-MARKETS-ANA-D7926,SRC-INTD-AGRICULTURE-SUST-8F979
Skill,SKL-INTD-AI-RISK-POLICY-W-53F93,SRC-INTD-LAW-TECHNOLOGY-G-EB6B7
Skill,SKL-INTD-AML-SMART-CONTRA-D3FDE,SRC-INTD-COMMERCE-ANALYTI-96327
Skill,SKL-INTD-AUDIO-VIDEO-PROD-76668,SRC-INTD-COMMUNITY-TRIBAL-8C220
Skill,SKL-INTD-BASIC-SPREADSHEE-FBE92,SRC-INTD-PREPARATION-ROAD-B1423
Skill,SKL-INTD-BIOLOGY-PYTHON-R-3E593,SRC-INTD-CAREER-MASTER-3-BE883
Skill,SKL-INTD-BUSINESS-MODEL-D-B1A2A,SRC-INTD-COMMUNITY-TRIBAL-18BF5
Skill,SKL-INTD-CAMPAIGN-DESIGN-F4D64,SRC-INTD-MEDIA-COMMUNICAT-947CB
Skill,SKL-INTD-CERTIFIED-LEARNI-31D6A,SRC-INTD-PREPARATION-ROAD-9EF10
Skill,SKL-INTD-CLIMATE-RISK-GIS-A8835,SRC-INTD-EMERGING-FRONTIE-B4E45
Skill,SKL-INTD-CODING-SPATIAL-R-B145A,SRC-INTD-PREPARATION-ROAD-90CB4
Skill,SKL-INTD-COGNITION-HCI-AI-D74D2,SRC-INTD-PSYCHOLOGY-BUSIN-35B2B
Skill,SKL-INTD-COGNITION-USABIL-206DE,SRC-INTD-CAREER-MASTER-34-5C81F
Skill,SKL-INTD-COLD-CHAIN-SAFET-8FE0A,SRC-INTD-AGRICULTURE-SUST-E4A38
Skill,SKL-INTD-CONSENT-PROTOCOL-1FF37,SRC-INTD-COMMUNITY-TRIBAL-A6D9B
Skill,SKL-INTD-CONSUMER-RESEARC-34327,SRC-INTD-CAREER-MASTER-13-385ED
Skill,SKL-INTD-CONSUMER-RESEARC-BD861,SRC-INTD-PSYCHOLOGY-BUSIN-C4132
Skill,SKL-INTD-CONTENT-STRATEGY-4E0E2,SRC-INTD-MEDIA-COMMUNICAT-7C34A
Skill,SKL-INTD-COUNSELLING-BASI-1EDE2,SRC-INTD-COMMUNITY-TRIBAL-FADC5
Skill,SKL-INTD-CRAFT-DOCUMENTAT-E736E,SRC-INTD-COMMUNITY-TRIBAL-6DDFA
Skill,SKL-INTD-CRITICAL-THINKIN-49186,SRC-INTD-PREPARATION-ROAD-562FD
Skill,SKL-INTD-CURATION-CONSERV-9DEDC,SRC-INTD-COMMUNITY-TRIBAL-36815
Skill,SKL-INTD-CURATION-STORYTE-9F21B,SRC-INTD-CAREER-MASTER-24-057E6
Skill,SKL-INTD-CYBER-LAW-DATA-P-C99E7,SRC-INTD-CAREER-MASTER-7-9419C
Skill,SKL-INTD-CYBER-LAW-EVIDEN-9D759,SRC-INTD-LAW-TECHNOLOGY-G-D54B7
Skill,SKL-INTD-DASHBOARDS-INDIC-58A4D,SRC-INTD-PUBLIC-POLICY-EC-F6D17
Skill,SKL-INTD-DATA-CLEANING-CH-F889C,SRC-INTD-MEDIA-COMMUNICAT-C59BC
Skill,SKL-INTD-DATA-CLEANING-VI-3F495,SRC-INTD-CAREER-MASTER-27-8255E
Skill,SKL-INTD-DATA-RECORDING-L-A33FA,SRC-INTD-PREPARATION-ROAD-34C45
Skill,SKL-INTD-DIGITAL-LITERACY-ABFC5,SRC-INTD-COMMUNITY-TRIBAL-92868
Skill,SKL-INTD-DPDP-ACT-KNOWLED-9C79B,SRC-INTD-LAW-TECHNOLOGY-G-1D712
Skill,SKL-INTD-ENVIRONMENTAL-LA-91552,SRC-INTD-COMMUNITY-TRIBAL-31AA3
Skill,SKL-INTD-EPIDEMIOLOGY-BAS-7D130,SRC-INTD-COMMUNITY-TRIBAL-673C7
Skill,SKL-INTD-EQUITY-ANALYSIS-2844F,SRC-INTD-COMMUNITY-TRIBAL-AB611
Skill,SKL-INTD-ESG-CARBON-MARKE-5EA06,SRC-INTD-COMMERCE-ANALYTI-A5A37
Skill,SKL-INTD-ESG-CARBON-MARKE-C029F,SRC-INTD-CAREER-MASTER-16-4FBBA
Skill,SKL-INTD-ESG-REPORTING-GR-AA904,SRC-INTD-CAREER-MASTER-17-E847E
Skill,SKL-INTD-ETHICS-POLICY-WR-9152F,SRC-INTD-CAREER-MASTER-6-5526B
Skill,SKL-INTD-ETHNOGRAPHIC-RES-79E49,SRC-INTD-COMMUNITY-TRIBAL-C1B8A
Skill,SKL-INTD-EXAM-STRATEGY-PR-C7B7D,SRC-INTD-PREPARATION-ROAD-81085
Skill,SKL-INTD-EXCEL-BI-ACCOUNT-805B1,SRC-INTD-INTERDISCIPLINAR-03FC9
Skill,SKL-INTD-EXCEL-FINANCE-BA-C6AF8,SRC-INTD-PREPARATION-ROAD-8E138
Skill,SKL-INTD-EXCEL-PYTHON-BI-9C840,SRC-INTD-COMMERCE-ANALYTI-AA84B
Skill,SKL-INTD-EXCEL-PYTHON-R-A-3EFFD,SRC-INTD-CAREER-MASTER-15-458F6
Skill,SKL-INTD-EXPERIMENT-DESIG-168D7,SRC-INTD-PSYCHOLOGY-BUSIN-2D6B6
Skill,SKL-INTD-FIELD-IMMERSION-D56BE,SRC-INTD-CAREER-MASTER-30-6EB12
Skill,SKL-INTD-FIELDWORK-BUSINE-BD019,SRC-INTD-INTERDISCIPLINAR-32E22
Skill,SKL-INTD-FIELDWORK-DATA-L-81D7C,SRC-INTD-INTERDISCIPLINAR-AEAE7
Skill,SKL-INTD-FIELDWORK-M-E-BU-59C29,SRC-INTD-PUBLIC-POLICY-EC-9611B
Skill,SKL-INTD-FINANCE-PRODUCT-0B2B1,SRC-INTD-COMMERCE-ANALYTI-6B369
Skill,SKL-INTD-FINANCE-PRODUCT-1ED75,SRC-INTD-CAREER-MASTER-14-59FE9
Skill,SKL-INTD-FINANCIAL-LITERA-9E7DE,SRC-INTD-COMMUNITY-TRIBAL-DEE83
Skill,SKL-INTD-FOOD-DOCUMENTATI-E622A,SRC-INTD-COMMUNITY-TRIBAL-BFC9F
Skill,SKL-INTD-FOOD-SAFETY-OPER-6E207,SRC-INTD-CAREER-MASTER-19-DB325
Skill,SKL-INTD-FOREST-RIGHTS-AC-77A9F,SRC-INTD-COMMUNITY-TRIBAL-546E8
Skill,SKL-INTD-GENDER-ANALYSIS-D68C4,SRC-INTD-COMMUNITY-TRIBAL-14758
Skill,SKL-INTD-GIS-HYDROLOGY-PO-BD275,SRC-INTD-AGRICULTURE-SUST-C476B
Skill,SKL-INTD-GIS-PLANNING-GOV-7962E,SRC-INTD-PUBLIC-POLICY-EC-1A81C
Skill,SKL-INTD-GIS-PYTHON-REMOT-0791E,SRC-INTD-EMERGING-FRONTIE-D4049
Skill,SKL-INTD-GIS-REMOTE-SENSI-64DEE,SRC-INTD-CAREER-MASTER-20-3DF81
Skill,SKL-INTD-HCI-AI-WORKFLOW-E9005,SRC-INTD-EMERGING-FRONTIE-24C75
Skill,SKL-INTD-HEALTH-DATA-PRIV-0B013,SRC-INTD-HEALTHCARE-ANALY-DDD2A
Skill,SKL-INTD-HEALTH-INDICATOR-C4AC7,SRC-INTD-INTERDISCIPLINAR-85260
Skill,SKL-INTD-HEALTH-SYSTEMS-D-240F2,SRC-INTD-CAREER-MASTER-4-56B16
Skill,SKL-INTD-HR-DATA-SURVEYS-A78AC,SRC-INTD-PSYCHOLOGY-BUSIN-E4A37
Skill,SKL-INTD-HYDROLOGY-BASICS-E9E80,SRC-INTD-CAREER-MASTER-35-A7913
Skill,SKL-INTD-INSTRUCTIONAL-DE-0F1DA,SRC-INTD-CAREER-MASTER-25-75B23
Skill,SKL-INTD-INTERVIEWS-USABI-716ED,SRC-INTD-PSYCHOLOGY-BUSIN-9BA81
Skill,SKL-INTD-IP-PRODUCT-MARKE-92A5D,SRC-INTD-EMERGING-FRONTIE-EF734
Skill,SKL-INTD-IPR-BIODIVERSITY-24877,SRC-INTD-COMMUNITY-TRIBAL-D5FAD
Skill,SKL-INTD-JOURNEY-MAPPING-93A35,SRC-INTD-DESIGN-BUSINESS-193B0
Skill,SKL-INTD-KYC-AML-COMPLIAN-CE04D,SRC-INTD-LAW-TECHNOLOGY-G-E678D
Skill,SKL-INTD-LEARNING-ANALYTI-1E779,SRC-INTD-CAREER-MASTER-40-44709
Skill,SKL-INTD-LEGAL-LITERACY-M-A759F,SRC-INTD-COMMUNITY-TRIBAL-2DA63
Skill,SKL-INTD-LEGAL-RESEARCH-A-98966,SRC-INTD-INTERDISCIPLINAR-32083
Skill,SKL-INTD-LEGAL-RESEARCH-E-7EF39,SRC-INTD-CAREER-MASTER-39-1CAC8
Skill,SKL-INTD-LEGAL-SIMPLIFICA-938AA,SRC-INTD-CAREER-MASTER-26-E5D09
Skill,SKL-INTD-LINGUISTICS-PYTH-48183,SRC-INTD-CAREER-MASTER-11-54838
Skill,SKL-INTD-LOCAL-GOVERNANCE-D2D72,SRC-INTD-COMMUNITY-TRIBAL-76BA6
Skill,SKL-INTD-METADATA-SCANNIN-97CFA,SRC-INTD-INTERDISCIPLINAR-A1451
Skill,SKL-INTD-METADATA-TEXT-MI-04F20,SRC-INTD-HUMANITIES-TECHN-4C875
Skill,SKL-INTD-MONITORING-EVALU-66F38,SRC-INTD-CAREER-MASTER-29-675E4
Skill,SKL-INTD-NLP-CORPUS-PHONE-F521A,SRC-INTD-HUMANITIES-TECHN-F36DE
Skill,SKL-INTD-NUTRITION-ASSESS-576BF,SRC-INTD-COMMUNITY-TRIBAL-1EA61
Skill,SKL-INTD-OPERATIONS-BI-PA-07BDC,SRC-INTD-HEALTHCARE-ANALY-B9E89
Skill,SKL-INTD-OPERATIONS-DEVIC-2F776,SRC-INTD-CAREER-MASTER-22-49502
Skill,SKL-INTD-ORAL-HISTORY-TRA-5FDF8,SRC-INTD-COMMUNITY-TRIBAL-5D16A
Skill,SKL-INTD-PEDAGOGY-CONTENT-E35B4,SRC-INTD-INTERDISCIPLINAR-D2E66
Skill,SKL-INTD-PEDAGOGY-MULTILI-4E864,SRC-INTD-COMMUNITY-TRIBAL-52986
Skill,SKL-INTD-PERFORMANCE-DOCU-EAEB1,SRC-INTD-COMMUNITY-TRIBAL-962F8
Skill,SKL-INTD-PHARMA-MARKETING-DF4B1,SRC-INTD-CAREER-MASTER-31-7AF4C
Skill,SKL-INTD-PHONETICS-TRANSC-38BC8,SRC-INTD-COMMUNITY-TRIBAL-05CF4
Skill,SKL-INTD-PLANT-IDENTIFICA-C15D0,SRC-INTD-COMMUNITY-TRIBAL-F7D9E
Skill,SKL-INTD-POLICY-ANALYSIS-5A4B7,SRC-INTD-CAREER-MASTER-8-EE27D
Skill,SKL-INTD-POLICY-ANALYSIS-92AC4,SRC-INTD-CAREER-MASTER-38-04B9B
Skill,SKL-INTD-POLICY-ANALYSIS-E0B51,SRC-INTD-PUBLIC-POLICY-EC-7E603
Skill,SKL-INTD-PRA-TOOLS-DATA-C-E389D,SRC-INTD-COMMUNITY-TRIBAL-70DF0
Skill,SKL-INTD-PRICING-POLICY-M-7470D,SRC-INTD-HEALTHCARE-ANALY-6E697
Skill,SKL-INTD-PROCESS-DESIGN-A-E6607,SRC-INTD-DESIGN-BUSINESS-6296B
Skill,SKL-INTD-PRODUCT-DEVELOPM-9E99A,SRC-INTD-COMMUNITY-TRIBAL-7FBEF
Skill,SKL-INTD-PRODUCT-INTEROPE-EE596,SRC-INTD-HEALTHCARE-ANALY-A8D54
Skill,SKL-INTD-PRODUCT-THINKING-305D2,SRC-INTD-LAW-TECHNOLOGY-G-1997C
Skill,SKL-INTD-PRODUCTION-BUDGE-C4C68,SRC-INTD-CAREER-MASTER-33-F92C9
Skill,SKL-INTD-PRODUCTION-ETHIC-E0F32,SRC-INTD-MEDIA-COMMUNICAT-FEBB3
Skill,SKL-INTD-READING-OBSERVAT-52290,SRC-INTD-PREPARATION-ROAD-03E45
Skill,SKL-INTD-REGIONAL-RESEARC-5CE1B,SRC-INTD-COMMUNITY-TRIBAL-B1564
Skill,SKL-INTD-RESEARCH-INTERVI-50599,SRC-INTD-INTERDISCIPLINAR-FBAB9
Skill,SKL-INTD-RESEARCH-REPORTI-0C9A4,SRC-INTD-INTERDISCIPLINAR-F7713
Skill,SKL-INTD-RESEARCH-WRITING-BFE3E,SRC-INTD-PREPARATION-ROAD-73785
Skill,SKL-INTD-RESPONSIBLE-TOUR-72DD8,SRC-INTD-COMMUNITY-TRIBAL-4B91B
Skill,SKL-INTD-RETAIL-ANALYTICS-490B7,SRC-INTD-DESIGN-BUSINESS-F2FC3
Skill,SKL-INTD-RETAIL-MERCHANDI-52215,SRC-INTD-CAREER-MASTER-32-F8212
Skill,SKL-INTD-RISK-MAPPING-PAR-DDA56,SRC-INTD-COMMUNITY-TRIBAL-8B6DD
Skill,SKL-INTD-RISK-METRICS-STA-F907D,SRC-INTD-COMMERCE-ANALYTI-AB3D5
Skill,SKL-INTD-SENSORS-FARM-DAT-E7777,SRC-INTD-AGRICULTURE-SUST-10F0A
Skill,SKL-INTD-SHG-MOBILIZATION-F2E55,SRC-INTD-COMMUNITY-TRIBAL-9FFB1
Skill,SKL-INTD-SIMPLIFICATION-V-1156C,SRC-INTD-DESIGN-BUSINESS-17949
Skill,SKL-INTD-SPACE-ECONOMY-RE-139BD,SRC-INTD-EMERGING-FRONTIE-63428
Skill,SKL-INTD-STATISTICS-PERFO-38613,SRC-INTD-CAREER-MASTER-28-7ED33
Skill,SKL-INTD-STATISTICS-PSYCH-9E06F,SRC-INTD-CAREER-MASTER-12-24606
Skill,SKL-INTD-STATISTICS-PYTHO-D45EC,SRC-INTD-CAREER-MASTER-37-540BB
Skill,SKL-INTD-STATISTICS-SURVE-48150,SRC-INTD-COMMUNITY-TRIBAL-FE1EB
Skill,SKL-INTD-STORYTELLING-CUR-0EDC2,SRC-INTD-HUMANITIES-TECHN-F884C
Skill,SKL-INTD-STORYTELLING-LOG-36AFF,SRC-INTD-INTERDISCIPLINAR-2BCDB
Skill,SKL-INTD-SURVEY-EVALUATIO-7CEDC,SRC-INTD-PUBLIC-POLICY-EC-977E9
Skill,SKL-INTD-SURVEY-RESEARCH-33930,SRC-INTD-COMMUNITY-TRIBAL-92D6E
Skill,SKL-INTD-SURVEY-SOCIAL-DA-65F92,SRC-INTD-HUMANITIES-TECHN-71416
Skill,SKL-INTD-SURVEY-STATISTIC-59992,SRC-INTD-HEALTHCARE-ANALY-F853F
Skill,SKL-INTD-SYSTEMS-THINKING-093A9,SRC-INTD-CAREER-MASTER-36-B1F3F
Skill,SKL-INTD-TAXONOMY-PROMPTS-D88FE,SRC-INTD-HUMANITIES-TECHN-81CAB
Skill,SKL-INTD-TEXT-ANALYSIS-AR-21C1F,SRC-INTD-CAREER-MASTER-10-74120
Skill,SKL-INTD-TRADITIONAL-CROP-10908,SRC-INTD-COMMUNITY-TRIBAL-B59F0
Skill,SKL-INTD-UPI-ONDC-ABDM-UN-9B621,SRC-INTD-EMERGING-FRONTIE-7EE0A
Skill,SKL-INTD-URBAN-FIELD-RESE-F6995,SRC-INTD-COMMUNITY-TRIBAL-32AE2
Skill,SKL-INTD-URBAN-RESEARCH-G-F457C,SRC-INTD-CAREER-MASTER-21-AD84A
Skill,SKL-INTD-USER-RESEARCH-EM-0306B,SRC-INTD-CAREER-MASTER-5-D82AE
Skill,SKL-INTD-USER-RESEARCH-PR-9762B,SRC-INTD-COMMUNITY-TRIBAL-805C8
Skill,SKL-INTD-UX-ANALYTICS-PRO-4D6A9,SRC-INTD-DESIGN-BUSINESS-08635
Skill,SKL-INTD-VALUE-CHAIN-ANAL-22E11,SRC-INTD-COMMUNITY-TRIBAL-6366B
Skill,SKL-INTD-WASH-PLANNING-CO-8205D,SRC-INTD-COMMUNITY-TRIBAL-40D3E
Skill,SKL-INTD-WASTE-AUDIT-BUSI-78B8A,SRC-INTD-AGRICULTURE-SUST-18B09
Skill,SKL-INTD-WRITING-CAMPAIGN-5D023,SRC-INTD-CAREER-MASTER-9-F9A49
Skill,SKL-INTD-WRITING-DATA-INT-5BE58,SRC-INTD-INTERDISCIPLINAR-F321C
Skill,SKL-INTD-WRITING-VISUALIZ-4B55B,SRC-INTD-CAREER-MASTER-23-8DACF
Skill,SKL-INTD-WRITING-VISUALIZ-7489A,SRC-INTD-MEDIA-COMMUNICAT-4E400
Skill,SKL-INTD-WRITING-VISUALIZ-A8D3D,SRC-INTD-INTERDISCIPLINAR-15560
Skill,SKL-LAW-ADMINISTRATION-PR-79922,SRC-LAW-CAREER-MASTER-74-7B3D7
Skill,SKL-LAW-ADR-PROCESS-DESIG-A9F85,SRC-LAW-CAREER-MASTER-62-65BD3
Skill,SKL-LAW-ADVOCACY-54DD7,SRC-LAW-SKILL-TAXONOMY-6-27D2D
Skill,SKL-LAW-ADVOCACY-DRAFTING-D6A6F,SRC-LAW-CAREER-MASTER-3-A9AF2
Skill,SKL-LAW-AI-LAW-ETHICS-RIS-A08C2,SRC-LAW-CAREER-MASTER-17-4DFF8
Skill,SKL-LAW-AML-LAW-INVESTIGA-FA125,SRC-LAW-CAREER-MASTER-88-3B9CA
Skill,SKL-LAW-BUSINESS-AC298,SRC-LAW-SKILL-TAXONOMY-14-262AA
Skill,SKL-LAW-CATALOGUING-LEGAL-E2535,SRC-LAW-CAREER-MASTER-92-F696F
Skill,SKL-LAW-COMMUNITY-OUTREAC-B148A,SRC-LAW-CAREER-MASTER-58-C7196
Skill,SKL-LAW-COMPANY-LAW-GOVER-C0CFE,SRC-LAW-CAREER-MASTER-13-EFE20
Skill,SKL-LAW-COMPANY-LAW-IBC-D-8EC5F,SRC-LAW-CAREER-MASTER-45-6308E
Skill,SKL-LAW-COMPETITION-LAW-E-84684,SRC-LAW-CAREER-MASTER-46-CF96B
Skill,SKL-LAW-COMPLIANCE-3DC36,SRC-LAW-SKILL-TAXONOMY-7-BBAA2
Skill,SKL-LAW-CONSTITUTIONAL-LA-83655,SRC-LAW-CAREER-MASTER-31-8E02D
Skill,SKL-LAW-CONSUMER-LAW-DRAF-B713D,SRC-LAW-CAREER-MASTER-47-238F8
Skill,SKL-LAW-CONTRACTS-ADMIRAL-266B3,SRC-LAW-CAREER-MASTER-80-262D4
Skill,SKL-LAW-CONTRACTS-CODE-LI-72492,SRC-LAW-CAREER-MASTER-60-D290E
Skill,SKL-LAW-CONTRACTS-COPYRIG-00674,SRC-LAW-CAREER-MASTER-26-18AAA
Skill,SKL-LAW-CONTRACTS-DISPUTE-3351E,SRC-LAW-CAREER-MASTER-27-FC4C5
Skill,SKL-LAW-CONTRACTS-FINANCE-EE2C6,SRC-LAW-CAREER-MASTER-50-8B165
Skill,SKL-LAW-CONTRACTS-NEGOTIA-24AFB,SRC-LAW-CAREER-MASTER-4-16FA6
Skill,SKL-LAW-CONTRACTS-PROCEDU-928A9,SRC-LAW-CAREER-MASTER-10-2F228
Skill,SKL-LAW-CONTRACTS-PROCESS-A0ECB,SRC-LAW-CAREER-MASTER-19-50D3F
Skill,SKL-LAW-CONTRACTS-RISK-CO-53543,SRC-LAW-CAREER-MASTER-12-C3428
Skill,SKL-LAW-CRIMINAL-LAW-COMP-DA921,SRC-LAW-CAREER-MASTER-89-19DB4
Skill,SKL-LAW-CRIMINAL-LAW-EVID-9AD37,SRC-LAW-CAREER-MASTER-6-883AB
Skill,SKL-LAW-CRPC-BNSS-EVIDENC-23215,SRC-LAW-CAREER-MASTER-35-F8686
Skill,SKL-LAW-CSR-LAW-GRANT-CON-8F0D9,SRC-LAW-CAREER-MASTER-72-FBE16
Skill,SKL-LAW-CYBER-FORENSICS-1CAC8,SRC-LAW-SKILL-TAXONOMY-11-096A8
Skill,SKL-LAW-DATA-11194,SRC-LAW-SKILL-TAXONOMY-10-761D7
Skill,SKL-LAW-DATA-CLEANING-VIS-6A898,SRC-LAW-CAREER-MASTER-65-26830
Skill,SKL-LAW-DESIGN-THINKING-P-9E830,SRC-LAW-CAREER-MASTER-59-1A16E
Skill,SKL-LAW-DOCUMENT-VERIFICA-D3762,SRC-LAW-CAREER-MASTER-75-107C2
Skill,SKL-LAW-DOCUMENTATION-RES-8A978,SRC-LAW-CAREER-MASTER-57-6F057
Skill,SKL-LAW-DOCUMENTATION-VER-867F0,SRC-LAW-CAREER-MASTER-76-C6529
Skill,SKL-LAW-DPDP-GDPR-BASICS-E0D7B,SRC-LAW-CAREER-MASTER-15-AEC8B
Skill,SKL-LAW-EDITING-CITATION-01F96,SRC-LAW-CAREER-MASTER-55-A70E5
Skill,SKL-LAW-EDUCATION-REGULAT-D64F4,SRC-LAW-CAREER-MASTER-70-FF608
Skill,SKL-LAW-ENERGY-REGULATION-100C3,SRC-LAW-CAREER-MASTER-51-31480
Skill,SKL-LAW-ENTREPRENEURSHIP-8F1F8,SRC-LAW-CAREER-MASTER-84-35763
Skill,SKL-LAW-ENVIRONMENTAL-LAW-BFA6A,SRC-LAW-CAREER-MASTER-32-1B556
Skill,SKL-LAW-ETHICS-8B4D3,SRC-LAW-SKILL-TAXONOMY-16-3A3C9
Skill,SKL-LAW-ETHICS-CONFLICTS-3685E,SRC-LAW-CAREER-MASTER-85-6AD42
Skill,SKL-LAW-EVIDENCE-FORENSIC-7DE38,SRC-LAW-CAREER-MASTER-33-A96FE
Skill,SKL-LAW-EVIDENCE-LAW-FORE-28A34,SRC-LAW-CAREER-MASTER-61-81BEE
Skill,SKL-LAW-FAMILY-LAW-COUNSE-00108,SRC-LAW-CAREER-MASTER-48-67713
Skill,SKL-LAW-FCRA-CONTRACTS-GO-92624,SRC-LAW-CAREER-MASTER-71-F5DD1
Skill,SKL-LAW-FINANCE-CONTRACTS-7F8BE,SRC-LAW-CAREER-MASTER-39-7B981
Skill,SKL-LAW-FOOD-REGULATIONS-BC153,SRC-LAW-CAREER-MASTER-78-06EF6
Skill,SKL-LAW-FUND-STRUCTURES-S-24DF0,SRC-LAW-CAREER-MASTER-42-2A8F4
Skill,SKL-LAW-FUTURE-SECTOR-FCA69,SRC-LAW-SKILL-TAXONOMY-17-82A8F
Skill,SKL-LAW-HUMAN-SKILLS-2E74F,SRC-LAW-SKILL-TAXONOMY-13-6BF80
Skill,SKL-LAW-IBC-FINANCE-MANAG-5747B,SRC-LAW-CAREER-MASTER-43-E6754
Skill,SKL-LAW-IBC-PROCESS-FINAN-4B9DB,SRC-LAW-CAREER-MASTER-44-B5C16
Skill,SKL-LAW-IMMIGRATION-LAW-D-6533D,SRC-LAW-CAREER-MASTER-30-EECAC
Skill,SKL-LAW-INSURANCE-LAW-CON-59267,SRC-LAW-CAREER-MASTER-68-6B01B
Skill,SKL-LAW-INTERNATIONAL-LAW-A50D1,SRC-LAW-CAREER-MASTER-91-2362E
Skill,SKL-LAW-INTERNATIONAL-SPA-0E080,SRC-LAW-CAREER-MASTER-82-E8BB0
Skill,SKL-LAW-INTERNATIONAL-TRA-961D3,SRC-LAW-CAREER-MASTER-29-369AD
Skill,SKL-LAW-IP-LAW-SEARCH-DRA-4EC74,SRC-LAW-CAREER-MASTER-23-43415
Skill,SKL-LAW-ISSUE-CODING-PRIV-F3A3F,SRC-LAW-CAREER-MASTER-21-7921D
Skill,SKL-LAW-IT-ACT-EVIDENCE-D-53604,SRC-LAW-CAREER-MASTER-16-1E4D0
Skill,SKL-LAW-LABOUR-LAW-NEGOTI-2E017,SRC-LAW-CAREER-MASTER-52-9AD42
Skill,SKL-LAW-LANGUAGE-A17A2,SRC-LAW-SKILL-TAXONOMY-15-D587D
Skill,SKL-LAW-LANGUAGE-LEGAL-TE-68C86,SRC-LAW-CAREER-MASTER-87-2F4BA
Skill,SKL-LAW-LAW-SUBJECTS-PROC-86D0D,SRC-LAW-CAREER-MASTER-5-2FD1B
Skill,SKL-LAW-LEGAL-CORE-4EB82,SRC-LAW-SKILL-TAXONOMY-3-DFC04
Skill,SKL-LAW-LEGAL-CORE-4EB82,SRC-LAW-SKILL-TAXONOMY-4-EB642
Skill,SKL-LAW-LEGAL-CORE-4EB82,SRC-LAW-SKILL-TAXONOMY-5-0FFA1
Skill,SKL-LAW-LEGAL-MERITS-ANAL-69109,SRC-LAW-CAREER-MASTER-66-EBE9D
Skill,SKL-LAW-LEGAL-PROCESS-PRO-88889,SRC-LAW-CAREER-MASTER-86-3049A
Skill,SKL-LAW-LEGAL-RESEARCH-DR-640BC,SRC-LAW-CAREER-MASTER-9-14BCA
Skill,SKL-LAW-LEGISLATIVE-RESEA-34D1B,SRC-LAW-CAREER-MASTER-36-2BF16
Skill,SKL-LAW-MEDICAL-NEGLIGENC-3E72B,SRC-LAW-CAREER-MASTER-69-365A8
Skill,SKL-LAW-MILITARY-LAW-DISC-8A560,SRC-LAW-CAREER-MASTER-90-76B64
Skill,SKL-LAW-NEUTRALITY-COMMUN-D6E11,SRC-LAW-CAREER-MASTER-11-476C1
Skill,SKL-LAW-PAYMENTS-LAW-DATA-8824B,SRC-LAW-CAREER-MASTER-40-7B6CB
Skill,SKL-LAW-POLICY-F1471,SRC-LAW-SKILL-TAXONOMY-12-97593
Skill,SKL-LAW-PRIVACY-PUBLIC-LA-8AABC,SRC-LAW-CAREER-MASTER-83-F06CF
Skill,SKL-LAW-PROCESS-DESIGN-ME-C7721,SRC-LAW-CAREER-MASTER-20-AAA0C
Skill,SKL-LAW-PRODUCT-LAW-LABEL-6D3E2,SRC-LAW-CAREER-MASTER-77-501BC
Skill,SKL-LAW-PRODUCT-THINKING-8C98D,SRC-LAW-CAREER-MASTER-18-7C21A
Skill,SKL-LAW-PROMPTING-LEGAL-R-2FEF4,SRC-LAW-CAREER-MASTER-64-5A06E
Skill,SKL-LAW-PUBLIC-ADMINISTRA-CCA41,SRC-LAW-CAREER-MASTER-37-0AE0D
Skill,SKL-LAW-RECRUITMENT-LEGAL-92A58,SRC-LAW-CAREER-MASTER-73-6EB69
Skill,SKL-LAW-REGULATION-CONTRA-0795B,SRC-LAW-CAREER-MASTER-81-4442D
Skill,SKL-LAW-REGULATION-CONTRA-C1CBF,SRC-LAW-CAREER-MASTER-79-7C160
Skill,SKL-LAW-REGULATION-INTERP-86192,SRC-LAW-CAREER-MASTER-38-63D31
Skill,SKL-LAW-REGULATION-TRACKI-3FD71,SRC-LAW-CAREER-MASTER-14-E87AB
Skill,SKL-LAW-RESEARCH-CITATION-C407C,SRC-LAW-CAREER-MASTER-8-37707
Skill,SKL-LAW-RESEARCH-PEDAGOGY-27421,SRC-LAW-CAREER-MASTER-7-68F71
Skill,SKL-LAW-RESEARCH-REVIEW-A-6698A,SRC-LAW-CAREER-MASTER-22-51FD3
Skill,SKL-LAW-RESEARCH-STATISTI-E5FEE,SRC-LAW-CAREER-MASTER-34-173C2
Skill,SKL-LAW-RISK-ASSESSMENT-C-368D5,SRC-LAW-CAREER-MASTER-67-87B6E
Skill,SKL-LAW-SECURITIES-LAW-DR-3FD50,SRC-LAW-CAREER-MASTER-41-D3D45
Skill,SKL-LAW-SKILL-DOMAIN-4F5EB,SRC-LAW-SKILL-TAXONOMY-2-982B6
Skill,SKL-LAW-TAX-LAW-ACCOUNTIN-86383,SRC-LAW-CAREER-MASTER-28-6AC79
Skill,SKL-LAW-TAXONOMY-RESEARCH-F9C32,SRC-LAW-CAREER-MASTER-63-9CAE9
Skill,SKL-LAW-TECHNICAL-ANALYSI-7AD21,SRC-LAW-CAREER-MASTER-24-C1597
Skill,SKL-LAW-TECHNOLOGY-D899C,SRC-LAW-SKILL-TAXONOMY-8-345BE
Skill,SKL-LAW-TECHNOLOGY-D899C,SRC-LAW-SKILL-TAXONOMY-9-0A76A
Skill,SKL-LAW-TITLE-DUE-DILIGEN-C1CF7,SRC-LAW-CAREER-MASTER-49-11282
Skill,SKL-LAW-TRADEMARK-SEARCH-82AEF,SRC-LAW-CAREER-MASTER-25-7E39F
Skill,SKL-LAW-TYPING-STENO-LIST-0742D,SRC-LAW-CAREER-MASTER-56-479A7
Skill,SKL-LAW-WRITING-LAW-BASIC-17511,SRC-LAW-CAREER-MASTER-53-4D3F3
Skill,SKL-LAW-WRITING-LEGAL-RES-C264A,SRC-LAW-CAREER-MASTER-54-9FE7E
Skill,SKL-MGT-AI-LITERACY-4621E,SRC-MGT-SKILL-TAXONOMY-12-60D30
Skill,SKL-MGT-AMAZON-FLIPKART-O-5B1E9,SRC-MGT-LOW-INVESTMENT-EN-FCC9A
Skill,SKL-MGT-AQUACULTURE-COLD-F1B78,SRC-MGT-GOVT-MISSIONS-PRO-9B442
Skill,SKL-MGT-BOOKKEEPING-COMPL-38D32,SRC-MGT-GOVT-MISSIONS-PRO-C8F74
Skill,SKL-MGT-BOOKKEEPING-MARKE-434E8,SRC-MGT-LOW-INVESTMENT-EN-9E2F2
Skill,SKL-MGT-BRAND-STORYTELLIN-25EFA,SRC-MGT-REGIONAL-RESOURCE-B8390
Skill,SKL-MGT-BRANDING-ETIQUETT-61F93,SRC-MGT-CAREER-MASTER-24-02988
Skill,SKL-MGT-BRANDING-PACKAGIN-F26F4,SRC-MGT-REGIONAL-RESOURCE-F7DBE
Skill,SKL-MGT-BUSINESS-MODEL-PI-ED452,SRC-MGT-GOVT-MISSIONS-PRO-4FA75
Skill,SKL-MGT-BUSINESS-RESEARCH-EA28B,SRC-MGT-SKILL-TAXONOMY-11-4B789
Skill,SKL-MGT-CALENDAR-DOCUMENT-44398,SRC-MGT-LOW-INVESTMENT-EN-C5E29
Skill,SKL-MGT-CATALOGING-PRICIN-C4562,SRC-MGT-CAREER-MASTER-32-42850
Skill,SKL-MGT-CATALOGING-PRICIN-C4562,SRC-MGT-SKILL-NON-MBA-8-09679
Skill,SKL-MGT-CATALOGING-PRICIN-C4562,SRC-MGT-TECHNO-DRIVEN-CAR-10D41
Skill,SKL-MGT-CATALOGING-PRICIN-C4562,SRC-MGT-TRADITIONAL-CAREE-3805B
Skill,SKL-MGT-CATALOGUING-SELLE-64961,SRC-MGT-GOVT-MISSIONS-PRO-BDB32
Skill,SKL-MGT-CATALOGUING-SELLE-A4467,SRC-MGT-REGIONAL-RESOURCE-6F449
Skill,SKL-MGT-CERTIFICATION-LIT-2C36A,SRC-MGT-REGIONAL-RESOURCE-FC2C4
Skill,SKL-MGT-CHANGE-MANAGEMENT-78D3C,SRC-MGT-AI-ERA-MANAGEMENT-B18A7
Skill,SKL-MGT-CHANGE-MANAGEMENT-78D3C,SRC-MGT-CAREER-MASTER-56-71970
Skill,SKL-MGT-CHANGE-MANAGEMENT-78D3C,SRC-MGT-TECHNO-DRIVEN-CAR-3FA96
Skill,SKL-MGT-CLIENT-DISCOVERY-AFEA8,SRC-MGT-FUTURE-AI-LAYER-7-AEB26
Skill,SKL-MGT-CLIENT-RELATIONSH-86047,SRC-MGT-CAREER-MASTER-47-AC993
Skill,SKL-MGT-CLIENT-SUCCESS-RE-F032C,SRC-MGT-AI-ERA-MANAGEMENT-AADDA
Skill,SKL-MGT-CLIENT-SUCCESS-RE-F032C,SRC-MGT-CAREER-MASTER-28-AF31B
Skill,SKL-MGT-CLIENT-SUCCESS-RE-F032C,SRC-MGT-SKILL-NON-MBA-4-E5F61
Skill,SKL-MGT-CLIENT-SUCCESS-RE-F032C,SRC-MGT-TECHNO-DRIVEN-CAR-F48EE
Skill,SKL-MGT-CLUSTER-COORDINAT-0C241,SRC-MGT-REGIONAL-RESOURCE-29933
Skill,SKL-MGT-CLUSTER-COORDINAT-2E544,SRC-MGT-REGIONAL-RESOURCE-2C410
Skill,SKL-MGT-CLUSTER-COORDINAT-6DA58,SRC-MGT-REGIONAL-RESOURCE-80C8B
Skill,SKL-MGT-COMMUNICATION-00FDE,SRC-MGT-SKILL-TAXONOMY-3-C3078
Skill,SKL-MGT-COMMUNICATION-ANA-58F60,SRC-MGT-SPECIALIZATIONS-3-82DD0
Skill,SKL-MGT-COMMUNICATION-ANA-B01F7,SRC-MGT-AI-ERA-MANAGEMENT-C1CB4
Skill,SKL-MGT-COMMUNICATION-ANA-B01F7,SRC-MGT-CAREER-MASTER-3-700A9
Skill,SKL-MGT-COMMUNICATION-ANA-B01F7,SRC-MGT-TRADITIONAL-CAREE-DCFEA
Skill,SKL-MGT-COMMUNICATION-SOC-4E1A1,SRC-MGT-MGMT-LIVELIHOOD-8-87052
Skill,SKL-MGT-COMMUNITY-FACILIT-F7375,SRC-MGT-REGIONAL-RESOURCE-73759
Skill,SKL-MGT-COMMUNITY-MOBILIS-52DD7,SRC-MGT-GOVT-MISSIONS-PRO-9FCE6
Skill,SKL-MGT-COMMUNITY-MOBILIZ-0D386,SRC-MGT-REGIONAL-RESOURCE-3FF75
Skill,SKL-MGT-COMMUNITY-MOBILIZ-5EAAC,SRC-MGT-REGIONAL-RESOURCE-06226
Skill,SKL-MGT-COMMUNITY-MODERAT-856EC,SRC-MGT-REGIONAL-RESOURCE-C612E
Skill,SKL-MGT-COMMUNITY-TRUST-E-1E661,SRC-MGT-REGIONAL-RESOURCE-C5C90
Skill,SKL-MGT-CONSULTING-DIGITA-CA6B0,SRC-MGT-CAREER-MASTER-38-C6C46
Skill,SKL-MGT-CONSULTING-DIGITA-CA6B0,SRC-MGT-ENTREPRENEURSHIP-5A817
Skill,SKL-MGT-CONSULTING-DIGITA-CA6B0,SRC-MGT-TRADITIONAL-CAREE-8979D
Skill,SKL-MGT-CONSUMER-INSIGHT-EECEA,SRC-MGT-CAREER-MASTER-5-88AD4
Skill,SKL-MGT-CONSUMER-INSIGHT-EECEA,SRC-MGT-TECHNO-DRIVEN-CAR-BF409
Skill,SKL-MGT-CONSUMER-INSIGHT-EECEA,SRC-MGT-TRADITIONAL-CAREE-F230E
Skill,SKL-MGT-CONTENT-CALENDAR-480FA,SRC-MGT-LOW-INVESTMENT-EN-C7493
Skill,SKL-MGT-COORDINATION-DATA-C81F5,SRC-MGT-SHADOW-CAREERS-MB-174F2
Skill,SKL-MGT-COORDINATION-NEGO-B3D06,SRC-MGT-SPECIALIZATIONS-1-5C988
Skill,SKL-MGT-COORDINATION-SAFE-47429,SRC-MGT-AI-ERA-MANAGEMENT-AD102
Skill,SKL-MGT-COORDINATION-SAFE-47429,SRC-MGT-CAREER-MASTER-17-7B234
Skill,SKL-MGT-COORDINATION-SAFE-47429,SRC-MGT-SECTOR-MANAGEMENT-F5F88
Skill,SKL-MGT-COORDINATION-SAFE-47429,SRC-MGT-TRADITIONAL-CAREE-6E59C
Skill,SKL-MGT-COPY-ANALYTICS-BU-5812D,SRC-MGT-AI-ERA-MANAGEMENT-20192
Skill,SKL-MGT-COPY-ANALYTICS-BU-5812D,SRC-MGT-CAREER-MASTER-30-FAAA5
Skill,SKL-MGT-COPY-ANALYTICS-BU-5812D,SRC-MGT-SKILL-NON-MBA-6-9AA31
Skill,SKL-MGT-COPY-ANALYTICS-BU-5812D,SRC-MGT-TECHNO-DRIVEN-CAR-90D43
Skill,SKL-MGT-COPY-ANALYTICS-BU-5812D,SRC-MGT-TRADITIONAL-CAREE-93D58
Skill,SKL-MGT-COUNSELLING-OPERA-1BC6E,SRC-MGT-AI-ERA-MANAGEMENT-C473E
Skill,SKL-MGT-COUNSELLING-OPERA-1BC6E,SRC-MGT-CAREER-MASTER-21-EE8BC
Skill,SKL-MGT-COUNSELLING-OPERA-1BC6E,SRC-MGT-SECTOR-MANAGEMENT-6AED4
Skill,SKL-MGT-COUNSELLING-WRITI-D34FE,SRC-MGT-SHADOW-CAREERS-MB-00D37
Skill,SKL-MGT-CREATIVE-TESTING-8668C,SRC-MGT-FUTURE-AI-LAYER-8-8E9C6
Skill,SKL-MGT-CRISIS-LOGISTICS-39420,SRC-MGT-REGIONAL-RESOURCE-2D86C
Skill,SKL-MGT-CRM-PRODUCT-TRAIN-5CF35,SRC-MGT-REGIONAL-RESOURCE-372AE
Skill,SKL-MGT-CRM-TOOLS-SALES-P-E374D,SRC-MGT-MGMT-LIVELIHOOD-5-37C61
Skill,SKL-MGT-CROSS-FUNCTIONAL-A9296,SRC-MGT-FUTURE-AI-LAYER-6-13BF9
Skill,SKL-MGT-CROWD-MANAGEMENT-F2851,SRC-MGT-REGIONAL-RESOURCE-EDAB5
Skill,SKL-MGT-CULTURE-HISTORY-L-60017,SRC-MGT-CAREER-MASTER-66-FE72F
Skill,SKL-MGT-CUSTOMER-SERVICE-84ED4,SRC-MGT-AI-ERA-MANAGEMENT-76C84
Skill,SKL-MGT-CUSTOMER-SERVICE-84ED4,SRC-MGT-CAREER-MASTER-10-82C96
Skill,SKL-MGT-CUSTOMER-SERVICE-84ED4,SRC-MGT-TRADITIONAL-CAREE-2955A
Skill,SKL-MGT-DATA-HANDLING-COM-151A2,SRC-MGT-REGIONAL-RESOURCE-0FB16
Skill,SKL-MGT-DATA-HYGIENE-FUNN-14FDD,SRC-MGT-AI-ERA-MANAGEMENT-2A7DC
Skill,SKL-MGT-DATA-HYGIENE-FUNN-14FDD,SRC-MGT-CAREER-MASTER-29-BBB23
Skill,SKL-MGT-DATA-HYGIENE-FUNN-14FDD,SRC-MGT-SKILL-NON-MBA-5-54246
Skill,SKL-MGT-DATA-HYGIENE-FUNN-14FDD,SRC-MGT-TECHNO-DRIVEN-CAR-199BC
Skill,SKL-MGT-DATA-INTERPRETATI-4E6EA,SRC-MGT-SPECIALIZATIONS-7-ACA51
Skill,SKL-MGT-DATA-INTERPRETATI-5DF86,SRC-MGT-SKILL-TAXONOMY-5-1408B
Skill,SKL-MGT-DESK-RESEARCH-EXC-5639D,SRC-MGT-LOW-INVESTMENT-EN-E876A
Skill,SKL-MGT-DIGITAL-MARKETING-7380E,SRC-MGT-MGMT-LIVELIHOOD-3-DDBC7
Skill,SKL-MGT-DIGITAL-MARKETING-82EB0,SRC-MGT-SKILL-TAXONOMY-10-0968E
Skill,SKL-MGT-DIGITAL-TOOLS-COM-C3700,SRC-MGT-MGMT-LIVELIHOOD-1-94D00
Skill,SKL-MGT-DIGITAL-TOOLS-DAT-E18CB,SRC-MGT-GOVT-MISSIONS-PRO-11A5C
Skill,SKL-MGT-DISCORD-WHATSAPP-A278C,SRC-MGT-LOW-INVESTMENT-EN-78C4D
Skill,SKL-MGT-DOCUMENTATION-NEG-E1E2F,SRC-MGT-CAREER-MASTER-57-98F22
Skill,SKL-MGT-DOCUMENTATION-NEG-E1E2F,SRC-MGT-SECTOR-MANAGEMENT-29B14
Skill,SKL-MGT-DOCUMENTATION-PLA-EC419,SRC-MGT-CAREER-MASTER-18-AEDC9
Skill,SKL-MGT-DOCUMENTATION-PLA-EC419,SRC-MGT-SECTOR-MANAGEMENT-88640
Skill,SKL-MGT-DOCUMENTATION-PLA-EC419,SRC-MGT-TRADITIONAL-CAREE-BEAEB
Skill,SKL-MGT-DOCUMENTATION-POL-4EA04,SRC-MGT-REGIONAL-RESOURCE-A6E1C
Skill,SKL-MGT-DOCUMENTATION-REG-8B854,SRC-MGT-CAREER-MASTER-61-8FD57
Skill,SKL-MGT-DOCUMENTATION-SCH-17D82,SRC-MGT-CAREER-MASTER-65-A62B4
Skill,SKL-MGT-DOCUMENTATION-SCH-17D82,SRC-MGT-SECTOR-MANAGEMENT-4F282
Skill,SKL-MGT-DUE-DILIGENCE-NEG-B50D2,SRC-MGT-CAREER-MASTER-37-9A1E9
Skill,SKL-MGT-DUE-DILIGENCE-NEG-B50D2,SRC-MGT-ENTREPRENEURSHIP-8B7F1
Skill,SKL-MGT-DUE-DILIGENCE-NEG-B50D2,SRC-MGT-TRADITIONAL-CAREE-E5133
Skill,SKL-MGT-EMPATHY-FACILITY-777FD,SRC-MGT-REGIONAL-RESOURCE-99487
Skill,SKL-MGT-EMPATHY-FAIRNESS-37229,SRC-MGT-FUTURE-AI-LAYER-1-0E7FD
Skill,SKL-MGT-EMPATHY-INTERVIEW-FE65B,SRC-MGT-SPECIALIZATIONS-5-01F34
Skill,SKL-MGT-ENGAGEMENT-CONTEN-D62F2,SRC-MGT-AI-ERA-MANAGEMENT-FFC7C
Skill,SKL-MGT-ENGAGEMENT-CONTEN-D62F2,SRC-MGT-CAREER-MASTER-34-CC07F
Skill,SKL-MGT-ENGAGEMENT-CONTEN-D62F2,SRC-MGT-SKILL-NON-MBA-10-9B95F
Skill,SKL-MGT-ENGAGEMENT-CONTEN-D62F2,SRC-MGT-TECHNO-DRIVEN-CAR-DED69
Skill,SKL-MGT-ENTERPRISE-PITCHI-EC473,SRC-MGT-CAREER-MASTER-62-D65AD
Skill,SKL-MGT-ENTERPRISE-PITCHI-EC473,SRC-MGT-SKILL-NON-MBA-17-0B48A
Skill,SKL-MGT-ENTREPRENEURIAL-M-73031,SRC-MGT-SKILL-TAXONOMY-14-0AE4B
Skill,SKL-MGT-ETHICAL-REPORTING-5BCE5,SRC-MGT-FUTURE-AI-LAYER-1-67CC0
Skill,SKL-MGT-ETHICAL-SOURCING-246F3,SRC-MGT-REGIONAL-RESOURCE-1292E
Skill,SKL-MGT-ETHICS-COMPLIANCE-1EE94,SRC-MGT-SKILL-TAXONOMY-13-C29A3
Skill,SKL-MGT-EVENT-OPS-SPONSOR-143C8,SRC-MGT-SHADOW-CAREERS-MB-9436B
Skill,SKL-MGT-EVENT-OPS-SPONSOR-F6895,SRC-MGT-REGIONAL-RESOURCE-7EFC9
Skill,SKL-MGT-EXCEL-DATA-VERIFI-FB544,SRC-MGT-REGIONAL-RESOURCE-8BFA7
Skill,SKL-MGT-EXCEL-SPREADSHEET-15C39,SRC-MGT-SKILL-TAXONOMY-6-E9656
Skill,SKL-MGT-EXCEL-VALUATION-C-FCEFB,SRC-MGT-SPECIALIZATIONS-4-162ED
Skill,SKL-MGT-EXCEL-VALUATION-R-CE7F1,SRC-MGT-CAREER-MASTER-6-0C190
Skill,SKL-MGT-EXCEL-VALUATION-R-CE7F1,SRC-MGT-TRADITIONAL-CAREE-4C7B0
Skill,SKL-MGT-EXECUTION-PRIORIT-AF13E,SRC-MGT-CAREER-MASTER-35-B9945
Skill,SKL-MGT-EXECUTION-PRIORIT-AF13E,SRC-MGT-ENTREPRENEURSHIP-D79FD
Skill,SKL-MGT-EXECUTION-RESILIE-E0126,SRC-MGT-SPECIALIZATIONS-8-EBB82
Skill,SKL-MGT-EXPERIMENTATION-A-FA867,SRC-MGT-AI-ERA-MANAGEMENT-6ED3A
Skill,SKL-MGT-EXPERIMENTATION-A-FA867,SRC-MGT-CAREER-MASTER-31-5B060
Skill,SKL-MGT-EXPERIMENTATION-A-FA867,SRC-MGT-SKILL-NON-MBA-7-FC5A4
Skill,SKL-MGT-EXPERIMENTATION-A-FA867,SRC-MGT-TECHNO-DRIVEN-CAR-9DED9
Skill,SKL-MGT-EXPORT-DOCUMENTAT-057F5,SRC-MGT-REGIONAL-RESOURCE-B6FFC
Skill,SKL-MGT-FACILITATION-PSYC-4612B,SRC-MGT-SHADOW-CAREERS-MB-F6C3E
Skill,SKL-MGT-FIELD-OPS-MESSAGI-7DFEA,SRC-MGT-AI-ERA-MANAGEMENT-60736
Skill,SKL-MGT-FIELD-OPS-MESSAGI-7DFEA,SRC-MGT-CAREER-MASTER-43-CE2D6
Skill,SKL-MGT-FISHERY-VALUE-CHA-E4244,SRC-MGT-REGIONAL-RESOURCE-74F00
Skill,SKL-MGT-FOOD-SAFETY-PACKA-A6936,SRC-MGT-REGIONAL-RESOURCE-908AB
Skill,SKL-MGT-GOOGLE-BUSINESS-P-32B93,SRC-MGT-LOW-INVESTMENT-EN-844FB
Skill,SKL-MGT-HEALTH-OPERATIONS-9227F,SRC-MGT-GOVT-MISSIONS-PRO-897A8
Skill,SKL-MGT-HISTORY-ARCHAEOLO-4DB7B,SRC-MGT-CAREER-MASTER-67-A5F2E
Skill,SKL-MGT-HOSPITALITY-STORY-E9555,SRC-MGT-REGIONAL-RESOURCE-182EC
Skill,SKL-MGT-HOSPITALITY-WELLN-0C2D8,SRC-MGT-REGIONAL-RESOURCE-FDDF0
Skill,SKL-MGT-INTERVIEWING-LABO-C42AC,SRC-MGT-CAREER-MASTER-7-5C5EE
Skill,SKL-MGT-INTERVIEWING-LABO-C42AC,SRC-MGT-TRADITIONAL-CAREE-8F668
Skill,SKL-MGT-JUDGMENT-CONTEXT-DFDC4,SRC-MGT-FUTURE-AI-LAYER-3-68102
Skill,SKL-MGT-LABOUR-COORDINATI-4DCEF,SRC-MGT-REGIONAL-RESOURCE-752EA
Skill,SKL-MGT-LANDING-PAGES-EMA-BDBC2,SRC-MGT-LOW-INVESTMENT-EN-B9E91
Skill,SKL-MGT-LEADERSHIP-TEAMWO-B6B11,SRC-MGT-SKILL-TAXONOMY-8-02ED7
Skill,SKL-MGT-LINKEDIN-NAUKRI-S-B2109,SRC-MGT-LOW-INVESTMENT-EN-C3FD1
Skill,SKL-MGT-LISTENING-HR-INSI-931CD,SRC-MGT-SHADOW-CAREERS-MB-301AE
Skill,SKL-MGT-LITERATURE-LANGUA-F6355,SRC-MGT-CAREER-MASTER-68-7B786
Skill,SKL-MGT-LOCAL-SALES-APP-T-7E080,SRC-MGT-REGIONAL-RESOURCE-199B8
Skill,SKL-MGT-LOCATION-SCOUTING-FEEE3,SRC-MGT-LOW-INVESTMENT-EN-2A9B2
Skill,SKL-MGT-MARKETPLACE-KNOWL-B2166,SRC-MGT-MGMT-LIVELIHOOD-4-E6DC1
Skill,SKL-MGT-META-GOOGLE-BASIC-94DFA,SRC-MGT-LOW-INVESTMENT-EN-01C13
Skill,SKL-MGT-NEGOTIATION-ANALY-72A86,SRC-MGT-REGIONAL-RESOURCE-35BCB
Skill,SKL-MGT-NEGOTIATION-BUDGE-2FD4C,SRC-MGT-AI-ERA-MANAGEMENT-70704
Skill,SKL-MGT-NEGOTIATION-BUDGE-2FD4C,SRC-MGT-CAREER-MASTER-25-BBB7C
Skill,SKL-MGT-NEGOTIATION-BUDGE-2FD4C,SRC-MGT-SECTOR-MANAGEMENT-C2F9E
Skill,SKL-MGT-NEGOTIATION-CONTR-98785,SRC-MGT-CAREER-MASTER-48-2AB12
Skill,SKL-MGT-NEGOTIATION-CONTR-98785,SRC-MGT-TRADITIONAL-CAREE-5B21D
Skill,SKL-MGT-NEGOTIATION-SCHED-513F6,SRC-MGT-CAREER-MASTER-64-0F635
Skill,SKL-MGT-NEGOTIATION-SCHED-513F6,SRC-MGT-SECTOR-MANAGEMENT-5FBBC
Skill,SKL-MGT-NEGOTIATION-SCHED-513F6,SRC-MGT-SKILL-NON-MBA-18-17E31
Skill,SKL-MGT-NEGOTIATION-SCHED-BF122,SRC-MGT-CAREER-MASTER-33-814C4
Skill,SKL-MGT-NEGOTIATION-SCHED-BF122,SRC-MGT-SKILL-NON-MBA-9-2243D
Skill,SKL-MGT-NETWORKING-NEGOTI-2B467,SRC-MGT-CAREER-MASTER-51-C496D
Skill,SKL-MGT-NETWORKING-NEGOTI-2B467,SRC-MGT-SECTOR-MANAGEMENT-9E12D
Skill,SKL-MGT-OPERATIONS-COMPLI-2788A,SRC-MGT-CAREER-MASTER-13-91065
Skill,SKL-MGT-OPERATIONS-COMPLI-2788A,SRC-MGT-SECTOR-MANAGEMENT-310EC
Skill,SKL-MGT-OPERATIONS-COMPLI-55B53,SRC-MGT-REGIONAL-RESOURCE-B0FB6
Skill,SKL-MGT-OPERATIONS-COMPLI-DE7A3,SRC-MGT-CAREER-MASTER-59-CF3A1
Skill,SKL-MGT-OPERATIONS-COMPLI-DE7A3,SRC-MGT-TRADITIONAL-CAREE-272B7
Skill,SKL-MGT-OPERATIONS-DATA-D-D0AB7,SRC-MGT-REGIONAL-RESOURCE-DB74D
Skill,SKL-MGT-OPERATIONS-EXCEL-508E6,SRC-MGT-MGMT-LIVELIHOOD-1-394E5
Skill,SKL-MGT-OPERATIONS-FINANC-75C63,SRC-MGT-CAREER-MASTER-36-46F19
Skill,SKL-MGT-OPERATIONS-FINANC-75C63,SRC-MGT-ENTREPRENEURSHIP-8183A
Skill,SKL-MGT-OPERATIONS-QUALIT-39124,SRC-MGT-GOVT-MISSIONS-PRO-3AF89
Skill,SKL-MGT-PATIENCE-QUALITY-E734A,SRC-MGT-REGIONAL-RESOURCE-CBF87
Skill,SKL-MGT-PEDAGOGY-CONTENT-09CD9,SRC-MGT-GOVT-MISSIONS-PRO-D3F1F
Skill,SKL-MGT-PEOPLE-MANAGEMENT-7C436,SRC-MGT-REGIONAL-RESOURCE-50A0F
Skill,SKL-MGT-PERSUASION-NEGOTI-0F763,SRC-MGT-AI-ERA-MANAGEMENT-86A94
Skill,SKL-MGT-PERSUASION-NEGOTI-0F763,SRC-MGT-CAREER-MASTER-4-34C36
Skill,SKL-MGT-PERSUASION-NEGOTI-0F763,SRC-MGT-SECTOR-MANAGEMENT-64905
Skill,SKL-MGT-PERSUASION-NEGOTI-0F763,SRC-MGT-SKILL-NON-MBA-3-6D7B0
Skill,SKL-MGT-PERSUASION-NEGOTI-0F763,SRC-MGT-TECHNO-DRIVEN-CAR-0F281
Skill,SKL-MGT-PLANNING-RISK-COM-A4920,SRC-MGT-CAREER-MASTER-41-AD0D6
Skill,SKL-MGT-PLANNING-RISK-COM-A4920,SRC-MGT-TRADITIONAL-CAREE-989D6
Skill,SKL-MGT-PLANNING-SERVICE-1C403,SRC-MGT-CAREER-MASTER-58-87D02
Skill,SKL-MGT-PLANNING-SERVICE-1C403,SRC-MGT-SECTOR-MANAGEMENT-1813C
Skill,SKL-MGT-POLICY-WRITING-ST-B2D85,SRC-MGT-CAREER-MASTER-22-A1352
Skill,SKL-MGT-POLICY-WRITING-ST-B2D85,SRC-MGT-SECTOR-MANAGEMENT-AC527
Skill,SKL-MGT-POWERPOINT-CANVA-0D844,SRC-MGT-LOW-INVESTMENT-EN-BEA6F
Skill,SKL-MGT-PRD-WRITING-METRI-B055F,SRC-MGT-SPECIALIZATIONS-1-99595
Skill,SKL-MGT-PRESENTATION-STOR-11924,SRC-MGT-SKILL-TAXONOMY-7-01EDD
Skill,SKL-MGT-PRIORITIZATION-AN-73841,SRC-MGT-FUTURE-AI-LAYER-9-B2DE3
Skill,SKL-MGT-PROBLEM-FRAMING-A-49304,SRC-MGT-FUTURE-AI-LAYER-4-EF2AE
Skill,SKL-MGT-PROBLEM-FRAMING-D-6EF34,SRC-MGT-AI-ERA-MANAGEMENT-F6B91
Skill,SKL-MGT-PROBLEM-FRAMING-D-6EF34,SRC-MGT-CAREER-MASTER-11-1963E
Skill,SKL-MGT-PROBLEM-FRAMING-D-6EF34,SRC-MGT-TECHNO-DRIVEN-CAR-870ED
Skill,SKL-MGT-PROCESS-CONTROL-A-346BC,SRC-MGT-CAREER-MASTER-49-5C6BD
Skill,SKL-MGT-PROCESS-CONTROL-A-346BC,SRC-MGT-TRADITIONAL-CAREE-2D9E7
Skill,SKL-MGT-PROCESS-DOCUMENTA-D478E,SRC-MGT-AI-ERA-MANAGEMENT-816E7
Skill,SKL-MGT-PROCESS-DOCUMENTA-D478E,SRC-MGT-CAREER-MASTER-27-9EE6B
Skill,SKL-MGT-PROCESS-DOCUMENTA-D478E,SRC-MGT-TECHNO-DRIVEN-CAR-A07B0
Skill,SKL-MGT-PROCESS-DOCUMENTA-D478E,SRC-MGT-TRADITIONAL-CAREE-6FAD2
Skill,SKL-MGT-PROCESS-MAPPING-C-C4616,SRC-MGT-AI-ERA-MANAGEMENT-31AB8
Skill,SKL-MGT-PROCESS-MAPPING-C-C4616,SRC-MGT-CAREER-MASTER-52-59044
Skill,SKL-MGT-PROCESS-MAPPING-C-C4616,SRC-MGT-SKILL-NON-MBA-15-F7544
Skill,SKL-MGT-PROCESS-MAPPING-C-C4616,SRC-MGT-TECHNO-DRIVEN-CAR-E02B5
Skill,SKL-MGT-PROCESS-MAPPING-C-C4616,SRC-MGT-TRADITIONAL-CAREE-BF5BD
Skill,SKL-MGT-PROCESS-MAPPING-N-E6BDC,SRC-MGT-MGMT-LIVELIHOOD-1-4C0A7
Skill,SKL-MGT-PROCESS-MAPPING-Q-08090,SRC-MGT-CAREER-MASTER-8-2DA5F
Skill,SKL-MGT-PROCESS-MAPPING-Q-08090,SRC-MGT-TRADITIONAL-CAREE-93932
Skill,SKL-MGT-PROCESS-THINKING-C9718,SRC-MGT-SPECIALIZATIONS-6-E7EA2
Skill,SKL-MGT-PRODUCTION-PLANNI-9ABF5,SRC-MGT-REGIONAL-RESOURCE-18CE3
Skill,SKL-MGT-PROJECT-MANAGEMEN-058C7,SRC-MGT-REGIONAL-RESOURCE-0CA9A
Skill,SKL-MGT-PROJECT-MANAGEMEN-52CA9,SRC-MGT-GOVT-MISSIONS-PRO-2E737
Skill,SKL-MGT-PROJECT-MANAGEMEN-A1799,SRC-MGT-MGMT-LIVELIHOOD-1-A7884
Skill,SKL-MGT-PROJECT-MANAGEMEN-AD63E,SRC-MGT-CAREER-MASTER-20-73C93
Skill,SKL-MGT-PROJECT-MANAGEMEN-AD63E,SRC-MGT-SECTOR-MANAGEMENT-D6C8A
Skill,SKL-MGT-PROMPT-DESIGN-QA-07026,SRC-MGT-AI-ERA-MANAGEMENT-EBD45
Skill,SKL-MGT-PROMPT-DESIGN-QA-07026,SRC-MGT-CAREER-MASTER-54-B321A
Skill,SKL-MGT-PROMPT-DESIGN-QA-07026,SRC-MGT-SKILL-NON-MBA-16-E1F70
Skill,SKL-MGT-PROMPT-DESIGN-QA-07026,SRC-MGT-TECHNO-DRIVEN-CAR-26C6E
Skill,SKL-MGT-PROMPT-DESIGN-QA-07026,SRC-MGT-TRADITIONAL-CAREE-3CB42
Skill,SKL-MGT-PROMPTING-PROCESS-55543,SRC-MGT-REGIONAL-RESOURCE-E156D
Skill,SKL-MGT-PROPOSAL-REVIEW-M-42433,SRC-MGT-AI-ERA-MANAGEMENT-043AF
Skill,SKL-MGT-PROPOSAL-REVIEW-M-42433,SRC-MGT-CAREER-MASTER-44-A0718
Skill,SKL-MGT-PROPOSAL-REVIEW-M-42433,SRC-MGT-SECTOR-MANAGEMENT-6CF02
Skill,SKL-MGT-QUANTITATIVE-ANAL-7E632,SRC-MGT-CAREER-MASTER-60-B9C74
Skill,SKL-MGT-QUANTITATIVE-APTI-D2117,SRC-MGT-SKILL-TAXONOMY-4-F9DEA
Skill,SKL-MGT-REGIONAL-COPYWRIT-D3AED,SRC-MGT-REGIONAL-RESOURCE-A4343
Skill,SKL-MGT-RELATIONSHIP-AND-90664,SRC-MGT-FUTURE-AI-LAYER-5-9FE92
Skill,SKL-MGT-REPORTING-STAKEHO-F5665,SRC-MGT-SPECIALIZATIONS-1-26C96
Skill,SKL-MGT-REPORTING-STAKEHO-F6EA4,SRC-MGT-AI-ERA-MANAGEMENT-35C39
Skill,SKL-MGT-REPORTING-STAKEHO-F6EA4,SRC-MGT-CAREER-MASTER-23-2B455
Skill,SKL-MGT-RESEARCH-EXCEL-WR-BC270,SRC-MGT-MGMT-LIVELIHOOD-9-57390
Skill,SKL-MGT-RESEARCH-FINANCE-47F97,SRC-MGT-MGMT-LIVELIHOOD-1-65722
Skill,SKL-MGT-RESEARCH-WRITING-DBD7C,SRC-MGT-SHADOW-CAREERS-MB-298A6
Skill,SKL-MGT-RESPONSIBLE-TOURI-F9B98,SRC-MGT-REGIONAL-RESOURCE-DE331
Skill,SKL-MGT-RESUME-WRITING-LI-460AC,SRC-MGT-LOW-INVESTMENT-EN-1C787
Skill,SKL-MGT-RISK-ASSESSMENT-L-2D3C3,SRC-MGT-REGIONAL-RESOURCE-CCED3
Skill,SKL-MGT-RURAL-FINANCE-COM-F59F4,SRC-MGT-GOVT-MISSIONS-PRO-8E183
Skill,SKL-MGT-RURAL-MARKETING-P-18541,SRC-MGT-CAREER-MASTER-19-C1652
Skill,SKL-MGT-RURAL-MARKETING-P-18541,SRC-MGT-SECTOR-MANAGEMENT-CACA1
Skill,SKL-MGT-SALES-COMPLIANCE-0D5E5,SRC-MGT-CAREER-MASTER-46-1ACE7
Skill,SKL-MGT-SALES-COMPLIANCE-0D5E5,SRC-MGT-SKILL-NON-MBA-14-4A9AC
Skill,SKL-MGT-SALES-LEGAL-BASIC-72BFD,SRC-MGT-AI-ERA-MANAGEMENT-5352F
Skill,SKL-MGT-SALES-LEGAL-BASIC-72BFD,SRC-MGT-CAREER-MASTER-45-6E9FC
Skill,SKL-MGT-SALES-LEGAL-BASIC-72BFD,SRC-MGT-SECTOR-MANAGEMENT-3BAFB
Skill,SKL-MGT-SALES-LEGAL-BASIC-72BFD,SRC-MGT-SKILL-NON-MBA-13-89610
Skill,SKL-MGT-SALES-NEGOTIATION-8DBF8,SRC-MGT-SKILL-TAXONOMY-9-493C4
Skill,SKL-MGT-SCHEDULING-SAFETY-EC009,SRC-MGT-REGIONAL-RESOURCE-B1014
Skill,SKL-MGT-SCM-ANALYTICS-DOC-55744,SRC-MGT-GOVT-MISSIONS-PRO-CE911
Skill,SKL-MGT-SECONDARY-RESEARC-33374,SRC-MGT-CAREER-MASTER-40-85A9B
Skill,SKL-MGT-SECONDARY-RESEARC-33374,SRC-MGT-SKILL-NON-MBA-12-A5110
Skill,SKL-MGT-SERVICE-OPERATION-0B819,SRC-MGT-SPECIALIZATIONS-9-9815F
Skill,SKL-MGT-SERVICE-OPERATION-C8E3A,SRC-MGT-CAREER-MASTER-14-4D11C
Skill,SKL-MGT-SERVICE-OPERATION-C8E3A,SRC-MGT-SECTOR-MANAGEMENT-377E1
Skill,SKL-MGT-SOCIOLOGY-POLITIC-E032C,SRC-MGT-CAREER-MASTER-69-AA7CD
Skill,SKL-MGT-SOP-WRITING-EXCEL-76CE6,SRC-MGT-LOW-INVESTMENT-EN-26A19
Skill,SKL-MGT-SOURCING-INTERVIE-2F31B,SRC-MGT-MGMT-LIVELIHOOD-6-E0988
Skill,SKL-MGT-SOURCING-INTERVIE-C04F8,SRC-MGT-CAREER-MASTER-39-6442C
Skill,SKL-MGT-SOURCING-INTERVIE-C04F8,SRC-MGT-SKILL-NON-MBA-11-3FAAE
Skill,SKL-MGT-SOURCING-INTERVIE-C04F8,SRC-MGT-TRADITIONAL-CAREE-66FAE
Skill,SKL-MGT-SPECIES-CARE-INVE-7EC51,SRC-MGT-REGIONAL-RESOURCE-92E13
Skill,SKL-MGT-SPONSORSHIP-EVENT-C663B,SRC-MGT-CAREER-MASTER-16-AF516
Skill,SKL-MGT-SPONSORSHIP-EVENT-C663B,SRC-MGT-SECTOR-MANAGEMENT-5A25F
Skill,SKL-MGT-SPORTS-OPERATIONS-40299,SRC-MGT-GOVT-MISSIONS-PRO-A54B0
Skill,SKL-MGT-STORYTELLING-FINA-2863B,SRC-MGT-SHADOW-CAREERS-MB-D3B17
Skill,SKL-MGT-STORYTELLING-FINA-B13C7,SRC-MGT-AI-ERA-MANAGEMENT-F6DAE
Skill,SKL-MGT-STORYTELLING-FINA-B13C7,SRC-MGT-CAREER-MASTER-55-C09E2
Skill,SKL-MGT-STORYTELLING-FINA-B13C7,SRC-MGT-ENTREPRENEURSHIP-6820B
Skill,SKL-MGT-STORYTELLING-ITIN-E99FB,SRC-MGT-REGIONAL-RESOURCE-E8D62
Skill,SKL-MGT-STORYTELLING-POWE-D5F40,SRC-MGT-MGMT-LIVELIHOOD-1-460C0
Skill,SKL-MGT-STRUCTURED-PROBLE-5DB29,SRC-MGT-CAREER-MASTER-12-085C7
Skill,SKL-MGT-STRUCTURED-PROBLE-5DB29,SRC-MGT-TRADITIONAL-CAREE-4B9AD
Skill,SKL-MGT-STRUCTURED-THINKI-EB6BD,SRC-MGT-SHADOW-CAREERS-MB-40CA4
Skill,SKL-MGT-SUPPLY-CHAIN-ACCO-7FF7C,SRC-MGT-REGIONAL-RESOURCE-3EF5B
Skill,SKL-MGT-SUPPLY-CHAIN-ANAL-B52A7,SRC-MGT-REGIONAL-RESOURCE-F0556
Skill,SKL-MGT-TEACHING-SCRIPTIN-A5ED0,SRC-MGT-SHADOW-CAREERS-MB-32A72
Skill,SKL-MGT-TEACHING-SCRIPTIN-EA7F4,SRC-MGT-SHADOW-CAREERS-MB-ACDC1
Skill,SKL-MGT-TEAM-MANAGEMENT-Q-1A756,SRC-MGT-REGIONAL-RESOURCE-BA488
Skill,SKL-MGT-TOUR-OPERATIONS-C-8B4D9,SRC-MGT-REGIONAL-RESOURCE-F6A54
Skill,SKL-MGT-TOURISM-OPERATION-283C7,SRC-MGT-GOVT-MISSIONS-PRO-54645
Skill,SKL-MGT-TRAINING-DESIGN-A-E4CEF,SRC-MGT-GOVT-MISSIONS-PRO-C871B
Skill,SKL-MGT-TRAINING-DESIGN-C-1C940,SRC-MGT-MGMT-LIVELIHOOD-1-B9305
Skill,SKL-MGT-TRAINING-DESIGN-F-180CB,SRC-MGT-AI-ERA-MANAGEMENT-4C987
Skill,SKL-MGT-TRAINING-DESIGN-F-180CB,SRC-MGT-CAREER-MASTER-50-459BC
Skill,SKL-MGT-TRAINING-DESIGN-F-180CB,SRC-MGT-SECTOR-MANAGEMENT-2ACAF
Skill,SKL-MGT-TREND-SENSE-PLANN-F8DD1,SRC-MGT-AI-ERA-MANAGEMENT-C0246
Skill,SKL-MGT-TREND-SENSE-PLANN-F8DD1,SRC-MGT-CAREER-MASTER-63-7BF73
Skill,SKL-MGT-TREND-SENSE-PLANN-F8DD1,SRC-MGT-TRADITIONAL-CAREE-87448
Skill,SKL-MGT-USE-CASE-DISCOVER-50AC5,SRC-MGT-AI-ERA-MANAGEMENT-A2F8E
Skill,SKL-MGT-USE-CASE-DISCOVER-50AC5,SRC-MGT-CAREER-MASTER-53-67F5C
Skill,SKL-MGT-USE-CASE-DISCOVER-50AC5,SRC-MGT-TECHNO-DRIVEN-CAR-F8AE5
Skill,SKL-MGT-USER-RESEARCH-PRI-68332,SRC-MGT-CAREER-MASTER-26-D9C60
Skill,SKL-MGT-USER-RESEARCH-PRI-68332,SRC-MGT-TECHNO-DRIVEN-CAR-AA058
Skill,SKL-MGT-VENDOR-COORDINATI-233F0,SRC-MGT-CAREER-MASTER-15-144C0
Skill,SKL-MGT-VENDOR-COORDINATI-FF272,SRC-MGT-MGMT-LIVELIHOOD-7-0F5DB
Skill,SKL-MGT-VENDOR-MANAGEMENT-3F471,SRC-MGT-AI-ERA-MANAGEMENT-F273C
Skill,SKL-MGT-VENDOR-MANAGEMENT-3F471,SRC-MGT-CAREER-MASTER-9-A3E47
Skill,SKL-MGT-VENDOR-MANAGEMENT-3F471,SRC-MGT-TRADITIONAL-CAREE-76411
Skill,SKL-MGT-VENDOR-MANAGEMENT-D6EFB,SRC-MGT-LOW-INVESTMENT-EN-E907D
Skill,SKL-MGT-WRITING-HR-INSIGH-92D40,SRC-MGT-SHADOW-CAREERS-MB-7472D
Skill,SKL-MGT-WRITING-POSITIONI-58FC9,SRC-MGT-MGMT-LIVELIHOOD-1-A7CEA
Skill,SKL-MGT-WRITING-STAKEHOLD-9CD19,SRC-MGT-CAREER-MASTER-42-B19DA
Skill,SKL-MGT-WRITING-STRUCTURE-5651E,SRC-MGT-SHADOW-CAREERS-MB-C8395
Stream,STR-COM-ACTUARIAL-SCIENCE-60978,SRC-COM-ACTUARIAL-2-4FD58
Stream,STR-COM-ADVERTISING-BRAND-37769,SRC-COM-ADVERTISING-BRAND-9086B
Stream,STR-COM-BANKING-CAREERS-D0CED,SRC-COM-BANKING-PATHWAY-2-D934D
Stream,STR-COM-BUSINESS-ANALYTIC-DA68E,SRC-COM-BUSINESS-ANALYTIC-78DE2
Stream,STR-COM-CHARTERED-ACCOUNT-994BF,SRC-COM-CA-PATHWAY-2-51ECD
Stream,STR-COM-COMPANY-SECRETARY-C940B,SRC-COM-CS-PATHWAY-2-05EB2
Stream,STR-COM-COST-ACCOUNTANT-D0B3B,SRC-COM-CMA-PATHWAY-2-20F00
Stream,STR-COM-DIGITAL-BUSINESS-ED6E8,SRC-COM-E-COMMERCE-2-E11E5
Stream,STR-COM-DIGITAL-MARKETING-55CFE,SRC-COM-DIGITAL-MARKETING-368B9
Stream,STR-COM-E-COMMERCE-ADVANC-7DBD5,SRC-COM-E-COMMERCE-ADVANC-C54F5
Stream,STR-COM-ECONOMIST-E7A1B,SRC-COM-ECONOMICS-PATHWAY-B1ABE
Stream,STR-COM-FINANCIAL-DATA-AN-0EA90,SRC-COM-DATA-ANALYTICS-2-53883
Stream,STR-COM-FINTECH-ADVANCED-F6969,SRC-COM-FINTECH-ADVANCED-ECAB0
Stream,STR-COM-FINTECH-SPECIALIS-EC519,SRC-COM-FINTECH-2-D07F7
Stream,STR-COM-GLOBAL-FREELANCE-495EF,SRC-COM-GLOBAL-FREELANCE-F3251
Stream,STR-COM-INDUSTRY-OPERATIO-DCF99,SRC-COM-INDUSTRY-OPERATIO-E2D66
Stream,STR-COM-SPECIALIZED-ACCOU-9FEDB,SRC-COM-SPECIALIZED-ACCOU-CB6FB
Stream,STR-COM-STOCK-MARKET-ADVA-26A90,SRC-COM-STOCK-MARKET-ADVA-F4D2F
Stream,STR-COM-WEALTH-MANAGER-1932D,SRC-COM-WEALTH-MGMT-2-FFA8A
Stream,STR-HUM-ACADEMIC-EDITOR-8FE3E,SRC-HUM-CAREER-MASTER-129-99366
Stream,STR-HUM-ACQUISITION-EDITO-E5900,SRC-HUM-CAREER-MASTER-125-880CE
Stream,STR-HUM-ADVERTISING-COPYW-AB760,SRC-HUM-CAREER-MASTER-57-8D4F7
Stream,STR-HUM-AI-ASSISTED-EDITO-A6525,SRC-HUM-CAREER-MASTER-156-75B2B
Stream,STR-HUM-AI-DATASET-LANGUA-64E98,SRC-HUM-HUMANITIES-TECHNO-7337D
Stream,STR-HUM-AI-ETHICS-RESEARC-B2E92,SRC-HUM-CAREER-MASTER-114-78926
Stream,STR-HUM-AI-ETHICS-RESEARC-B2E92,SRC-HUM-HUMANITIES-TECHNO-D7720
Stream,STR-HUM-AI-TRAINING-CONTE-0533F,SRC-HUM-CAREER-MASTER-160-F1831
Stream,STR-HUM-ANTHOLOGY-CURATOR-818CA,SRC-HUM-CAREER-MASTER-146-00E3C
Stream,STR-HUM-ARCHAEOLOGIST-61BB2,SRC-HUM-CAREER-MASTER-13-AAC93
Stream,STR-HUM-ARCHIVE-EDITOR-EB0FD,SRC-HUM-CAREER-MASTER-147-A6F34
Stream,STR-HUM-ARCHIVIST-7B3C2,SRC-HUM-CAREER-MASTER-11-402FC
Stream,STR-HUM-ART-GALLERY-COORD-D5C46,SRC-HUM-CAREER-MASTER-81-CAB54
Stream,STR-HUM-ART-TEACHER-VISUA-751D0,SRC-HUM-CAREER-MASTER-64-843C8
Stream,STR-HUM-ART-THERAPIST-ASS-95302,SRC-HUM-CAREER-MASTER-66-C721A
Stream,STR-HUM-AUDIOBOOK-SCRIPT-ABA83,SRC-HUM-CAREER-MASTER-139-278F7
Stream,STR-HUM-BEHAVIOURAL-SCIEN-BE382,SRC-HUM-CAREER-MASTER-36-7A11A
Stream,STR-HUM-BIOETHICS-MEDICAL-20FED,SRC-HUM-CAREER-MASTER-44-6D2D1
Stream,STR-HUM-BLOG-WRITER-E519C,SRC-HUM-CAREER-MASTER-100-D0ED0
Stream,STR-HUM-BOOK-EDITOR-AAD54,SRC-HUM-CAREER-MASTER-122-17C17
Stream,STR-HUM-BOOK-EDITOR-AAD54,SRC-HUM-CAREER-MASTER-72-04542
Stream,STR-HUM-BOOK-METADATA-SPE-F0513,SRC-HUM-CAREER-MASTER-140-176B0
Stream,STR-HUM-BOOK-REVIEWER-8F54D,SRC-HUM-CAREER-MASTER-143-F0F04
Stream,STR-HUM-BROADCAST-JOURNAL-88D68,SRC-HUM-CAREER-MASTER-53-20780
Stream,STR-HUM-CAREER-COUNSELLOR-9BED9,SRC-HUM-CAREER-MASTER-50-C4E9A
Stream,STR-HUM-CHILDREN-S-LITERA-C5E5A,SRC-HUM-CAREER-MASTER-148-BD778
Stream,STR-HUM-CIVIL-SERVICES-IA-4F46C,SRC-HUM-CAREER-MASTER-17-D5B92
Stream,STR-HUM-CLASSICAL-MUSIC-P-F4940,SRC-HUM-CAREER-MASTER-60-80198
Stream,STR-HUM-CLINICAL-PSYCHOLO-69C83,SRC-HUM-CAREER-MASTER-29-B7371
Stream,STR-HUM-COLLEGE-PROFESSOR-E76DF,SRC-HUM-CAREER-MASTER-47-CF9C2
Stream,STR-HUM-COMMISSIONING-EDI-D8627,SRC-HUM-CAREER-MASTER-126-9DD95
Stream,STR-HUM-COMMUNITY-MANAGER-597D7,SRC-HUM-CAREER-MASTER-111-263B4
Stream,STR-HUM-CONSERVATION-DOCU-E3E61,SRC-HUM-CAREER-MASTER-16-68005
Stream,STR-HUM-CONTENT-CURATOR-E34F9,SRC-HUM-CAREER-MASTER-132-219F4
Stream,STR-HUM-CONTENT-MODERATOR-F65E1,SRC-HUM-CAREER-MASTER-71-44C8F
Stream,STR-HUM-CONVERSATIONAL-AI-15989,SRC-HUM-CAREER-MASTER-116-CBCA7
Stream,STR-HUM-CONVERSATIONAL-AI-15989,SRC-HUM-HUMANITIES-TECHNO-05B62
Stream,STR-HUM-COPY-EDITOR-107AE,SRC-HUM-CAREER-MASTER-123-6959C
Stream,STR-HUM-COUNSELLING-PSYCH-4CCBB,SRC-HUM-CAREER-MASTER-30-A9F19
Stream,STR-HUM-CREATIVE-WRITER-A-FC761,SRC-HUM-CAREER-MASTER-74-AF59F
Stream,STR-HUM-CSR-SOCIAL-IMPACT-2A279,SRC-HUM-CAREER-MASTER-28-8C8D5
Stream,STR-HUM-CULTURAL-AI-CONSU-D0D38,SRC-HUM-HUMANITIES-TECHNO-420BA
Stream,STR-HUM-CULTURAL-DOCUMENT-A72E9,SRC-HUM-CAREER-MASTER-155-B1DA2
Stream,STR-HUM-CULTURAL-ENTREPRE-40603,SRC-HUM-CAREER-MASTER-83-3AD72
Stream,STR-HUM-CULTURAL-PROGRAMM-E1870,SRC-HUM-CAREER-MASTER-79-CF577
Stream,STR-HUM-CURRICULUM-DEVELO-B86E5,SRC-HUM-CAREER-MASTER-48-27DEC
Stream,STR-HUM-DANCE-PERFORMER-C-BCB11,SRC-HUM-CAREER-MASTER-62-DE7AA
Stream,STR-HUM-DEVELOPMENT-SECTO-C20C8,SRC-HUM-CAREER-MASTER-25-74B48
Stream,STR-HUM-DIGITAL-ARCHIVE-S-710AF,SRC-HUM-HUMANITIES-TECHNO-AAA75
Stream,STR-HUM-DIGITAL-HUMANITIE-6B782,SRC-HUM-CAREER-MASTER-117-15767
Stream,STR-HUM-DIGITAL-HUMANITIE-6B782,SRC-HUM-HUMANITIES-TECHNO-7EC5E
Stream,STR-HUM-DIGITAL-MAGAZINE-5E9CE,SRC-HUM-CAREER-MASTER-136-350D3
Stream,STR-HUM-DISASTER-MANAGEME-89B79,SRC-HUM-CAREER-MASTER-41-F9C2D
Stream,STR-HUM-DOCUMENTARY-RESEA-33884,SRC-HUM-CAREER-MASTER-55-D78DB
Stream,STR-HUM-EBOOK-FORMATTER-7276A,SRC-HUM-CAREER-MASTER-138-EE168
Stream,STR-HUM-EDITORIAL-ASSISTA-DF50D,SRC-HUM-CAREER-MASTER-133-10FC5
Stream,STR-HUM-EDITORIAL-PROMPT-BEFA5,SRC-HUM-CAREER-MASTER-159-45D71
Stream,STR-HUM-EDUCATIONAL-CONTE-CACCC,SRC-HUM-CAREER-MASTER-49-580B0
Stream,STR-HUM-EDUCATIONAL-NOTES-2EC14,SRC-HUM-CAREER-MASTER-151-B7145
Stream,STR-HUM-ENGLISH-LANGUAGE-2CCF9,SRC-HUM-CAREER-MASTER-69-2001A
Stream,STR-HUM-ENGLISH-LITERATUR-3CDBE,SRC-HUM-CAREER-MASTER-2-24F64
Stream,STR-HUM-ENVIRONMENTAL-HUM-4329C,SRC-HUM-CAREER-MASTER-40-9E03D
Stream,STR-HUM-EPIGRAPHIST-NUMIS-B093F,SRC-HUM-CAREER-MASTER-14-109BB
Stream,STR-HUM-EPIGRAPHY-ASSISTA-C0732,SRC-HUM-CAREER-MASTER-120-1F0AC
Stream,STR-HUM-ETHICS-AI-POLICY-3AA9F,SRC-HUM-CAREER-MASTER-43-58812
Stream,STR-HUM-FACT-CHECKER-VERI-2F899,SRC-HUM-CAREER-MASTER-59-5242C
Stream,STR-HUM-FESTIVAL-CURATOR-20E01,SRC-HUM-CAREER-MASTER-80-88701
Stream,STR-HUM-FINE-ARTIST-A5B58,SRC-HUM-CAREER-MASTER-63-A0F6F
Stream,STR-HUM-FLUTE-ARTIST-ECAB1,SRC-HUM-CAREER-MASTER-86-E0BF7
Stream,STR-HUM-FOLK-CULTURE-RESE-95DCB,SRC-HUM-CAREER-MASTER-94-1F2DE
Stream,STR-HUM-FOREIGN-LANGUAGE-F731C,SRC-HUM-CAREER-MASTER-67-3846E
Stream,STR-HUM-FORENSIC-PSYCHOLO-D1B41,SRC-HUM-CAREER-MASTER-34-B823F
Stream,STR-HUM-GENDER-STUDIES-RE-E95C7,SRC-HUM-CAREER-MASTER-26-9F719
Stream,STR-HUM-GEOGRAPHER-GEOGRA-57928,SRC-HUM-CAREER-MASTER-37-96FCB
Stream,STR-HUM-GHOST-WRITER-5F02D,SRC-HUM-CAREER-MASTER-104-A8BA1
Stream,STR-HUM-GIS-ANALYST-HUMAN-5533B,SRC-HUM-CAREER-MASTER-38-94CDE
Stream,STR-HUM-GUITARIST-795AF,SRC-HUM-CAREER-MASTER-85-D4B9E
Stream,STR-HUM-HANDICRAFT-ENTREP-D4203,SRC-HUM-CAREER-MASTER-89-A6B59
Stream,STR-HUM-HERITAGE-WALK-CUL-46349,SRC-HUM-CAREER-MASTER-15-0107C
Stream,STR-HUM-HINDI-LANGUAGE-LI-3B2BD,SRC-HUM-CAREER-MASTER-4-6B26F
Stream,STR-HUM-HISTORIAN-HISTORY-2E808,SRC-HUM-CAREER-MASTER-10-D2139
Stream,STR-HUM-HUMAN-CONTENT-REV-2463F,SRC-HUM-CAREER-MASTER-157-D0EED
Stream,STR-HUM-HUMANITIES-COURSE-BD7E2,SRC-HUM-CAREER-MASTER-153-FFE9B
Stream,STR-HUM-IKS-RESEARCHER-065BB,SRC-HUM-CAREER-MASTER-92-B703C
Stream,STR-HUM-ILLUSTRATOR-CULTU-CF691,SRC-HUM-CAREER-MASTER-65-D658D
Stream,STR-HUM-INDEPENDENT-PUBLI-C0013,SRC-HUM-CAREER-MASTER-149-018E0
Stream,STR-HUM-INDEPENDENT-RESEA-809C9,SRC-HUM-CAREER-MASTER-84-C776A
Stream,STR-HUM-INTERNATIONAL-REL-71733,SRC-HUM-CAREER-MASTER-21-F0328
Stream,STR-HUM-INTERPRETER-D578C,SRC-HUM-CAREER-MASTER-107-EF3CE
Stream,STR-HUM-JAPANESE-KOREAN-L-EB0AA,SRC-HUM-CAREER-MASTER-68-E629A
Stream,STR-HUM-JOURNAL-EDITOR-6F4E8,SRC-HUM-CAREER-MASTER-130-096C6
Stream,STR-HUM-JOURNALIST-PRINT-ACA27,SRC-HUM-CAREER-MASTER-52-350D4
Stream,STR-HUM-KINDLE-PUBLISHER-2F0E8,SRC-HUM-CAREER-MASTER-134-66ACD
Stream,STR-HUM-KIRTANKAR-F39BF,SRC-HUM-CAREER-MASTER-88-22D30
Stream,STR-HUM-KNOWLEDGE-CURATOR-8D4EB,SRC-HUM-CAREER-MASTER-158-72BAD
Stream,STR-HUM-KNOWLEDGE-CURATOR-8D4EB,SRC-HUM-HUMANITIES-TECHNO-7C22E
Stream,STR-HUM-KNOWLEDGE-MANAGER-7DBAE,SRC-HUM-CAREER-MASTER-78-70E19
Stream,STR-HUM-LIFE-SKILLS-TRAIN-4E6C6,SRC-HUM-CAREER-MASTER-112-59014
Stream,STR-HUM-LINGUIST-LANGUAGE-177E7,SRC-HUM-CAREER-MASTER-6-2FBD7
Stream,STR-HUM-LITERARY-AGENT-PU-342EA,SRC-HUM-CAREER-MASTER-73-E7D34
Stream,STR-HUM-LITERARY-CRITIC-EBE76,SRC-HUM-CAREER-MASTER-142-FF69E
Stream,STR-HUM-LITERARY-MAGAZINE-02B5C,SRC-HUM-CAREER-MASTER-152-2AE96
Stream,STR-HUM-LITERARY-SCOUT-E314B,SRC-HUM-CAREER-MASTER-127-A91E7
Stream,STR-HUM-LITERARY-TRANSLAT-C66B9,SRC-HUM-CAREER-MASTER-106-BD1DE
Stream,STR-HUM-LOCALIZATION-QUAL-96A6A,SRC-HUM-CAREER-MASTER-70-A197F
Stream,STR-HUM-LOCALIZATION-SPEC-90FC8,SRC-HUM-CAREER-MASTER-109-6D196
Stream,STR-HUM-LOCALIZATION-SPEC-90FC8,SRC-HUM-HUMANITIES-TECHNO-ED3DB
Stream,STR-HUM-LONG-FORM-ESSAYIS-D16B8,SRC-HUM-CAREER-MASTER-101-F6C2E
Stream,STR-HUM-MADHUBANI-ARTIST-2F6C0,SRC-HUM-CAREER-MASTER-91-430B0
Stream,STR-HUM-MANAGING-EDITOR-13BE1,SRC-HUM-CAREER-MASTER-131-79A23
Stream,STR-HUM-MANUSCRIPT-EVALUA-905BE,SRC-HUM-CAREER-MASTER-145-9DBFA
Stream,STR-HUM-MANUSCRIPTOLOGIST-75964,SRC-HUM-CAREER-MASTER-96-A3E87
Stream,STR-HUM-MARATHI-REGIONAL-3DC77,SRC-HUM-CAREER-MASTER-3-CAC38
Stream,STR-HUM-MULTILINGUAL-DATA-E6FBF,SRC-HUM-CAREER-MASTER-161-5786D
Stream,STR-HUM-MUSEUM-CURATOR-E7B8D,SRC-HUM-CAREER-MASTER-12-70A33
Stream,STR-HUM-MUSEUM-EDUCATOR-92C20,SRC-HUM-CAREER-MASTER-95-10FAF
Stream,STR-HUM-NARRATIVE-UX-WRIT-F7028,SRC-HUM-CAREER-MASTER-118-B076D
Stream,STR-HUM-NARRATIVE-UX-WRIT-F7028,SRC-HUM-HUMANITIES-TECHNO-D0BA8
Stream,STR-HUM-NEWSLETTER-PUBLIS-EDCCE,SRC-HUM-CAREER-MASTER-137-2EFC7
Stream,STR-HUM-OPINION-COLUMNIST-34529,SRC-HUM-CAREER-MASTER-102-17549
Stream,STR-HUM-ORAL-HISTORY-DOCU-A4571,SRC-HUM-CAREER-MASTER-82-E4AF0
Stream,STR-HUM-ORAL-TRADITION-AR-74D04,SRC-HUM-CAREER-MASTER-119-E8F57
Stream,STR-HUM-ORGANIZATIONAL-PS-8D423,SRC-HUM-CAREER-MASTER-32-B00B2
Stream,STR-HUM-PHILOSOPHY-PROFES-6D46A,SRC-HUM-CAREER-MASTER-42-47380
Stream,STR-HUM-POD-PUBLISHING-CO-4CC04,SRC-HUM-CAREER-MASTER-135-FE722
Stream,STR-HUM-PODCAST-CREATOR-A2726,SRC-HUM-CAREER-MASTER-97-F19BD
Stream,STR-HUM-PODCAST-PRODUCER-54220,SRC-HUM-CAREER-MASTER-54-8C36A
Stream,STR-HUM-PODCAST-STORYTELL-09871,SRC-HUM-CAREER-MASTER-103-CC2AA
Stream,STR-HUM-POLITICAL-ANALYST-B725F,SRC-HUM-CAREER-MASTER-19-0B12C
Stream,STR-HUM-POWADA-SHAHIRI-AR-14ADB,SRC-HUM-CAREER-MASTER-87-E33A0
Stream,STR-HUM-PROMPT-DESIGNER-5A3AD,SRC-HUM-CAREER-MASTER-115-7552E
Stream,STR-HUM-PROMPT-DESIGNER-5A3AD,SRC-HUM-HUMANITIES-TECHNO-D39F6
Stream,STR-HUM-PROMPT-WRITER-AI-A77BA,SRC-HUM-CAREER-MASTER-77-D02BF
Stream,STR-HUM-PROOFREADER-2F3F1,SRC-HUM-CAREER-MASTER-124-7DE43
Stream,STR-HUM-PSYCHOMETRIC-TEST-0EF56,SRC-HUM-CAREER-MASTER-35-51D96
Stream,STR-HUM-PUBLIC-ADMINISTRA-E4C3D,SRC-HUM-CAREER-MASTER-22-617DD
Stream,STR-HUM-PUBLIC-ENGAGEMENT-7ED09,SRC-HUM-CAREER-MASTER-113-CEB95
Stream,STR-HUM-PUBLIC-POLICY-RES-97B94,SRC-HUM-CAREER-MASTER-20-8B3E3
Stream,STR-HUM-PUBLIC-RELATIONS-88FD4,SRC-HUM-CAREER-MASTER-56-16B59
Stream,STR-HUM-PUBLISHING-COORDI-9C887,SRC-HUM-CAREER-MASTER-128-5C41E
Stream,STR-HUM-PUBLISHING-PLATFO-87F9E,SRC-HUM-CAREER-MASTER-141-E0C7E
Stream,STR-HUM-REGIONAL-LANGUAGE-D3629,SRC-HUM-CAREER-MASTER-150-DCDB0
Stream,STR-HUM-RELIGIOUS-STUDIES-F278A,SRC-HUM-CAREER-MASTER-45-1D0BD
Stream,STR-HUM-RESEARCH-DIGEST-C-EF386,SRC-HUM-CAREER-MASTER-154-B65DA
Stream,STR-HUM-RURAL-DEVELOPMENT-4F741,SRC-HUM-CAREER-MASTER-27-64172
Stream,STR-HUM-SANSKRIT-STUDIES-F1792,SRC-HUM-CAREER-MASTER-5-06988
Stream,STR-HUM-SCHOOL-PSYCHOLOGI-76A23,SRC-HUM-CAREER-MASTER-31-A540D
Stream,STR-HUM-SCHOOL-TEACHER-AR-EB20C,SRC-HUM-CAREER-MASTER-46-A3A86
Stream,STR-HUM-SCRIPT-WRITER-A45D8,SRC-HUM-CAREER-MASTER-99-D6F78
Stream,STR-HUM-SCRIPTWRITER-FILM-4EED0,SRC-HUM-CAREER-MASTER-75-D10C6
Stream,STR-HUM-SENSITIVITY-READE-45521,SRC-HUM-CAREER-MASTER-144-D5730
Stream,STR-HUM-SOCIAL-MEDIA-CONT-7CB12,SRC-HUM-CAREER-MASTER-58-427D1
Stream,STR-HUM-SOCIAL-WORKER-MSW-4A0DA,SRC-HUM-CAREER-MASTER-24-5EE8F
Stream,STR-HUM-SOCIOLOGIST-SOCIO-6B5A2,SRC-HUM-CAREER-MASTER-23-20325
Stream,STR-HUM-SPECIAL-EDUCATOR-3054A,SRC-HUM-CAREER-MASTER-51-FCFB2
Stream,STR-HUM-SPORTS-PSYCHOLOGI-B758A,SRC-HUM-CAREER-MASTER-33-DC7A3
Stream,STR-HUM-STATE-CIVIL-SERVI-83788,SRC-HUM-CAREER-MASTER-18-12B60
Stream,STR-HUM-STUDENT-SUCCESS-M-E872F,SRC-HUM-CAREER-MASTER-110-60C40
Stream,STR-HUM-SUBTITLING-DUBBIN-30B67,SRC-HUM-CAREER-MASTER-8-2B307
Stream,STR-HUM-SUBTITLING-SPECIA-2B0F8,SRC-HUM-CAREER-MASTER-108-2085E
Stream,STR-HUM-TECHNICAL-DOCUMEN-E7C30,SRC-HUM-CAREER-MASTER-9-4B35C
Stream,STR-HUM-TEMPLE-HERITAGE-I-372D4,SRC-HUM-CAREER-MASTER-121-15515
Stream,STR-HUM-THEATRE-ARTIST-AC-F7BD6,SRC-HUM-CAREER-MASTER-61-9BD4C
Stream,STR-HUM-TRANSLATOR-7E127,SRC-HUM-CAREER-MASTER-105-686F2
Stream,STR-HUM-TRANSLATOR-INTERP-64E53,SRC-HUM-CAREER-MASTER-7-FDBB8
Stream,STR-HUM-URBAN-STUDIES-RES-1455B,SRC-HUM-CAREER-MASTER-39-EB1E6
Stream,STR-HUM-UX-WRITER-CONTENT-4A999,SRC-HUM-CAREER-MASTER-76-1A2CD
Stream,STR-HUM-VEDIC-STUDIES-SCH-EA4A8,SRC-HUM-CAREER-MASTER-93-FA018
Stream,STR-HUM-WARLI-ART-SPECIAL-5FA3B,SRC-HUM-CAREER-MASTER-90-44126
Stream,STR-HUM-YOUTUBE-EDUCATOR-688EF,SRC-HUM-CAREER-MASTER-98-7F9B9
Stream,STR-INTD-ACCESSIBILITY-IN-22CE1,SRC-INTD-SPECIALIZED-RARE-D09AB
Stream,STR-INTD-ADIVASI-LITERATU-2D551,SRC-INTD-COMMUNITY-TRIBAL-5D16A
Stream,STR-INTD-AGRI-MARKET-INTE-30CC5,SRC-INTD-INTERDISCIPLINAR-AEAE7
Stream,STR-INTD-AGRI-TECH-BUSINE-B007A,SRC-INTD-AGRICULTURE-SUST-8F979
Stream,STR-INTD-AGRI-TECH-BUSINE-B007A,SRC-INTD-CAREER-MASTER-18-4A776
Stream,STR-INTD-AI-ASSISTED-MEDI-444EE,SRC-INTD-MEDIA-COMMUNICAT-FEBB3
Stream,STR-INTD-AI-CONTENT-KNOWL-06A6C,SRC-INTD-HUMANITIES-TECHN-81CAB
Stream,STR-INTD-AI-ETHICS-GOVERN-9CCAD,SRC-INTD-CAREER-MASTER-6-5526B
Stream,STR-INTD-AI-GOVERNANCE-AN-E6D78,SRC-INTD-LAW-TECHNOLOGY-G-EB6B7
Stream,STR-INTD-ARCHAEOLOGY-DIGI-1672A,SRC-INTD-SPECIALIZED-RARE-5DE5B
Stream,STR-INTD-ARCHIVAL-STUDIES-438E7,SRC-INTD-SPECIALIZED-RARE-6D6C1
Stream,STR-INTD-AREA-STUDIES-REG-63AA9,SRC-INTD-SPECIALIZED-RARE-D3B33
Stream,STR-INTD-ASSISTIVE-TECHNO-40101,SRC-INTD-COMMUNITY-TRIBAL-805C8
Stream,STR-INTD-BAMBOO-LAC-MINOR-EF20E,SRC-INTD-COMMUNITY-TRIBAL-7FBEF
Stream,STR-INTD-BEHAVIOURAL-ECON-E9131,SRC-INTD-CAREER-MASTER-12-24606
Stream,STR-INTD-BEHAVIOURAL-ECON-E9131,SRC-INTD-PSYCHOLOGY-BUSIN-2D6B6
Stream,STR-INTD-BIOENTREPRENEURS-DF891,SRC-INTD-EMERGING-FRONTIE-EF734
Stream,STR-INTD-BIOETHICS-47F40,SRC-INTD-SPECIALIZED-RARE-6A582
Stream,STR-INTD-BIOINFORMATICS-S-7F57D,SRC-INTD-CAREER-MASTER-3-BE883
Stream,STR-INTD-BLOCKCHAIN-COMPL-20BC0,SRC-INTD-COMMERCE-ANALYTI-96327
Stream,STR-INTD-BORDERLAND-STUDI-27EA5,SRC-INTD-SPECIALIZED-RARE-564D9
Stream,STR-INTD-BUDDHIST-STUDIES-27600,SRC-INTD-SPECIALIZED-RARE-93F19
Stream,STR-INTD-CIRCULAR-ECONOMY-D8DEF,SRC-INTD-AGRICULTURE-SUST-18B09
Stream,STR-INTD-CIRCULAR-ECONOMY-D8DEF,SRC-INTD-CAREER-MASTER-36-B1F3F
Stream,STR-INTD-CLIMATE-ADAPTATI-C32E2,SRC-INTD-EMERGING-FRONTIE-B4E45
Stream,STR-INTD-CLIMATE-FINANCE-6D2EB,SRC-INTD-CAREER-MASTER-16-4FBBA
Stream,STR-INTD-CLIMATE-FINANCE-6D2EB,SRC-INTD-COMMERCE-ANALYTI-A5A37
Stream,STR-INTD-CLIMATE-HUMANITI-4364A,SRC-INTD-SPECIALIZED-RARE-DB437
Stream,STR-INTD-COGNITIVE-SCIENC-681E2,SRC-INTD-SPECIALIZED-RARE-94069
Stream,STR-INTD-COMMUNITY-BIO-CU-7252E,SRC-INTD-COMMUNITY-TRIBAL-A6D9B
Stream,STR-INTD-COMMUNITY-CLIMAT-15EB9,SRC-INTD-COMMUNITY-TRIBAL-8B6DD
Stream,STR-INTD-COMMUNITY-DATA-I-11BFC,SRC-INTD-COMMUNITY-TRIBAL-FE1EB
Stream,STR-INTD-COMMUNITY-HEALTH-FE968,SRC-INTD-COMMUNITY-TRIBAL-673C7
Stream,STR-INTD-COMMUNITY-MEDIA-76254,SRC-INTD-COMMUNITY-TRIBAL-8C220
Stream,STR-INTD-COMMUNITY-MENTAL-46923,SRC-INTD-COMMUNITY-TRIBAL-FADC5
Stream,STR-INTD-COMMUNITY-NUTRIT-8C1C0,SRC-INTD-COMMUNITY-TRIBAL-1EA61
Stream,STR-INTD-COMPARATIVE-RELI-2EAE0,SRC-INTD-SPECIALIZED-RARE-7FF5B
Stream,STR-INTD-COMPUTATIONAL-LI-5769A,SRC-INTD-SPECIALIZED-RARE-F370C
Stream,STR-INTD-COMPUTATIONAL-LI-75E92,SRC-INTD-HUMANITIES-TECHN-F36DE
Stream,STR-INTD-COMPUTATIONAL-LI-EEE1E,SRC-INTD-CAREER-MASTER-11-54838
Stream,STR-INTD-COMPUTATIONAL-SO-043A8,SRC-INTD-CAREER-MASTER-37-540BB
Stream,STR-INTD-CREATOR-ECONOMY-53EB9,SRC-INTD-MEDIA-COMMUNICAT-7C34A
Stream,STR-INTD-CULTURAL-ANALYTI-274FB,SRC-INTD-HUMANITIES-TECHN-71416
Stream,STR-INTD-CULTURAL-ANALYTI-E1877,SRC-INTD-SPECIALIZED-RARE-B24CA
Stream,STR-INTD-CYBER-LAW-SPECIA-18356,SRC-INTD-LAW-TECHNOLOGY-G-D54B7
Stream,STR-INTD-CYBER-POLICY-DIG-5D80B,SRC-INTD-CAREER-MASTER-7-9419C
Stream,STR-INTD-DATA-FOR-GOVERNA-F0336,SRC-INTD-PUBLIC-POLICY-EC-F6D17
Stream,STR-INTD-DATA-JOURNALISM-824A5,SRC-INTD-CAREER-MASTER-27-8255E
Stream,STR-INTD-DATA-JOURNALIST-2F2DD,SRC-INTD-MEDIA-COMMUNICAT-C59BC
Stream,STR-INTD-DATA-PRIVACY-COM-68261,SRC-INTD-INTERDISCIPLINAR-32083
Stream,STR-INTD-DATA-PRIVACY-OFF-E8FA0,SRC-INTD-LAW-TECHNOLOGY-G-1D712
Stream,STR-INTD-DEVELOPMENT-COMM-1D561,SRC-INTD-CAREER-MASTER-9-F9A49
Stream,STR-INTD-DEVELOPMENT-COMM-1D561,SRC-INTD-MEDIA-COMMUNICAT-947CB
Stream,STR-INTD-DEVELOPMENT-PROG-E60A1,SRC-INTD-PUBLIC-POLICY-EC-9611B
Stream,STR-INTD-DEVELOPMENT-STUD-A9172,SRC-INTD-SPECIALIZED-RARE-BB344
Stream,STR-INTD-DIGITAL-ANTHROPO-E5DC4,SRC-INTD-SPECIALIZED-RARE-43196
Stream,STR-INTD-DIGITAL-ARCHIVE-77A96,SRC-INTD-INTERDISCIPLINAR-A1451
Stream,STR-INTD-DIGITAL-HEALTH-P-9884D,SRC-INTD-HEALTHCARE-ANALY-A8D54
Stream,STR-INTD-DIGITAL-HUMANITI-6697C,SRC-INTD-CAREER-MASTER-10-74120
Stream,STR-INTD-DIGITAL-HUMANITI-6697C,SRC-INTD-HUMANITIES-TECHN-4C875
Stream,STR-INTD-DIGITAL-HUMANITI-DD036,SRC-INTD-SPECIALIZED-RARE-E4969
Stream,STR-INTD-DIGITAL-PUBLIC-I-240E1,SRC-INTD-EMERGING-FRONTIE-7EE0A
Stream,STR-INTD-DISABILITY-STUDI-B315F,SRC-INTD-COMMUNITY-TRIBAL-C77AE
Stream,STR-INTD-DISABILITY-STUDI-F41BD,SRC-INTD-SPECIALIZED-RARE-7BFEF
Stream,STR-INTD-ECOLOGICAL-ECONO-0699D,SRC-INTD-SPECIALIZED-RARE-13F15
Stream,STR-INTD-EDUCATION-TECHNO-C89A9,SRC-INTD-SPECIALIZED-RARE-870DE
Stream,STR-INTD-EDUCATIONAL-DATA-515AC,SRC-INTD-CAREER-MASTER-40-44709
Stream,STR-INTD-EDUCATIONAL-TECH-16758,SRC-INTD-CAREER-MASTER-25-75B23
Stream,STR-INTD-EDUCATIONAL-TECH-86929,SRC-INTD-INTERDISCIPLINAR-D2E66
Stream,STR-INTD-ENVIRONMENTAL-JU-D0B69,SRC-INTD-COMMUNITY-TRIBAL-31AA3
Stream,STR-INTD-ESG-SUSTAINABILI-97845,SRC-INTD-CAREER-MASTER-17-E847E
Stream,STR-INTD-ESG-SUSTAINABILI-DD113,SRC-INTD-INTERDISCIPLINAR-F7713
Stream,STR-INTD-ETHICS-PUBLIC-LI-7D6A9,SRC-INTD-SPECIALIZED-RARE-A58AB
Stream,STR-INTD-ETHNOBOTANY-INDI-92169,SRC-INTD-COMMUNITY-TRIBAL-F7D9E
Stream,STR-INTD-FASHION-BUSINESS-1DBAE,SRC-INTD-DESIGN-BUSINESS-F2FC3
Stream,STR-INTD-FASHION-TECHNOLO-74732,SRC-INTD-CAREER-MASTER-32-F8212
Stream,STR-INTD-FILM-MEDIA-BUSIN-B3F98,SRC-INTD-CAREER-MASTER-33-F92C9
Stream,STR-INTD-FILM-STUDIES-CIN-8302E,SRC-INTD-SPECIALIZED-RARE-7D6DB
Stream,STR-INTD-FINANCIAL-ANALYT-54A38,SRC-INTD-INTERDISCIPLINAR-03FC9
Stream,STR-INTD-FINANCIAL-ANALYT-E6977,SRC-INTD-CAREER-MASTER-15-458F6
Stream,STR-INTD-FINANCIAL-ANALYT-E6977,SRC-INTD-COMMERCE-ANALYTI-AA84B
Stream,STR-INTD-FINTECH-PRODUCT-64486,SRC-INTD-CAREER-MASTER-14-59FE9
Stream,STR-INTD-FINTECH-PRODUCT-64486,SRC-INTD-COMMERCE-ANALYTI-6B369
Stream,STR-INTD-FOLK-CULTURE-STU-77AF5,SRC-INTD-SPECIALIZED-RARE-08EE8
Stream,STR-INTD-FOOD-STUDIES-FOO-0278B,SRC-INTD-SPECIALIZED-RARE-7B37F
Stream,STR-INTD-FOOD-SUPPLY-CHAI-D0CF6,SRC-INTD-AGRICULTURE-SUST-E4A38
Stream,STR-INTD-FOOD-TECHNOLOGY-02816,SRC-INTD-CAREER-MASTER-19-DB325
Stream,STR-INTD-FOREST-PRODUCE-N-0966A,SRC-INTD-COMMUNITY-TRIBAL-6366B
Stream,STR-INTD-FOREST-RIGHTS-CO-BBFA5,SRC-INTD-COMMUNITY-TRIBAL-546E8
Stream,STR-INTD-GAME-STUDIES-INT-7B52E,SRC-INTD-SPECIALIZED-RARE-9699B
Stream,STR-INTD-GENDER-SEXUALITY-6976F,SRC-INTD-SPECIALIZED-RARE-2BC1C
Stream,STR-INTD-GENDER-STUDIES-CA8F8,SRC-INTD-SPECIALIZED-RARE-6F26B
Stream,STR-INTD-GENDER-TRIBAL-WO-A5BD7,SRC-INTD-COMMUNITY-TRIBAL-14758
Stream,STR-INTD-GEOAI-ANALYST-642FA,SRC-INTD-EMERGING-FRONTIE-D4049
Stream,STR-INTD-GEOAI-GEOSPATIAL-70952,SRC-INTD-CAREER-MASTER-20-3DF81
Stream,STR-INTD-GONDWANA-REGION-515D7,SRC-INTD-COMMUNITY-TRIBAL-B1564
Stream,STR-INTD-HANDLOOM-HANDICR-0D035,SRC-INTD-COMMUNITY-TRIBAL-6DDFA
Stream,STR-INTD-HEALTH-DATA-DASH-4E7E3,SRC-INTD-INTERDISCIPLINAR-85260
Stream,STR-INTD-HEALTH-INFORMATI-0F866,SRC-INTD-CAREER-MASTER-4-56B16
Stream,STR-INTD-HEALTH-INFORMATI-0F866,SRC-INTD-HEALTHCARE-ANALY-DDD2A
Stream,STR-INTD-HERITAGE-EXPERIE-3CF45,SRC-INTD-INTERDISCIPLINAR-2BCDB
Stream,STR-INTD-HERITAGE-EXPERIE-EE13D,SRC-INTD-HUMANITIES-TECHN-F884C
Stream,STR-INTD-HERITAGE-STUDIES-F5EBD,SRC-INTD-SPECIALIZED-RARE-083E5
Stream,STR-INTD-HIMALAYAN-STUDIE-F78FB,SRC-INTD-SPECIALIZED-RARE-AB7F5
Stream,STR-INTD-HOSPITAL-ANALYTI-C441F,SRC-INTD-HEALTHCARE-ANALY-B9E89
Stream,STR-INTD-HUMAN-AI-COLLABO-59B2A,SRC-INTD-EMERGING-FRONTIE-24C75
Stream,STR-INTD-HUMAN-AI-INTERAC-22708,SRC-INTD-PSYCHOLOGY-BUSIN-35B2B
Stream,STR-INTD-HUMAN-COMPUTER-I-BC1E8,SRC-INTD-SPECIALIZED-RARE-520E2
Stream,STR-INTD-HUMAN-FACTORS-ER-DA92F,SRC-INTD-CAREER-MASTER-34-5C81F
Stream,STR-INTD-HUMAN-RIGHTS-STU-DA7C2,SRC-INTD-SPECIALIZED-RARE-5356E
Stream,STR-INTD-INCLUSIVE-EDUCAT-64D6B,SRC-INTD-COMMUNITY-TRIBAL-52986
Stream,STR-INTD-INCLUSIVE-URBAN-8E057,SRC-INTD-COMMUNITY-TRIBAL-32AE2
Stream,STR-INTD-INDIC-KNOWLEDGE-47EC6,SRC-INTD-SPECIALIZED-RARE-7F847
Stream,STR-INTD-INDIGENOUS-AGRIC-076CB,SRC-INTD-COMMUNITY-TRIBAL-B59F0
Stream,STR-INTD-INDIGENOUS-FOOD-2336B,SRC-INTD-COMMUNITY-TRIBAL-BFC9F
Stream,STR-INTD-INDIGENOUS-KNOWL-63C06,SRC-INTD-COMMUNITY-TRIBAL-D5FAD
Stream,STR-INTD-KNOWLEDGE-CULTUR-17CAA,SRC-INTD-SPECIALIZED-RARE-00D68
Stream,STR-INTD-LEGAL-ANTHROPOLO-F2162,SRC-INTD-SPECIALIZED-RARE-D4AD2
Stream,STR-INTD-LEGAL-DATA-ANALY-3375F,SRC-INTD-CAREER-MASTER-39-1CAC8
Stream,STR-INTD-LEGAL-DESIGN-CON-95FDF,SRC-INTD-CAREER-MASTER-26-E5D09
Stream,STR-INTD-LEGAL-DESIGN-CON-95FDF,SRC-INTD-DESIGN-BUSINESS-17949
Stream,STR-INTD-LEGAL-TECH-PRODU-90ECB,SRC-INTD-LAW-TECHNOLOGY-G-1997C
Stream,STR-INTD-LIBRARY-INFORMAT-3B3B2,SRC-INTD-SPECIALIZED-RARE-DA96F
Stream,STR-INTD-LIVELIHOOD-MISSI-C28BC,SRC-INTD-COMMUNITY-TRIBAL-9FFB1
Stream,STR-INTD-MARITIME-STUDIES-3F83E,SRC-INTD-SPECIALIZED-RARE-A6A67
Stream,STR-INTD-MASCULINITY-STUD-9E4F5,SRC-INTD-SPECIALIZED-RARE-F7824
Stream,STR-INTD-MEDIA-CULTURAL-S-24523,SRC-INTD-SPECIALIZED-RARE-9EE79
Stream,STR-INTD-MEDICAL-HUMANITI-608E4,SRC-INTD-SPECIALIZED-RARE-523C6
Stream,STR-INTD-MEDTECH-OPERATIO-E268B,SRC-INTD-CAREER-MASTER-22-49502
Stream,STR-INTD-MICROFINANCE-FIN-6A34B,SRC-INTD-COMMUNITY-TRIBAL-DEE83
Stream,STR-INTD-MIGRATION-DIASPO-095AB,SRC-INTD-SPECIALIZED-RARE-E55DF
Stream,STR-INTD-MIGRATION-LABOUR-877D6,SRC-INTD-COMMUNITY-TRIBAL-92D6E
Stream,STR-INTD-MUSEUM-HERITAGE-17A28,SRC-INTD-CAREER-MASTER-24-057E6
Stream,STR-INTD-MUSEUM-STUDIES-M-EC1A0,SRC-INTD-SPECIALIZED-RARE-6F074
Stream,STR-INTD-NEUROMARKETING-A-841A7,SRC-INTD-PSYCHOLOGY-BUSIN-C4132
Stream,STR-INTD-NEUROMARKETING-R-A4A26,SRC-INTD-CAREER-MASTER-13-385ED
Stream,STR-INTD-NO-CODE-BUSINESS-5EE59,SRC-INTD-DESIGN-BUSINESS-6296B
Stream,STR-INTD-PARTICIPATORY-RU-A7478,SRC-INTD-COMMUNITY-TRIBAL-70DF0
Stream,STR-INTD-PEACE-CONFLICT-S-3FECB,SRC-INTD-SPECIALIZED-RARE-3274F
Stream,STR-INTD-PEOPLE-ANALYTICS-6FABB,SRC-INTD-PSYCHOLOGY-BUSIN-E4A37
Stream,STR-INTD-PERFORMANCE-STUD-32D77,SRC-INTD-SPECIALIZED-RARE-D1797
Stream,STR-INTD-PESA-PANCHAYAT-L-01E5E,SRC-INTD-COMMUNITY-TRIBAL-76BA6
Stream,STR-INTD-PHARMA-MANAGEMEN-7B4D9,SRC-INTD-CAREER-MASTER-31-7AF4C
Stream,STR-INTD-PHARMA-MARKET-AC-7E865,SRC-INTD-HEALTHCARE-ANALY-6E697
Stream,STR-INTD-PHILOSOPHY-POLIT-8B9DF,SRC-INTD-SPECIALIZED-RARE-68D68
Stream,STR-INTD-POLICY-ANALYST-F471F,SRC-INTD-PUBLIC-POLICY-EC-7E603
Stream,STR-INTD-POLICY-RESEARCH-9347F,SRC-INTD-INTERDISCIPLINAR-F321C
Stream,STR-INTD-PRECISION-FARMIN-28EB3,SRC-INTD-AGRICULTURE-SUST-10F0A
Stream,STR-INTD-PRODUCT-EXPERIEN-B30E0,SRC-INTD-DESIGN-BUSINESS-08635
Stream,STR-INTD-PUBLIC-HEALTH-DA-21BC7,SRC-INTD-HEALTHCARE-ANALY-F853F
Stream,STR-INTD-PUBLIC-POLICY-AN-042DD,SRC-INTD-CAREER-MASTER-8-EE27D
Stream,STR-INTD-REGTECH-ANALYST-BCF9F,SRC-INTD-LAW-TECHNOLOGY-G-E678D
Stream,STR-INTD-RISK-ANALYTICS-A-17718,SRC-INTD-COMMERCE-ANALYTI-AB3D5
Stream,STR-INTD-RURAL-DIGITAL-IN-DD1DA,SRC-INTD-COMMUNITY-TRIBAL-92868
Stream,STR-INTD-RURAL-INNOVATION-68A97,SRC-INTD-CAREER-MASTER-30-6EB12
Stream,STR-INTD-RURAL-INNOVATION-A97E1,SRC-INTD-INTERDISCIPLINAR-32E22
Stream,STR-INTD-RURAL-WATER-SANI-0E758,SRC-INTD-COMMUNITY-TRIBAL-40D3E
Stream,STR-INTD-SANSKRIT-COMPUTA-61220,SRC-INTD-SPECIALIZED-RARE-00253
Stream,STR-INTD-SCIENCE-COMMUNIC-42381,SRC-INTD-INTERDISCIPLINAR-15560
Stream,STR-INTD-SCIENCE-COMMUNIC-52D95,SRC-INTD-CAREER-MASTER-23-8DACF
Stream,STR-INTD-SCIENCE-COMMUNIC-52D95,SRC-INTD-MEDIA-COMMUNICAT-4E400
Stream,STR-INTD-SCIENCE-TECHNOLO-7ACCC,SRC-INTD-SPECIALIZED-RARE-9630A
Stream,STR-INTD-SERVICE-DESIGNER-109A6,SRC-INTD-DESIGN-BUSINESS-193B0
Stream,STR-INTD-SOCIAL-EXCLUSION-343B4,SRC-INTD-COMMUNITY-TRIBAL-AB611
Stream,STR-INTD-SOCIAL-EXCLUSION-74ACF,SRC-INTD-SPECIALIZED-RARE-EB4E2
Stream,STR-INTD-SOCIAL-IMPACT-ME-016F6,SRC-INTD-CAREER-MASTER-29-675E4
Stream,STR-INTD-SOCIAL-IMPACT-ME-016F6,SRC-INTD-PUBLIC-POLICY-EC-977E9
Stream,STR-INTD-SPACE-POLICY-BUS-F391A,SRC-INTD-CAREER-MASTER-38-04B9B
Stream,STR-INTD-SPACE-POLICY-BUS-F391A,SRC-INTD-EMERGING-FRONTIE-63428
Stream,STR-INTD-SPACE-POLICY-SPA-1BFF3,SRC-INTD-SPECIALIZED-RARE-875E3
Stream,STR-INTD-SPORTS-ANALYTICS-7CADD,SRC-INTD-CAREER-MASTER-28-7ED33
Stream,STR-INTD-TRANSLATION-STUD-C3CE2,SRC-INTD-SPECIALIZED-RARE-E275D
Stream,STR-INTD-TRIBAL-ART-PERFO-77909,SRC-INTD-COMMUNITY-TRIBAL-962F8
Stream,STR-INTD-TRIBAL-ENTREPREN-F39B2,SRC-INTD-COMMUNITY-TRIBAL-18BF5
Stream,STR-INTD-TRIBAL-HIGHER-ED-A5CA0,SRC-INTD-COMMUNITY-TRIBAL-44AE1
Stream,STR-INTD-TRIBAL-LANGUAGE-5ECAB,SRC-INTD-COMMUNITY-TRIBAL-05CF4
Stream,STR-INTD-TRIBAL-LEGAL-AID-ACB70,SRC-INTD-COMMUNITY-TRIBAL-2DA63
Stream,STR-INTD-TRIBAL-MUSEUM-HE-05233,SRC-INTD-COMMUNITY-TRIBAL-36815
Stream,STR-INTD-TRIBAL-STUDIES-I-9C9C3,SRC-INTD-SPECIALIZED-RARE-6AD5E
Stream,STR-INTD-TRIBAL-STUDIES-I-C6E5A,SRC-INTD-COMMUNITY-TRIBAL-C1B8A
Stream,STR-INTD-TRIBAL-TOURISM-E-D9633,SRC-INTD-COMMUNITY-TRIBAL-4B91B
Stream,STR-INTD-URBAN-GOVERNANCE-0F88C,SRC-INTD-PUBLIC-POLICY-EC-1A81C
Stream,STR-INTD-URBAN-PLANNER-SM-A0182,SRC-INTD-CAREER-MASTER-21-AD84A
Stream,STR-INTD-URBAN-STUDIES-UR-F56A7,SRC-INTD-SPECIALIZED-RARE-5FA01
Stream,STR-INTD-UX-RESEARCH-CONS-A898E,SRC-INTD-INTERDISCIPLINAR-FBAB9
Stream,STR-INTD-UX-RESEARCHER-E5F06,SRC-INTD-CAREER-MASTER-5-D82AE
Stream,STR-INTD-UX-RESEARCHER-E5F06,SRC-INTD-PSYCHOLOGY-BUSIN-9BA81
Stream,STR-INTD-VISUAL-CULTURE-S-348F2,SRC-INTD-SPECIALIZED-RARE-CCB71
Stream,STR-INTD-WATER-POLICY-WAT-53B29,SRC-INTD-SPECIALIZED-RARE-B5FD1
Stream,STR-INTD-WATER-RESOURCE-M-890AF,SRC-INTD-AGRICULTURE-SUST-C476B
Stream,STR-INTD-WATER-RESOURCE-M-B7C26,SRC-INTD-CAREER-MASTER-35-A7913
Stream,STR-INTD-WOMEN-S-STUDIES-3EE8B,SRC-INTD-SPECIALIZED-RARE-BF233
Stream,STR-LAW-ADVOCATE-LITIGATO-551E4,SRC-LAW-CAREER-MASTER-3-A9AF2
Stream,STR-LAW-AI-COURTROOM-INTE-8B93B,SRC-LAW-EMERGING-NICHE-IN-63974
Stream,STR-LAW-AI-ETHICS-AUDITOR-4A84F,SRC-LAW-EMERGING-NICHE-IN-C559B
Stream,STR-LAW-AI-GOVERNANCE-AI-EA39D,SRC-LAW-CAREER-MASTER-17-4DFF8
Stream,STR-LAW-AI-GOVERNANCE-DOC-D1D81,SRC-LAW-LAW-DIGITAL-ECONO-123AF
Stream,STR-LAW-ALGORITHM-ACCOUNT-9B0EF,SRC-LAW-EMERGING-NICHE-IN-10E23
Stream,STR-LAW-ALTERNATIVE-LEGAL-CDDD2,SRC-LAW-CAREER-MASTER-86-3049A
Stream,STR-LAW-ARBITRATION-COUNS-E82ED,SRC-LAW-CAREER-MASTER-10-2F228
Stream,STR-LAW-ART-ANTIQUITIES-D-728F2,SRC-LAW-EMERGING-NICHE-IN-639E2
Stream,STR-LAW-AUTONOMOUS-VEHICL-3812E,SRC-LAW-EMERGING-NICHE-IN-7396A
Stream,STR-LAW-AVIATION-LAWYER-89304,SRC-LAW-CAREER-MASTER-81-4442D
Stream,STR-LAW-BANKING-FINANCE-L-C649D,SRC-LAW-CAREER-MASTER-39-7B981
Stream,STR-LAW-BIOETHICS-MEDICAL-5659B,SRC-LAW-EMERGING-NICHE-IN-3F5CC
Stream,STR-LAW-CHILD-ONLINE-SAFE-FA490,SRC-LAW-EMERGING-NICHE-IN-69FB7
Stream,STR-LAW-CHILD-RIGHTS-SUPP-B906E,SRC-LAW-LAW-COUNSELLING-4-9B3DF
Stream,STR-LAW-CIVIL-SERVICES-WI-D47F7,SRC-LAW-CAREER-MASTER-37-0AE0D
Stream,STR-LAW-CLAT-MENTOR-CCC87,SRC-LAW-LAW-EDUCATION-2-61793
Stream,STR-LAW-COMMUNITY-LEGAL-L-7C4EE,SRC-LAW-LAW-COUNSELLING-5-2B54D
Stream,STR-LAW-COMPANY-SECRETARY-FDAF4,SRC-LAW-CAREER-MASTER-13-EFE20
Stream,STR-LAW-COMPETITION-LAW-L-0F0F0,SRC-LAW-CAREER-MASTER-46-CF96B
Stream,STR-LAW-COMPLIANCE-FILING-1689B,SRC-LAW-LEGAL-MICRO-ENTRE-0FC00
Stream,STR-LAW-COMPLIANCE-OFFICE-E49D4,SRC-LAW-CAREER-MASTER-14-E87AB
Stream,STR-LAW-CONSTITUTIONAL-LI-EDB55,SRC-LAW-EMERGING-NICHE-IN-03ABD
Stream,STR-LAW-CONSUMER-PROTECTI-9E20C,SRC-LAW-CAREER-MASTER-47-238F8
Stream,STR-LAW-CONTRACT-LIFECYCL-F4712,SRC-LAW-CAREER-MASTER-19-50D3F
Stream,STR-LAW-CORPORATE-LAWYER-078AA,SRC-LAW-CAREER-MASTER-4-16FA6
Stream,STR-LAW-COURT-REPORTER-LE-B7FAA,SRC-LAW-CAREER-MASTER-56-479A7
Stream,STR-LAW-COURT-TRIBUNAL-AD-C35B7,SRC-LAW-CAREER-MASTER-74-7B3D7
Stream,STR-LAW-CRIMINOLOGIST-CRI-0CEA4,SRC-LAW-CAREER-MASTER-34-173C2
Stream,STR-LAW-CROSS-BORDER-DIGI-35D31,SRC-LAW-EMERGING-NICHE-IN-3BE74
Stream,STR-LAW-CSR-IMPACT-COMPLI-27E4A,SRC-LAW-CAREER-MASTER-72-FBE16
Stream,STR-LAW-CULTURAL-RIGHTS-R-4BC15,SRC-LAW-EMERGING-NICHE-IN-D6D17
Stream,STR-LAW-CYBER-LAW-SPECIAL-259C4,SRC-LAW-CAREER-MASTER-16-1E4D0
Stream,STR-LAW-DATA-PROTECTION-O-8F420,SRC-LAW-CAREER-MASTER-15-AEC8B
Stream,STR-LAW-DEFENCE-SERVICES-D4D08,SRC-LAW-CAREER-MASTER-90-76B64
Stream,STR-LAW-DIGITAL-EVIDENCE-10BB7,SRC-LAW-CAREER-MASTER-61-81BEE
Stream,STR-LAW-DIGITAL-EVIDENCE-EAFA0,SRC-LAW-EMERGING-NICHE-IN-76AAC
Stream,STR-LAW-DIGITAL-PRIVACY-C-B6C58,SRC-LAW-LAW-DIGITAL-ECONO-5DD00
Stream,STR-LAW-DIGITAL-PUBLIC-IN-C20C3,SRC-LAW-CAREER-MASTER-83-F06CF
Stream,STR-LAW-DIVORCE-TRANSITIO-C7FEA,SRC-LAW-EMERGING-NICHE-IN-7D53D
Stream,STR-LAW-DRONE-REGULATION-FF835,SRC-LAW-EMERGING-NICHE-IN-70B18
Stream,STR-LAW-E-DISCOVERY-DOCUM-E88C3,SRC-LAW-CAREER-MASTER-21-7921D
Stream,STR-LAW-EDUCATION-LAW-SPE-E7C79,SRC-LAW-CAREER-MASTER-70-FF608
Stream,STR-LAW-ELDER-RIGHTS-ADVI-851B9,SRC-LAW-EMERGING-NICHE-IN-49FA3
Stream,STR-LAW-ELECTION-PROCESS-2C1B2,SRC-LAW-EMERGING-NICHE-IN-8CF3C
Stream,STR-LAW-ENERGY-LAWYER-04A2C,SRC-LAW-CAREER-MASTER-51-31480
Stream,STR-LAW-ENVIRONMENTAL-IMP-65A48,SRC-LAW-EMERGING-NICHE-IN-B565E
Stream,STR-LAW-ENVIRONMENTAL-LAW-FBFB1,SRC-LAW-CAREER-MASTER-32-1B556
Stream,STR-LAW-FAMILY-LAWYER-79B77,SRC-LAW-CAREER-MASTER-48-67713
Stream,STR-LAW-FAMILY-MEDIATION-5C18F,SRC-LAW-LAW-COUNSELLING-2-442C3
Stream,STR-LAW-FINTECH-PAYMENTS-95746,SRC-LAW-CAREER-MASTER-40-7B6CB
Stream,STR-LAW-FOOD-LAW-FSSAI-CO-640BE,SRC-LAW-CAREER-MASTER-78-06EF6
Stream,STR-LAW-FORENSIC-LEGAL-CO-0A05F,SRC-LAW-CAREER-MASTER-33-A96FE
Stream,STR-LAW-FOREST-RIGHTS-FAC-BDE87,SRC-LAW-EMERGING-NICHE-IN-DD7D2
Stream,STR-LAW-HEALTHCARE-LAWYER-62E0E,SRC-LAW-CAREER-MASTER-69-365A8
Stream,STR-LAW-HERITAGE-LAW-CONS-CE1D6,SRC-LAW-EMERGING-NICHE-IN-1CCCB
Stream,STR-LAW-HOSPITAL-CONSENT-3CA72,SRC-LAW-EMERGING-NICHE-IN-23F66
Stream,STR-LAW-HUMAN-RIGHTS-LAWY-F4B2E,SRC-LAW-CAREER-MASTER-31-8E02D
Stream,STR-LAW-IMMIGRATION-LAWYE-CB851,SRC-LAW-CAREER-MASTER-30-EECAC
Stream,STR-LAW-IN-HOUSE-LEGAL-CO-1DCEF,SRC-LAW-CAREER-MASTER-12-C3428
Stream,STR-LAW-INFLUENCER-COMPLI-1C87A,SRC-LAW-EMERGING-NICHE-IN-65E40
Stream,STR-LAW-INFLUENCER-CONTRA-547D6,SRC-LAW-LAW-DIGITAL-ECONO-DE643
Stream,STR-LAW-INFRASTRUCTURE-PR-02E01,SRC-LAW-CAREER-MASTER-50-8B165
Stream,STR-LAW-INSOLVENCY-PROFES-B5C48,SRC-LAW-CAREER-MASTER-43-E6754
Stream,STR-LAW-INSURANCE-LAWYER-D242F,SRC-LAW-CAREER-MASTER-68-6B01B
Stream,STR-LAW-INTELLECTUAL-PROP-1F807,SRC-LAW-CAREER-MASTER-23-43415
Stream,STR-LAW-INTERNATIONAL-ORG-232DA,SRC-LAW-CAREER-MASTER-91-2362E
Stream,STR-LAW-INTERNATIONAL-TRA-22A86,SRC-LAW-CAREER-MASTER-29-369AD
Stream,STR-LAW-INVESTMENT-FUNDS-31403,SRC-LAW-CAREER-MASTER-42-2A8F4
Stream,STR-LAW-JUDICIAL-OFFICER-C02AC,SRC-LAW-CAREER-MASTER-5-2FD1B
Stream,STR-LAW-JUDICIARY-EXAM-TR-ED944,SRC-LAW-LAW-EDUCATION-3-E60B7
Stream,STR-LAW-LABOUR-EMPLOYMENT-EF16D,SRC-LAW-CAREER-MASTER-52-9AD42
Stream,STR-LAW-LAW-CLERK-JUDICIA-FFD4F,SRC-LAW-CAREER-MASTER-9-14BCA
Stream,STR-LAW-LAW-FIRM-KNOWLEDG-F93D6,SRC-LAW-CAREER-MASTER-63-9CAE9
Stream,STR-LAW-LEGAL-ACADEMIC-LA-DD514,SRC-LAW-CAREER-MASTER-7-68F71
Stream,STR-LAW-LEGAL-AI-PROMPT-E-BCFE8,SRC-LAW-CAREER-MASTER-64-5A06E
Stream,STR-LAW-LEGAL-AID-COORDIN-0E2E9,SRC-LAW-CAREER-MASTER-58-C7196
Stream,STR-LAW-LEGAL-ARCHIVIST-C-E400B,SRC-LAW-CAREER-MASTER-92-F696F
Stream,STR-LAW-LEGAL-AUDIOBOOK-P-FF6AC,SRC-LAW-EMERGING-NICHE-IN-7184B
Stream,STR-LAW-LEGAL-CONTENT-CRE-85698,SRC-LAW-LAW-EDUCATION-4-D5302
Stream,STR-LAW-LEGAL-CONTENT-WRI-FE412,SRC-LAW-CAREER-MASTER-54-9FE7E
Stream,STR-LAW-LEGAL-CURRICULUM-DC217,SRC-LAW-LAW-EDUCATION-5-9F4D1
Stream,STR-LAW-LEGAL-DATA-ANALYS-47626,SRC-LAW-CAREER-MASTER-65-26830
Stream,STR-LAW-LEGAL-DATA-VISUAL-02713,SRC-LAW-EMERGING-NICHE-IN-67488
Stream,STR-LAW-LEGAL-DESIGN-LEGA-2EE84,SRC-LAW-CAREER-MASTER-59-1A16E
Stream,STR-LAW-LEGAL-DOCUMENTATI-FC27B,SRC-LAW-LEGAL-MICRO-ENTRE-84755
Stream,STR-LAW-LEGAL-DRAFTING-CO-A501D,SRC-LAW-FLEXIBLE-LEGAL-LI-6B85F
Stream,STR-LAW-LEGAL-EDUCATION-C-99B36,SRC-LAW-LEGAL-MICRO-ENTRE-C8894
Stream,STR-LAW-LEGAL-ENTREPRENEU-4064C,SRC-LAW-CAREER-MASTER-84-35763
Stream,STR-LAW-LEGAL-ETHICS-PROF-02814,SRC-LAW-CAREER-MASTER-85-6AD42
Stream,STR-LAW-LEGAL-GAMIFICATIO-13C20,SRC-LAW-EMERGING-NICHE-IN-867FD
Stream,STR-LAW-LEGAL-JOURNALIST-4E371,SRC-LAW-CAREER-MASTER-53-4D3F3
Stream,STR-LAW-LEGAL-KNOWLEDGE-E-5B93D,SRC-LAW-EMERGING-NICHE-IN-27C48
Stream,STR-LAW-LEGAL-METAVERSE-P-0B08C,SRC-LAW-EMERGING-NICHE-IN-9EDB2
Stream,STR-LAW-LEGAL-METROLOGY-P-9FF81,SRC-LAW-CAREER-MASTER-77-501BC
Stream,STR-LAW-LEGAL-OPERATIONS-C01D5,SRC-LAW-CAREER-MASTER-20-AAA0C
Stream,STR-LAW-LEGAL-PROCESS-OUT-9F0E1,SRC-LAW-CAREER-MASTER-22-51FD3
Stream,STR-LAW-LEGAL-PROMPT-DESI-2B370,SRC-LAW-EMERGING-NICHE-IN-D6C1D
Stream,STR-LAW-LEGAL-PUBLISHER-L-8EFB8,SRC-LAW-CAREER-MASTER-55-A70E5
Stream,STR-LAW-LEGAL-RECRUITER-T-859FA,SRC-LAW-CAREER-MASTER-73-6EB69
Stream,STR-LAW-LEGAL-RESEARCHER-928E3,SRC-LAW-CAREER-MASTER-8-37707
Stream,STR-LAW-LEGAL-RISK-CONSUL-E9CAE,SRC-LAW-CAREER-MASTER-67-87B6E
Stream,STR-LAW-LEGAL-TECH-ONBOAR-FA090,SRC-LAW-LAW-DIGITAL-ECONO-AB5C7
Stream,STR-LAW-LEGAL-TECH-PRODUC-B19A2,SRC-LAW-CAREER-MASTER-18-7C21A
Stream,STR-LAW-LEGAL-TRANSLATION-9F755,SRC-LAW-CAREER-MASTER-87-2F4BA
Stream,STR-LAW-LEGAL-TRANSLATOR-B6DC5,SRC-LAW-FLEXIBLE-LEGAL-LI-98C5D
Stream,STR-LAW-LEGISLATIVE-ASSIS-8790E,SRC-LAW-CAREER-MASTER-36-2BF16
Stream,STR-LAW-LEGISLATIVE-LANGU-A7A4D,SRC-LAW-EMERGING-NICHE-IN-CD32D
Stream,STR-LAW-LITIGATION-FINANC-1BD9E,SRC-LAW-CAREER-MASTER-66-EBE9D
Stream,STR-LAW-LOCAL-GOVERNANCE-4BFA0,SRC-LAW-LEGAL-MICRO-ENTRE-54B6A
Stream,STR-LAW-MARITIME-SHIPPING-F3F16,SRC-LAW-CAREER-MASTER-80-262D4
Stream,STR-LAW-MEDIA-ENTERTAINME-76673,SRC-LAW-CAREER-MASTER-26-18AAA
Stream,STR-LAW-MEDIATOR-CONCILIA-B4DF9,SRC-LAW-CAREER-MASTER-11-476C1
Stream,STR-LAW-MEME-IP-RIGHTS-AN-C25D1,SRC-LAW-EMERGING-NICHE-IN-66951
Stream,STR-LAW-MOCK-TRIAL-PROGRA-8C378,SRC-LAW-EMERGING-NICHE-IN-CB350
Stream,STR-LAW-MULTILINGUAL-LEGA-F6218,SRC-LAW-LEGAL-MICRO-ENTRE-9026F
Stream,STR-LAW-NCLT-NCLAT-PRACTI-160CD,SRC-LAW-CAREER-MASTER-45-6308E
Stream,STR-LAW-NGO-LEGAL-COMPLIA-81FFE,SRC-LAW-CAREER-MASTER-71-F5DD1
Stream,STR-LAW-NOTARY-F92FC,SRC-LAW-CAREER-MASTER-75-107C2
Stream,STR-LAW-OATH-COMMISSIONER-B241B,SRC-LAW-CAREER-MASTER-76-C6529
Stream,STR-LAW-ONLINE-DISPUTE-RE-3B4AF,SRC-LAW-CAREER-MASTER-62-65BD3
Stream,STR-LAW-ONLINE-LEGAL-TEMP-D4244,SRC-LAW-LEGAL-MICRO-ENTRE-E00FA
Stream,STR-LAW-ONLINE-LEGAL-TUTO-61B7A,SRC-LAW-FLEXIBLE-LEGAL-LI-D3FD4
Stream,STR-LAW-OTT-MEDIA-COMPLIA-4E2AD,SRC-LAW-EMERGING-NICHE-IN-75172
Stream,STR-LAW-PANCHAYAT-GOVERNA-167C8,SRC-LAW-EMERGING-NICHE-IN-7B681
Stream,STR-LAW-PARALEGAL-6C0F7,SRC-LAW-CAREER-MASTER-57-6F057
Stream,STR-LAW-PATENT-AGENT-4C402,SRC-LAW-CAREER-MASTER-24-C1597
Stream,STR-LAW-PHARMA-REGULATORY-1877B,SRC-LAW-CAREER-MASTER-79-7C160
Stream,STR-LAW-PODCAST-YOUTUBE-L-3BED7,SRC-LAW-EMERGING-NICHE-IN-FCB76
Stream,STR-LAW-POLICE-LEGAL-ADVI-21B8E,SRC-LAW-CAREER-MASTER-35-F8686
Stream,STR-LAW-POSH-AWARENESS-TR-BF737,SRC-LAW-FLEXIBLE-LEGAL-LI-D5EBF
Stream,STR-LAW-PUBLIC-POLICY-DRA-CDEE9,SRC-LAW-EMERGING-NICHE-IN-4CBC8
Stream,STR-LAW-PUBLIC-PROSECUTOR-EEB1E,SRC-LAW-CAREER-MASTER-6-883AB
Stream,STR-LAW-REAL-ESTATE-LAWYE-B402D,SRC-LAW-CAREER-MASTER-49-11282
Stream,STR-LAW-REGIONAL-LANGUAGE-9898A,SRC-LAW-EMERGING-NICHE-IN-CDF72
Stream,STR-LAW-REGULATORY-AFFAIR-CFC00,SRC-LAW-CAREER-MASTER-38-63D31
Stream,STR-LAW-RESOLUTION-PROFES-53CB7,SRC-LAW-CAREER-MASTER-44-B5C16
Stream,STR-LAW-RTI-CONSULTANT-7B7F5,SRC-LAW-FLEXIBLE-LEGAL-LI-0F107
Stream,STR-LAW-SANCTIONS-AML-COM-5D8EF,SRC-LAW-CAREER-MASTER-88-3B9CA
Stream,STR-LAW-SECURITIES-LAWYER-7BA13,SRC-LAW-CAREER-MASTER-41-D3D45
Stream,STR-LAW-SMART-CONTRACT-BL-71F10,SRC-LAW-CAREER-MASTER-60-D290E
Stream,STR-LAW-SMART-CONTRACT-DO-ABEBF,SRC-LAW-EMERGING-NICHE-IN-E2642
Stream,STR-LAW-SPACE-LAW-SATELLI-C6ECE,SRC-LAW-CAREER-MASTER-82-E8BB0
Stream,STR-LAW-SPORTS-LAWYER-F3ED4,SRC-LAW-CAREER-MASTER-27-FC4C5
Stream,STR-LAW-STARTUP-LEGAL-CON-A5C73,SRC-LAW-LAW-DIGITAL-ECONO-91AEE
Stream,STR-LAW-TAX-LAWYER-2CDFC,SRC-LAW-CAREER-MASTER-28-6AC79
Stream,STR-LAW-TEMPLE-TRUST-GOVE-0BC6E,SRC-LAW-EMERGING-NICHE-IN-E5910
Stream,STR-LAW-TRADEMARK-ATTORNE-49DC4,SRC-LAW-CAREER-MASTER-25-7E39F
Stream,STR-LAW-VIRTUAL-LEGAL-ASS-CAA4A,SRC-LAW-FLEXIBLE-LEGAL-LI-AADB2
Stream,STR-LAW-VIRTUAL-REALITY-L-07DD5,SRC-LAW-EMERGING-NICHE-IN-1E255
Stream,STR-LAW-WAQF-RELIGIOUS-EN-3DF90,SRC-LAW-EMERGING-NICHE-IN-B72F2
Stream,STR-LAW-WATER-GOVERNANCE-7F0B7,SRC-LAW-EMERGING-NICHE-IN-C9E49
Stream,STR-LAW-WHITE-COLLAR-CRIM-ED310,SRC-LAW-CAREER-MASTER-89-19DB4
Stream,STR-LAW-WORKPLACE-CONFLIC-AFBD2,SRC-LAW-LAW-COUNSELLING-3-57677
Stream,STR-MGT-ADVENTURE-TOURISM-27F39,SRC-MGT-REGIONAL-RESOURCE-CCED3
Stream,STR-MGT-AGRI-DRONE-BUSINE-8B65A,SRC-MGT-REGIONAL-RESOURCE-B1014
Stream,STR-MGT-AGRI-SAAS-CUSTOME-7C721,SRC-MGT-REGIONAL-RESOURCE-372AE
Stream,STR-MGT-AGRIBUSINESS-MANA-E5786,SRC-MGT-CAREER-MASTER-19-C1652
Stream,STR-MGT-AGRIBUSINESS-MANA-E5786,SRC-MGT-SECTOR-MANAGEMENT-CACA1
Stream,STR-MGT-AI-GOVERNANCE-OPE-DD97D,SRC-MGT-REGIONAL-RESOURCE-A6E1C
Stream,STR-MGT-AI-STRATEGY-ASSOC-2F844,SRC-MGT-AI-ERA-MANAGEMENT-A2F8E
Stream,STR-MGT-AI-STRATEGY-ASSOC-2F844,SRC-MGT-CAREER-MASTER-53-67F5C
Stream,STR-MGT-AI-STRATEGY-ASSOC-2F844,SRC-MGT-TECHNO-DRIVEN-CAR-F8AE5
Stream,STR-MGT-AI-WORKFLOW-OPERA-6FB26,SRC-MGT-REGIONAL-RESOURCE-E156D
Stream,STR-MGT-AQUACULTURE-ENTER-0828C,SRC-MGT-REGIONAL-RESOURCE-18CE3
Stream,STR-MGT-AVIATION-OPERATIO-CDF62,SRC-MGT-AI-ERA-MANAGEMENT-AD102
Stream,STR-MGT-AVIATION-OPERATIO-CDF62,SRC-MGT-CAREER-MASTER-17-7B234
Stream,STR-MGT-AVIATION-OPERATIO-CDF62,SRC-MGT-SECTOR-MANAGEMENT-F5F88
Stream,STR-MGT-AVIATION-OPERATIO-CDF62,SRC-MGT-TRADITIONAL-CAREE-6E59C
Stream,STR-MGT-BAMBOO-CANE-ENTER-F15B7,SRC-MGT-REGIONAL-RESOURCE-29933
Stream,STR-MGT-BANKING-OPERATION-0AD48,SRC-MGT-CAREER-MASTER-59-CF3A1
Stream,STR-MGT-BANKING-OPERATION-0AD48,SRC-MGT-TRADITIONAL-CAREE-272B7
Stream,STR-MGT-BEHAVIORAL-ECONOM-AC841,SRC-MGT-EMERGING-NICHE-IN-F8AEA
Stream,STR-MGT-BRAND-PARTNERSHIP-A9F9A,SRC-MGT-CAREER-MASTER-51-C496D
Stream,STR-MGT-BRAND-PARTNERSHIP-A9F9A,SRC-MGT-SECTOR-MANAGEMENT-9E12D
Stream,STR-MGT-BUSINESS-ANALYST-2CDD6,SRC-MGT-AI-ERA-MANAGEMENT-F6B91
Stream,STR-MGT-BUSINESS-ANALYST-2CDD6,SRC-MGT-CAREER-MASTER-11-1963E
Stream,STR-MGT-BUSINESS-ANALYST-2CDD6,SRC-MGT-TECHNO-DRIVEN-CAR-870ED
Stream,STR-MGT-BUSINESS-CONTENT-78C6E,SRC-MGT-SHADOW-CAREERS-MB-32A72
Stream,STR-MGT-BUSINESS-DEVELOPM-83F00,SRC-MGT-AI-ERA-MANAGEMENT-86A94
Stream,STR-MGT-BUSINESS-DEVELOPM-83F00,SRC-MGT-CAREER-MASTER-4-34C36
Stream,STR-MGT-BUSINESS-DEVELOPM-83F00,SRC-MGT-SECTOR-MANAGEMENT-64905
Stream,STR-MGT-BUSINESS-DEVELOPM-83F00,SRC-MGT-SKILL-NON-MBA-3-6D7B0
Stream,STR-MGT-BUSINESS-DEVELOPM-83F00,SRC-MGT-TECHNO-DRIVEN-CAR-0F281
Stream,STR-MGT-BUSINESS-PLAN-COM-7A69E,SRC-MGT-SHADOW-CAREERS-MB-9436B
Stream,STR-MGT-BUSINESS-RESEARCH-30F74,SRC-MGT-LOW-INVESTMENT-EN-E876A
Stream,STR-MGT-BUSINESS-RESEARCH-9C4B3,SRC-MGT-CAREER-MASTER-40-85A9B
Stream,STR-MGT-BUSINESS-RESEARCH-9C4B3,SRC-MGT-SKILL-NON-MBA-12-A5110
Stream,STR-MGT-BUSINESS-RESEARCH-FAE35,SRC-MGT-MGMT-LIVELIHOOD-9-57390
Stream,STR-MGT-BUSINESS-WRITING-DF807,SRC-MGT-SHADOW-CAREERS-MB-C8395
Stream,STR-MGT-CARBON-MARKET-OPE-5FE43,SRC-MGT-REGIONAL-RESOURCE-8BFA7
Stream,STR-MGT-CASE-COMPETITION-ED431,SRC-MGT-SHADOW-CAREERS-MB-40CA4
Stream,STR-MGT-CIRCULAR-ECONOMY-311D7,SRC-MGT-EMERGING-NICHE-IN-20D58
Stream,STR-MGT-CLIMATE-BUSINESS-B20D7,SRC-MGT-EMERGING-NICHE-IN-27DD0
Stream,STR-MGT-COASTAL-TOURISM-O-467CB,SRC-MGT-REGIONAL-RESOURCE-F6A54
Stream,STR-MGT-COLLEGE-INSTITUTI-8D9B1,SRC-MGT-CAREER-MASTER-65-A62B4
Stream,STR-MGT-COLLEGE-INSTITUTI-8D9B1,SRC-MGT-SECTOR-MANAGEMENT-4F282
Stream,STR-MGT-COMMUNITY-MANAGEM-AAA7C,SRC-MGT-LOW-INVESTMENT-EN-78C4D
Stream,STR-MGT-COMMUNITY-MANAGER-5EE4E,SRC-MGT-AI-ERA-MANAGEMENT-FFC7C
Stream,STR-MGT-COMMUNITY-MANAGER-5EE4E,SRC-MGT-CAREER-MASTER-34-CC07F
Stream,STR-MGT-COMMUNITY-MANAGER-5EE4E,SRC-MGT-SKILL-NON-MBA-10-9B95F
Stream,STR-MGT-COMMUNITY-MANAGER-5EE4E,SRC-MGT-TECHNO-DRIVEN-CAR-DED69
Stream,STR-MGT-COMMUNITY-MONETIZ-7F563,SRC-MGT-REGIONAL-RESOURCE-C612E
Stream,STR-MGT-COMPLIANCE-MANAGE-FBD21,SRC-MGT-CAREER-MASTER-61-8FD57
Stream,STR-MGT-CORPORATE-COMMUNI-566A7,SRC-MGT-CAREER-MASTER-42-B19DA
Stream,STR-MGT-CORPORATE-RESUME-8B8D5,SRC-MGT-SHADOW-CAREERS-MB-7472D
Stream,STR-MGT-CORPORATE-TRAINER-5850D,SRC-MGT-SHADOW-CAREERS-MB-F6C3E
Stream,STR-MGT-CORPORATE-TRAININ-A9848,SRC-MGT-MGMT-LIVELIHOOD-1-B9305
Stream,STR-MGT-COURSE-LAUNCH-MAN-D0D75,SRC-MGT-MGMT-LIVELIHOOD-1-A7884
Stream,STR-MGT-COURSE-LAUNCH-WEB-7A45F,SRC-MGT-LOW-INVESTMENT-EN-B9E91
Stream,STR-MGT-CREATOR-BUSINESS-94AD8,SRC-MGT-CAREER-MASTER-33-814C4
Stream,STR-MGT-CREATOR-BUSINESS-94AD8,SRC-MGT-SKILL-NON-MBA-9-2243D
Stream,STR-MGT-CREATOR-ECONOMY-B-C700B,SRC-MGT-REGIONAL-RESOURCE-35BCB
Stream,STR-MGT-CREATOR-ECONOMY-M-FF116,SRC-MGT-EMERGING-NICHE-IN-78AFD
Stream,STR-MGT-CREATOR-INFLUENCE-2BFE9,SRC-MGT-MGMT-LIVELIHOOD-8-87052
Stream,STR-MGT-CREATOR-OPERATION-0C158,SRC-MGT-LOW-INVESTMENT-EN-C7493
Stream,STR-MGT-CRM-SETUP-SALES-F-6C3EC,SRC-MGT-MGMT-LIVELIHOOD-5-37C61
Stream,STR-MGT-CSR-MANAGER-58D10,SRC-MGT-AI-ERA-MANAGEMENT-043AF
Stream,STR-MGT-CSR-MANAGER-58D10,SRC-MGT-CAREER-MASTER-44-A0718
Stream,STR-MGT-CSR-MANAGER-58D10,SRC-MGT-SECTOR-MANAGEMENT-6CF02
Stream,STR-MGT-CULTURAL-ENTERPRI-C4EE8,SRC-MGT-CAREER-MASTER-66-FE72F
Stream,STR-MGT-CULTURAL-ENTERPRI-C4EE8,SRC-MGT-EMERGING-NICHE-IN-18F85
Stream,STR-MGT-CUSTOMER-SUCCESS-B41B2,SRC-MGT-AI-ERA-MANAGEMENT-AADDA
Stream,STR-MGT-CUSTOMER-SUCCESS-B41B2,SRC-MGT-CAREER-MASTER-28-AF31B
Stream,STR-MGT-CUSTOMER-SUCCESS-B41B2,SRC-MGT-SKILL-NON-MBA-4-E5F61
Stream,STR-MGT-CUSTOMER-SUCCESS-B41B2,SRC-MGT-TECHNO-DRIVEN-CAR-F48EE
Stream,STR-MGT-DAIRY-COOPERATIVE-99059,SRC-MGT-REGIONAL-RESOURCE-3EF5B
Stream,STR-MGT-DEVELOPMENT-SECTO-C1E22,SRC-MGT-CAREER-MASTER-20-73C93
Stream,STR-MGT-DEVELOPMENT-SECTO-C1E22,SRC-MGT-SECTOR-MANAGEMENT-D6C8A
Stream,STR-MGT-DIGITAL-MARKETING-EB1C2,SRC-MGT-LOW-INVESTMENT-EN-01C13
Stream,STR-MGT-DIGITAL-TRANSFORM-71647,SRC-MGT-AI-ERA-MANAGEMENT-B18A7
Stream,STR-MGT-DIGITAL-TRANSFORM-71647,SRC-MGT-CAREER-MASTER-56-71970
Stream,STR-MGT-DIGITAL-TRANSFORM-71647,SRC-MGT-TECHNO-DRIVEN-CAR-3FA96
Stream,STR-MGT-DISASTER-RELIEF-S-6C0E6,SRC-MGT-REGIONAL-RESOURCE-2D86C
Stream,STR-MGT-E-COMMERCE-MARKET-15971,SRC-MGT-LOW-INVESTMENT-EN-FCC9A
Stream,STR-MGT-E-COMMERCE-OPERAT-8A100,SRC-MGT-CAREER-MASTER-32-42850
Stream,STR-MGT-E-COMMERCE-OPERAT-8A100,SRC-MGT-SKILL-NON-MBA-8-09679
Stream,STR-MGT-E-COMMERCE-OPERAT-8A100,SRC-MGT-TECHNO-DRIVEN-CAR-10D41
Stream,STR-MGT-E-COMMERCE-OPERAT-8A100,SRC-MGT-TRADITIONAL-CAREE-3805B
Stream,STR-MGT-E-COMMERCE-STORE-B612C,SRC-MGT-MGMT-LIVELIHOOD-4-E6DC1
Stream,STR-MGT-EDUCATION-BUSINES-5B626,SRC-MGT-EMERGING-NICHE-IN-F0DD8
Stream,STR-MGT-EDUCATION-EDTECH-76C67,SRC-MGT-AI-ERA-MANAGEMENT-C473E
Stream,STR-MGT-EDUCATION-EDTECH-76C67,SRC-MGT-CAREER-MASTER-21-EE8BC
Stream,STR-MGT-EDUCATION-EDTECH-76C67,SRC-MGT-SECTOR-MANAGEMENT-6AED4
Stream,STR-MGT-ETHICAL-AI-ADOPTI-67769,SRC-MGT-EMERGING-NICHE-IN-E1226
Stream,STR-MGT-EVENT-COORDINATIO-E1D84,SRC-MGT-LOW-INVESTMENT-EN-E907D
Stream,STR-MGT-EVENT-MANAGER-F2CE5,SRC-MGT-CAREER-MASTER-15-144C0
Stream,STR-MGT-EVENT-PRODUCTION-4554A,SRC-MGT-MGMT-LIVELIHOOD-7-0F5DB
Stream,STR-MGT-EXECUTIVE-INTERVI-A0903,SRC-MGT-SHADOW-CAREERS-MB-301AE
Stream,STR-MGT-FAITH-BASED-TEMPL-E02CB,SRC-MGT-EMERGING-NICHE-IN-BAD4D
Stream,STR-MGT-FAMILY-BUSINESS-M-D9030,SRC-MGT-CAREER-MASTER-36-46F19
Stream,STR-MGT-FAMILY-BUSINESS-M-D9030,SRC-MGT-ENTREPRENEURSHIP-8183A
Stream,STR-MGT-FESTIVAL-AND-MEGA-091FA,SRC-MGT-REGIONAL-RESOURCE-0CA9A
Stream,STR-MGT-FINANCE-MANAGER-A60F1,SRC-MGT-CAREER-MASTER-6-0C190
Stream,STR-MGT-FINANCE-MANAGER-A60F1,SRC-MGT-TRADITIONAL-CAREE-4C7B0
Stream,STR-MGT-FISHERY-BUSINESS-47310,SRC-MGT-REGIONAL-RESOURCE-74F00
Stream,STR-MGT-FOOD-PROCESSING-M-99EE5,SRC-MGT-REGIONAL-RESOURCE-908AB
Stream,STR-MGT-FPO-MANAGEMENT-PR-C061B,SRC-MGT-REGIONAL-RESOURCE-3FF75
Stream,STR-MGT-FPO-RURAL-ENTERPR-61CDA,SRC-MGT-LOW-INVESTMENT-EN-9E2F2
Stream,STR-MGT-FRANCHISE-BUSINES-B86AF,SRC-MGT-CAREER-MASTER-37-9A1E9
Stream,STR-MGT-FRANCHISE-BUSINES-B86AF,SRC-MGT-ENTREPRENEURSHIP-8B7F1
Stream,STR-MGT-FRANCHISE-BUSINES-B86AF,SRC-MGT-TRADITIONAL-CAREE-E5133
Stream,STR-MGT-FRANCHISE-EXPANSI-53DF9,SRC-MGT-EMERGING-NICHE-IN-29662
Stream,STR-MGT-FRANCHISE-FEASIBI-9DB04,SRC-MGT-MGMT-LIVELIHOOD-1-65722
Stream,STR-MGT-FRANCHISE-LOCAL-E-43E0F,SRC-MGT-LOW-INVESTMENT-EN-2A9B2
Stream,STR-MGT-FREELANCE-DIGITAL-708A8,SRC-MGT-MGMT-LIVELIHOOD-3-DDBC7
Stream,STR-MGT-FUNDRAISING-INVES-65E20,SRC-MGT-AI-ERA-MANAGEMENT-F6DAE
Stream,STR-MGT-FUNDRAISING-INVES-65E20,SRC-MGT-CAREER-MASTER-55-C09E2
Stream,STR-MGT-FUNDRAISING-INVES-65E20,SRC-MGT-ENTREPRENEURSHIP-6820B
Stream,STR-MGT-GI-PRODUCT-MARKET-6FE1E,SRC-MGT-REGIONAL-RESOURCE-B8390
Stream,STR-MGT-GREEN-SUPPLY-CHAI-47F85,SRC-MGT-REGIONAL-RESOURCE-F0556
Stream,STR-MGT-GROWTH-MANAGER-FCC6B,SRC-MGT-AI-ERA-MANAGEMENT-6ED3A
Stream,STR-MGT-GROWTH-MANAGER-FCC6B,SRC-MGT-CAREER-MASTER-31-5B060
Stream,STR-MGT-GROWTH-MANAGER-FCC6B,SRC-MGT-SKILL-NON-MBA-7-FC5A4
Stream,STR-MGT-GROWTH-MANAGER-FCC6B,SRC-MGT-TECHNO-DRIVEN-CAR-9DED9
Stream,STR-MGT-HANDLOOM-CLUSTER-25E75,SRC-MGT-REGIONAL-RESOURCE-80C8B
Stream,STR-MGT-HERBAL-PRODUCT-BU-E4FEF,SRC-MGT-REGIONAL-RESOURCE-1292E
Stream,STR-MGT-HERITAGE-EXPERIEN-255C8,SRC-MGT-CAREER-MASTER-67-A5F2E
Stream,STR-MGT-HOSPITAL-ADMINIST-F32A2,SRC-MGT-CAREER-MASTER-13-91065
Stream,STR-MGT-HOSPITAL-ADMINIST-F32A2,SRC-MGT-SECTOR-MANAGEMENT-310EC
Stream,STR-MGT-HOTEL-HOSPITALITY-3F749,SRC-MGT-CAREER-MASTER-14-4D11C
Stream,STR-MGT-HOTEL-HOSPITALITY-3F749,SRC-MGT-SECTOR-MANAGEMENT-377E1
Stream,STR-MGT-HR-RECRUITER-RECR-62863,SRC-MGT-CAREER-MASTER-39-6442C
Stream,STR-MGT-HR-RECRUITER-RECR-62863,SRC-MGT-SKILL-NON-MBA-11-3FAAE
Stream,STR-MGT-HR-RECRUITER-RECR-62863,SRC-MGT-TRADITIONAL-CAREE-66FAE
Stream,STR-MGT-HUMAN-RESOURCE-MA-2A4AA,SRC-MGT-CAREER-MASTER-7-5C5EE
Stream,STR-MGT-HUMAN-RESOURCE-MA-2A4AA,SRC-MGT-TRADITIONAL-CAREE-8F668
Stream,STR-MGT-INFLUENCER-FRAUD-85124,SRC-MGT-EMERGING-NICHE-IN-7C4E8
Stream,STR-MGT-INSTITUTIONAL-SAL-51A32,SRC-MGT-CAREER-MASTER-62-D65AD
Stream,STR-MGT-INSTITUTIONAL-SAL-51A32,SRC-MGT-SKILL-NON-MBA-17-0B48A
Stream,STR-MGT-INSURANCE-BUSINES-A40A5,SRC-MGT-CAREER-MASTER-46-1ACE7
Stream,STR-MGT-INSURANCE-BUSINES-A40A5,SRC-MGT-SKILL-NON-MBA-14-4A9AC
Stream,STR-MGT-INTERNATIONAL-TRA-05CDA,SRC-MGT-CAREER-MASTER-57-98F22
Stream,STR-MGT-INTERNATIONAL-TRA-05CDA,SRC-MGT-SECTOR-MANAGEMENT-29B14
Stream,STR-MGT-KIRANA-DIGITIZATI-CC3BC,SRC-MGT-REGIONAL-RESOURCE-199B8
Stream,STR-MGT-LINKEDIN-BRANDING-8C5AC,SRC-MGT-LOW-INVESTMENT-EN-1C787
Stream,STR-MGT-LINKEDIN-BRANDING-A46ED,SRC-MGT-MGMT-LIVELIHOOD-1-A7CEA
Stream,STR-MGT-LOCAL-BUSINESS-DI-AABB7,SRC-MGT-LOW-INVESTMENT-EN-844FB
Stream,STR-MGT-LOCAL-EXPERIENCE-95C4A,SRC-MGT-REGIONAL-RESOURCE-E8D62
Stream,STR-MGT-LOGISTICS-PORT-OP-27BE8,SRC-MGT-CAREER-MASTER-18-AEDC9
Stream,STR-MGT-LOGISTICS-PORT-OP-27BE8,SRC-MGT-SECTOR-MANAGEMENT-88640
Stream,STR-MGT-LOGISTICS-PORT-OP-27BE8,SRC-MGT-TRADITIONAL-CAREE-BEAEB
Stream,STR-MGT-LUXURY-BRAND-MANA-DA743,SRC-MGT-CAREER-MASTER-24-02988
Stream,STR-MGT-MANAGEMENT-CONSUL-2D188,SRC-MGT-CAREER-MASTER-12-085C7
Stream,STR-MGT-MANAGEMENT-CONSUL-2D188,SRC-MGT-TRADITIONAL-CAREE-4B9AD
Stream,STR-MGT-MANAGEMENT-EDUCAT-90495,SRC-MGT-SHADOW-CAREERS-MB-ACDC1
Stream,STR-MGT-MANAGEMENT-RESEAR-B4C87,SRC-MGT-SHADOW-CAREERS-MB-298A6
Stream,STR-MGT-MANAGEMENT-TRAINE-8A562,SRC-MGT-AI-ERA-MANAGEMENT-C1CB4
Stream,STR-MGT-MANAGEMENT-TRAINE-8A562,SRC-MGT-CAREER-MASTER-3-700A9
Stream,STR-MGT-MANAGEMENT-TRAINE-8A562,SRC-MGT-TRADITIONAL-CAREE-DCFEA
Stream,STR-MGT-MARKETING-MANAGER-0A49B,SRC-MGT-CAREER-MASTER-5-88AD4
Stream,STR-MGT-MARKETING-MANAGER-0A49B,SRC-MGT-TECHNO-DRIVEN-CAR-BF409
Stream,STR-MGT-MARKETING-MANAGER-0A49B,SRC-MGT-TRADITIONAL-CAREE-F230E
Stream,STR-MGT-MBA-ADMISSIONS-CO-676E5,SRC-MGT-SHADOW-CAREERS-MB-00D37
Stream,STR-MGT-MBA-PLACEMENT-PRO-7273C,SRC-MGT-SHADOW-CAREERS-MB-174F2
Stream,STR-MGT-MEDIA-BUSINESS-MA-44B7B,SRC-MGT-AI-ERA-MANAGEMENT-70704
Stream,STR-MGT-MEDIA-BUSINESS-MA-44B7B,SRC-MGT-CAREER-MASTER-25-BBB7C
Stream,STR-MGT-MEDIA-BUSINESS-MA-44B7B,SRC-MGT-SECTOR-MANAGEMENT-C2F9E
Stream,STR-MGT-MERCHANDISING-MAN-6375A,SRC-MGT-AI-ERA-MANAGEMENT-C0246
Stream,STR-MGT-MERCHANDISING-MAN-6375A,SRC-MGT-CAREER-MASTER-63-7BF73
Stream,STR-MGT-MERCHANDISING-MAN-6375A,SRC-MGT-TRADITIONAL-CAREE-87448
Stream,STR-MGT-MOUNTAIN-ECO-TOUR-A609E,SRC-MGT-REGIONAL-RESOURCE-DE331
Stream,STR-MGT-MSME-BUSINESS-DIG-1C374,SRC-MGT-CAREER-MASTER-38-C6C46
Stream,STR-MGT-MSME-BUSINESS-DIG-1C374,SRC-MGT-ENTREPRENEURSHIP-5A817
Stream,STR-MGT-MSME-BUSINESS-DIG-1C374,SRC-MGT-TRADITIONAL-CAREE-8979D
Stream,STR-MGT-MSME-EXPORT-READI-7C7D2,SRC-MGT-EMERGING-NICHE-IN-779AC
Stream,STR-MGT-MSME-OPERATIONS-A-F37DD,SRC-MGT-MGMT-LIVELIHOOD-1-394E5
Stream,STR-MGT-MSME-PROCESS-DOCU-F55FC,SRC-MGT-LOW-INVESTMENT-EN-26A19
Stream,STR-MGT-NEURO-MARKETING-R-AB04B,SRC-MGT-EMERGING-NICHE-IN-C0086
Stream,STR-MGT-NO-CODE-AUTOMATIO-7F847,SRC-MGT-MGMT-LIVELIHOOD-1-4C0A7
Stream,STR-MGT-NO-CODE-BUSINESS-555C6,SRC-MGT-AI-ERA-MANAGEMENT-31AB8
Stream,STR-MGT-NO-CODE-BUSINESS-555C6,SRC-MGT-CAREER-MASTER-52-59044
Stream,STR-MGT-NO-CODE-BUSINESS-555C6,SRC-MGT-SKILL-NON-MBA-15-F7544
Stream,STR-MGT-NO-CODE-BUSINESS-555C6,SRC-MGT-TECHNO-DRIVEN-CAR-E02B5
Stream,STR-MGT-NO-CODE-BUSINESS-555C6,SRC-MGT-TRADITIONAL-CAREE-BF5BD
Stream,STR-MGT-ODOP-BRAND-AND-CL-5C1C0,SRC-MGT-REGIONAL-RESOURCE-F7DBE
Stream,STR-MGT-ONDC-SELLER-ENABL-3B337,SRC-MGT-REGIONAL-RESOURCE-6F449
Stream,STR-MGT-OPERATIONS-MANAGE-1508E,SRC-MGT-CAREER-MASTER-8-2DA5F
Stream,STR-MGT-OPERATIONS-MANAGE-1508E,SRC-MGT-TRADITIONAL-CAREE-93932
Stream,STR-MGT-ORGANIC-VALLEY-SU-141F6,SRC-MGT-REGIONAL-RESOURCE-FC2C4
Stream,STR-MGT-ORNAMENTAL-FISH-B-5A8BD,SRC-MGT-REGIONAL-RESOURCE-92E13
Stream,STR-MGT-PEARL-FARMING-ENT-173AF,SRC-MGT-REGIONAL-RESOURCE-CBF87
Stream,STR-MGT-PERFORMANCE-MARKE-9C0D6,SRC-MGT-AI-ERA-MANAGEMENT-20192
Stream,STR-MGT-PERFORMANCE-MARKE-9C0D6,SRC-MGT-CAREER-MASTER-30-FAAA5
Stream,STR-MGT-PERFORMANCE-MARKE-9C0D6,SRC-MGT-SKILL-NON-MBA-6-9AA31
Stream,STR-MGT-PERFORMANCE-MARKE-9C0D6,SRC-MGT-TECHNO-DRIVEN-CAR-90D43
Stream,STR-MGT-PERFORMANCE-MARKE-9C0D6,SRC-MGT-TRADITIONAL-CAREE-93D58
Stream,STR-MGT-PITCH-DECK-PRESEN-27951,SRC-MGT-MGMT-LIVELIHOOD-1-460C0
Stream,STR-MGT-POLITICAL-CAMPAIG-1C07A,SRC-MGT-EMERGING-NICHE-IN-01CE6
Stream,STR-MGT-POLITICAL-CAMPAIG-1C07A,SRC-MGT-REGIONAL-RESOURCE-0FB16
Stream,STR-MGT-POLITICAL-CAMPAIG-87216,SRC-MGT-AI-ERA-MANAGEMENT-60736
Stream,STR-MGT-POLITICAL-CAMPAIG-87216,SRC-MGT-CAREER-MASTER-43-CE2D6
Stream,STR-MGT-PRESENTATION-PITC-DE4EB,SRC-MGT-LOW-INVESTMENT-EN-BEA6F
Stream,STR-MGT-PROCUREMENT-MANAG-CAF11,SRC-MGT-CAREER-MASTER-48-2AB12
Stream,STR-MGT-PROCUREMENT-MANAG-CAF11,SRC-MGT-TRADITIONAL-CAREE-5B21D
Stream,STR-MGT-PRODUCT-MANAGER-8CA40,SRC-MGT-CAREER-MASTER-26-D9C60
Stream,STR-MGT-PRODUCT-MANAGER-8CA40,SRC-MGT-TECHNO-DRIVEN-CAR-AA058
Stream,STR-MGT-PRODUCT-OPERATION-E0976,SRC-MGT-AI-ERA-MANAGEMENT-816E7
Stream,STR-MGT-PRODUCT-OPERATION-E0976,SRC-MGT-CAREER-MASTER-27-9EE6B
Stream,STR-MGT-PRODUCT-OPERATION-E0976,SRC-MGT-TECHNO-DRIVEN-CAR-A07B0
Stream,STR-MGT-PRODUCT-OPERATION-E0976,SRC-MGT-TRADITIONAL-CAREE-6FAD2
Stream,STR-MGT-PROJECT-MANAGER-89F71,SRC-MGT-CAREER-MASTER-41-AD0D6
Stream,STR-MGT-PROJECT-MANAGER-89F71,SRC-MGT-TRADITIONAL-CAREE-989D6
Stream,STR-MGT-PROMPT-OPERATIONS-4B68D,SRC-MGT-AI-ERA-MANAGEMENT-EBD45
Stream,STR-MGT-PROMPT-OPERATIONS-4B68D,SRC-MGT-CAREER-MASTER-54-B321A
Stream,STR-MGT-PROMPT-OPERATIONS-4B68D,SRC-MGT-SKILL-NON-MBA-16-E1F70
Stream,STR-MGT-PROMPT-OPERATIONS-4B68D,SRC-MGT-TECHNO-DRIVEN-CAR-26C6E
Stream,STR-MGT-PROMPT-OPERATIONS-4B68D,SRC-MGT-TRADITIONAL-CAREE-3CB42
Stream,STR-MGT-PUBLIC-HEALTH-OPE-FFB40,SRC-MGT-EMERGING-NICHE-IN-865E2
Stream,STR-MGT-PUBLIC-MOBILITY-I-31F9C,SRC-MGT-REGIONAL-RESOURCE-DB74D
Stream,STR-MGT-PUBLIC-NARRATIVE-F672D,SRC-MGT-CAREER-MASTER-69-AA7CD
Stream,STR-MGT-PUBLIC-POLICY-MAN-F5ECE,SRC-MGT-CAREER-MASTER-22-A1352
Stream,STR-MGT-PUBLIC-POLICY-MAN-F5ECE,SRC-MGT-SECTOR-MANAGEMENT-AC527
Stream,STR-MGT-PUBLISHING-OPERAT-34F41,SRC-MGT-CAREER-MASTER-68-7B786
Stream,STR-MGT-QUALITY-MANAGER-5D807,SRC-MGT-CAREER-MASTER-49-5C6BD
Stream,STR-MGT-QUALITY-MANAGER-5D807,SRC-MGT-TRADITIONAL-CAREE-2D9E7
Stream,STR-MGT-REAL-ESTATE-BUSIN-69FD2,SRC-MGT-AI-ERA-MANAGEMENT-5352F
Stream,STR-MGT-REAL-ESTATE-BUSIN-69FD2,SRC-MGT-CAREER-MASTER-45-6E9FC
Stream,STR-MGT-REAL-ESTATE-BUSIN-69FD2,SRC-MGT-SECTOR-MANAGEMENT-3BAFB
Stream,STR-MGT-REAL-ESTATE-BUSIN-69FD2,SRC-MGT-SKILL-NON-MBA-13-89610
Stream,STR-MGT-RECRUITMENT-CONSU-D9B1A,SRC-MGT-LOW-INVESTMENT-EN-C3FD1
Stream,STR-MGT-RECRUITMENT-MICRO-89733,SRC-MGT-MGMT-LIVELIHOOD-6-E0988
Stream,STR-MGT-RETAIL-STORE-MANA-4CBEF,SRC-MGT-AI-ERA-MANAGEMENT-76C84
Stream,STR-MGT-RETAIL-STORE-MANA-4CBEF,SRC-MGT-CAREER-MASTER-10-82C96
Stream,STR-MGT-RETAIL-STORE-MANA-4CBEF,SRC-MGT-TRADITIONAL-CAREE-2955A
Stream,STR-MGT-REVENUE-OPERATION-E95EC,SRC-MGT-AI-ERA-MANAGEMENT-2A7DC
Stream,STR-MGT-REVENUE-OPERATION-E95EC,SRC-MGT-CAREER-MASTER-29-BBB23
Stream,STR-MGT-REVENUE-OPERATION-E95EC,SRC-MGT-SKILL-NON-MBA-5-54246
Stream,STR-MGT-REVENUE-OPERATION-E95EC,SRC-MGT-TECHNO-DRIVEN-CAR-199BC
Stream,STR-MGT-RISK-MANAGER-509DA,SRC-MGT-CAREER-MASTER-60-B9C74
Stream,STR-MGT-RURAL-BPO-DIGITAL-6D843,SRC-MGT-REGIONAL-RESOURCE-BA488
Stream,STR-MGT-RURAL-PLATFORM-OP-130B8,SRC-MGT-EMERGING-NICHE-IN-BC17B
Stream,STR-MGT-RURAL-SPORTS-LEAG-6C970,SRC-MGT-REGIONAL-RESOURCE-7EFC9
Stream,STR-MGT-SEAFOOD-EXPORT-OP-B707B,SRC-MGT-REGIONAL-RESOURCE-B6FFC
Stream,STR-MGT-SEAWEED-BUSINESS-978AC,SRC-MGT-REGIONAL-RESOURCE-2C410
Stream,STR-MGT-SENIOR-LIVING-OPE-FF684,SRC-MGT-REGIONAL-RESOURCE-99487
Stream,STR-MGT-SHG-LIVELIHOOD-PR-5F9F6,SRC-MGT-REGIONAL-RESOURCE-06226
Stream,STR-MGT-SMALL-BUSINESS-DI-CD57F,SRC-MGT-MGMT-LIVELIHOOD-1-94D00
Stream,STR-MGT-SPICE-ROUTE-PLANT-629DB,SRC-MGT-REGIONAL-RESOURCE-182EC
Stream,STR-MGT-SPIRITUAL-TOURISM-B52DE,SRC-MGT-EMERGING-NICHE-IN-9BF67
Stream,STR-MGT-SPORTS-MANAGER-A7B03,SRC-MGT-CAREER-MASTER-16-AF516
Stream,STR-MGT-SPORTS-MANAGER-A7B03,SRC-MGT-SECTOR-MANAGEMENT-5A25F
Stream,STR-MGT-STARTUP-OPERATION-14C6F,SRC-MGT-CAREER-MASTER-35-B9945
Stream,STR-MGT-STARTUP-OPERATION-14C6F,SRC-MGT-ENTREPRENEURSHIP-D79FD
Stream,STR-MGT-STARTUP-PITCH-CON-09CCA,SRC-MGT-SHADOW-CAREERS-MB-D3B17
Stream,STR-MGT-SUGAR-COOPERATIVE-B0CA7,SRC-MGT-REGIONAL-RESOURCE-752EA
Stream,STR-MGT-SUPPLY-CHAIN-MANA-B5612,SRC-MGT-AI-ERA-MANAGEMENT-F273C
Stream,STR-MGT-SUPPLY-CHAIN-MANA-B5612,SRC-MGT-CAREER-MASTER-9-A3E47
Stream,STR-MGT-SUPPLY-CHAIN-MANA-B5612,SRC-MGT-TRADITIONAL-CAREE-76411
Stream,STR-MGT-SUSTAINABILITY-ES-59CCB,SRC-MGT-AI-ERA-MANAGEMENT-35C39
Stream,STR-MGT-SUSTAINABILITY-ES-59CCB,SRC-MGT-CAREER-MASTER-23-2B455
Stream,STR-MGT-TALENT-MANAGER-86560,SRC-MGT-CAREER-MASTER-64-0F635
Stream,STR-MGT-TALENT-MANAGER-86560,SRC-MGT-SECTOR-MANAGEMENT-5FBBC
Stream,STR-MGT-TALENT-MANAGER-86560,SRC-MGT-SKILL-NON-MBA-18-17E31
Stream,STR-MGT-TEA-ESTATE-PLANTA-EB170,SRC-MGT-REGIONAL-RESOURCE-50A0F
Stream,STR-MGT-TEMPLE-ADMINISTRA-ED936,SRC-MGT-REGIONAL-RESOURCE-EDAB5
Stream,STR-MGT-TOURISM-BUSINESS-9B974,SRC-MGT-CAREER-MASTER-58-87D02
Stream,STR-MGT-TOURISM-BUSINESS-9B974,SRC-MGT-SECTOR-MANAGEMENT-1813C
Stream,STR-MGT-TRAINING-DEVELOPM-177E0,SRC-MGT-AI-ERA-MANAGEMENT-4C987
Stream,STR-MGT-TRAINING-DEVELOPM-177E0,SRC-MGT-CAREER-MASTER-50-459BC
Stream,STR-MGT-TRAINING-DEVELOPM-177E0,SRC-MGT-SECTOR-MANAGEMENT-2ACAF
Stream,STR-MGT-TRIBAL-ENTERPRISE-EFBAA,SRC-MGT-REGIONAL-RESOURCE-C5C90
Stream,STR-MGT-VERNACULAR-DIGITA-230F8,SRC-MGT-REGIONAL-RESOURCE-A4343
Stream,STR-MGT-VIRTUAL-BUSINESS-F3C6A,SRC-MGT-LOW-INVESTMENT-EN-C5E29
Stream,STR-MGT-WASTE-ECONOMY-CIR-83729,SRC-MGT-REGIONAL-RESOURCE-B0FB6
Stream,STR-MGT-WATER-RESOURCE-US-2BF9E,SRC-MGT-REGIONAL-RESOURCE-73759
Stream,STR-MGT-WEALTH-MANAGEMENT-D530C,SRC-MGT-CAREER-MASTER-47-AC993
Stream,STR-MGT-YOGA-WELLNESS-RET-2E73E,SRC-MGT-REGIONAL-RESOURCE-FDDF0
Stream,STR-SCI-4-YEAR-SERVICE-89A9F,SRC-SCI-DEFENCE-38-65E33
Stream,STR-SCI-AC-TECHNICIAN-E01C7,SRC-SCI-VOCATIONAL-18-8F88A
Stream,STR-SCI-ACCESSIBILITY-INC-D2B35,SRC-SCI-DESIGN-156-84D78
Stream,STR-SCI-ACTUARIAL-SCIENCE-EFF21,SRC-SCI-DATA-ANALYTICS-83-BFFAF
Stream,STR-SCI-AEROSPACE-942B9,SRC-SCI-ENGINEERING-102-EF21A
Stream,STR-SCI-AEROSPACE-ENGINEE-EA0D5,SRC-SCI-AVIATION-23-5045B
Stream,STR-SCI-AGRI-TECHNICIAN-D253F,SRC-SCI-VOCATIONAL-47-4760F
Stream,STR-SCI-AGRICULTURAL-ENGI-245F4,SRC-SCI-ENGINEERING-292-3C447
Stream,STR-SCI-AGRICULTURE-SCIEN-8D2D0,SRC-SCI-PURE-SCIENCE-69-919DD
Stream,STR-SCI-AI-ENGINEER-F5949,SRC-SCI-DATA-ANALYTICS-23-24B97
Stream,STR-SCI-AI-RESEARCHER-A10E1,SRC-SCI-DATA-ANALYTICS-43-E8EF1
Stream,STR-SCI-AIRCRAFT-DESIGNER-7E8AE,SRC-SCI-AVIATION-27-B2333
Stream,STR-SCI-AIRLINE-MANAGER-ACB24,SRC-SCI-AVIATION-41-93D8E
Stream,STR-SCI-AIRLINE-PILOT-62737,SRC-SCI-AVIATION-7-63810
Stream,STR-SCI-AIRMAN-CC1A2,SRC-SCI-DEFENCE-30-F4DF9
Stream,STR-SCI-AIRPORT-FIRE-STAF-B1788,SRC-SCI-AVIATION-49-8CFBA
Stream,STR-SCI-AIRPORT-OFFICER-3CFC6,SRC-SCI-AVIATION-47-02472
Stream,STR-SCI-AIRPORT-OPS-3E907,SRC-SCI-AVIATION-43-44091
Stream,STR-SCI-AME-A44BC,SRC-SCI-AVIATION-21-18612
Stream,STR-SCI-ANALYTICS-ENGINEE-50BF8,SRC-SCI-DATA-ANALYTICS-53-DDFAC
Stream,STR-SCI-ANESTHESIA-5E3A1,SRC-SCI-MEDICINE-22-8622F
Stream,STR-SCI-ANIMATION-59153,SRC-SCI-DESIGN-39-3A623
Stream,STR-SCI-ARCHITECTURE-E3E9E,SRC-SCI-DESIGN-63-493BE
Stream,STR-SCI-ARMY-OFFICER-F8BFE,SRC-SCI-DEFENCE-14-47A4B
Stream,STR-SCI-ARMY-OFFICER-F8BFE,SRC-SCI-DEFENCE-5-92CBF
Stream,STR-SCI-ARTIFICIAL-INTELL-50A54,SRC-SCI-ENGINEERING-62-30AD4
Stream,STR-SCI-ASSISTANT-DF458,SRC-SCI-VOCATIONAL-43-85C99
Stream,STR-SCI-ASTROPHYSICS-043F6,SRC-SCI-PURE-SCIENCE-57-A9178
Stream,STR-SCI-ATC-AF747,SRC-SCI-AVIATION-53-3F363
Stream,STR-SCI-AUTO-TECHNICIAN-9F2E1,SRC-SCI-VOCATIONAL-15-ED57A
Stream,STR-SCI-AUTOMOBILE-ENGINE-986E6,SRC-SCI-ENGINEERING-142-C8A6D
Stream,STR-SCI-AVIATION-FINANCE-EBB7C,SRC-SCI-AVIATION-63-A24AB
Stream,STR-SCI-AVIATION-LAWYER-4C22F,SRC-SCI-AVIATION-57-81662
Stream,STR-SCI-AVIONICS-ENGINEER-41CB0,SRC-SCI-AVIATION-25-86B84
Stream,STR-SCI-AYURVEDA-BAMS-90531,SRC-SCI-MEDICINE-37-6734D
Stream,STR-SCI-BI-ENGINEER-0CE64,SRC-SCI-DATA-ANALYTICS-58-28D8E
Stream,STR-SCI-BIOCHEMISTRY-6BACF,SRC-SCI-PURE-SCIENCE-33-DECBF
Stream,STR-SCI-BIOLOGY-FF9D0,SRC-SCI-PURE-SCIENCE-12-31A7E
Stream,STR-SCI-BIOMEDICAL-ENGINE-8D23F,SRC-SCI-ENGINEERING-222-B08BC
Stream,STR-SCI-BIOPHYSICS-64E6B,SRC-SCI-PURE-SCIENCE-36-8ED72
Stream,STR-SCI-BIOTECHNOLOGY-503B6,SRC-SCI-ENGINEERING-112-8F2F5
Stream,STR-SCI-BIOTECHNOLOGY-9B9A3,SRC-SCI-PURE-SCIENCE-18-ABA9F
Stream,STR-SCI-BOTANY-5DFD8,SRC-SCI-PURE-SCIENCE-30-C1C03
Stream,STR-SCI-BRAND-IDENTITY-DE-90BBD,SRC-SCI-DESIGN-132-F1A87
Stream,STR-SCI-BUSINESS-ANALYST-F4378,SRC-SCI-DATA-ANALYTICS-63-597E5
Stream,STR-SCI-CABIN-CREW-AFC01,SRC-SCI-AVIATION-31-C2B02
Stream,STR-SCI-CARGO-MANAGER-4134B,SRC-SCI-AVIATION-51-50FBD
Stream,STR-SCI-CERAMIC-ENGINEERI-0B019,SRC-SCI-ENGINEERING-332-7EA11
Stream,STR-SCI-CHARTER-PILOT-434CC,SRC-SCI-AVIATION-11-CA35C
Stream,STR-SCI-CHEMICAL-ENGINEER-89499,SRC-SCI-ENGINEERING-92-6AB68
Stream,STR-SCI-CHEMISTRY-9B300,SRC-SCI-PURE-SCIENCE-6-7DFA7
Stream,STR-SCI-CIVIL-ENGINEERING-28C68,SRC-SCI-ENGINEERING-22-C7562
Stream,STR-SCI-CLERK-EE94B,SRC-SCI-DEFENCE-27-1417F
Stream,STR-SCI-CLIMATE-SCIENCE-1DC56,SRC-SCI-PURE-SCIENCE-78-A2259
Stream,STR-SCI-COGNITIVE-SCIENCE-55F54,SRC-SCI-PURE-SCIENCE-63-C84A3
Stream,STR-SCI-COMMERCIAL-PILOT-A8A0F,SRC-SCI-AVIATION-3-3E1D0
Stream,STR-SCI-COMMUNITY-MEDICIN-90E23,SRC-SCI-MEDICINE-28-6BDAC
Stream,STR-SCI-COMPUTATIONAL-SCI-4F02F,SRC-SCI-PURE-SCIENCE-60-A0F76
Stream,STR-SCI-COMPUTER-SCIENCE-75B3D,SRC-SCI-ENGINEERING-2-51A21
Stream,STR-SCI-COMPUTER-VISION-E-A1C58,SRC-SCI-DATA-ANALYTICS-33-8582F
Stream,STR-SCI-CONSTABLE-E5F16,SRC-SCI-DEFENCE-40-A6D66
Stream,STR-SCI-CYBER-SPACE-ROLES-2EEAB,SRC-SCI-DEFENCE-82-7AA44
Stream,STR-SCI-CYBERSECURITY-7DB8E,SRC-SCI-ENGINEERING-72-7112B
Stream,STR-SCI-DAIRY-ASSISTANT-3F224,SRC-SCI-VOCATIONAL-48-816F3
Stream,STR-SCI-DAIRY-TECHNOLOGY-FFD9E,SRC-SCI-ENGINEERING-372-3E3E3
Stream,STR-SCI-DATA-ANALYST-F7E47,SRC-SCI-DATA-ANALYTICS-3-D8182
Stream,STR-SCI-DATA-ARCHITECT-7F3B2,SRC-SCI-DATA-ANALYTICS-48-45215
Stream,STR-SCI-DATA-ENGINEER-542AF,SRC-SCI-DATA-ANALYTICS-13-3DD55
Stream,STR-SCI-DATA-GOVERNANCE-D-6BB2E,SRC-SCI-DATA-ANALYTICS-10-B3FD7
Stream,STR-SCI-DATA-PRODUCT-MANA-AAAA2,SRC-SCI-DATA-ANALYTICS-73-339D2
Stream,STR-SCI-DATA-QUALITY-ENGI-35370,SRC-SCI-DATA-ANALYTICS-98-9BDDF
Stream,STR-SCI-DATA-SCIENCE-BSC-A81F3,SRC-SCI-PURE-SCIENCE-81-91DF3
Stream,STR-SCI-DATA-SCIENCE-C55D0,SRC-SCI-ENGINEERING-52-A5704
Stream,STR-SCI-DATA-SCIENTIST-42420,SRC-SCI-DATA-ANALYTICS-8-87D7F
Stream,STR-SCI-DATA-VISUALIZATIO-5CB3A,SRC-SCI-DESIGN-51-B348A
Stream,STR-SCI-DECISION-SCIENTIS-A3BB0,SRC-SCI-DATA-ANALYTICS-78-866B5
Stream,STR-SCI-DEFENCE-ENTRY-649A4,SRC-SCI-DEFENCE-3-BCEBD
Stream,STR-SCI-DENTAL-BDS-6D960,SRC-SCI-MEDICINE-34-3161B
Stream,STR-SCI-DERMATOLOGY-D058B,SRC-SCI-MEDICINE-13-F5098
Stream,STR-SCI-DESIGN-MANAGEMENT-BA90E,SRC-SCI-DESIGN-126-A68E0
Stream,STR-SCI-DESIGN-RESEARCH-84BCB,SRC-SCI-DESIGN-108-97E86
Stream,STR-SCI-DIPLOMA-ENGINEER-34585,SRC-SCI-VOCATIONAL-8-A4C08
Stream,STR-SCI-DISPATCHER-055B1,SRC-SCI-AVIATION-39-6D951
Stream,STR-SCI-DRONE-PILOT-74960,SRC-SCI-AVIATION-65-60474
Stream,STR-SCI-DRONE-TECHNICIAN-617FE,SRC-SCI-VOCATIONAL-51-0EAA4
Stream,STR-SCI-ECOSYSTEM-ROLES-FB1EB,SRC-SCI-AVIATION-69-DEF43
Stream,STR-SCI-EDUCATION-OFFICER-FAD0B,SRC-SCI-DEFENCE-50-58BB3
Stream,STR-SCI-ELECTRICAL-ACB07,SRC-SCI-ENGINEERING-32-B28E7
Stream,STR-SCI-ELECTRICIAN-97A09,SRC-SCI-VOCATIONAL-3-1D1AF
Stream,STR-SCI-ELECTRONICS-ECE-F6FDB,SRC-SCI-ENGINEERING-42-5CF9D
Stream,STR-SCI-ELECTRONICS-TECHN-B16CE,SRC-SCI-VOCATIONAL-19-5388E
Stream,STR-SCI-ENGINEER-0AB07,SRC-SCI-DEFENCE-56-F980A
Stream,STR-SCI-ENGINEER-OFFICER-88C99,SRC-SCI-DEFENCE-18-4D25A
Stream,STR-SCI-ENTREPRENEUR-4EA1C,SRC-SCI-VOCATIONAL-59-22CC9
Stream,STR-SCI-ENVIRONMENTAL-BCCE8,SRC-SCI-ENGINEERING-122-BAB4C
Stream,STR-SCI-ENVIRONMENTAL-SCI-7193C,SRC-SCI-PURE-SCIENCE-39-0210F
Stream,STR-SCI-ENVIRONMENTAL-TEC-23215,SRC-SCI-VOCATIONAL-27-3AFD9
Stream,STR-SCI-EV-SPECIALIST-DCEF9,SRC-SCI-VOCATIONAL-16-6AD39
Stream,STR-SCI-EXPERIENCE-DESIGN-70F62,SRC-SCI-DESIGN-102-D1F0A
Stream,STR-SCI-FASHION-DESIGN-99E6A,SRC-SCI-DESIGN-69-4314C
Stream,STR-SCI-FINANCIAL-DATA-AN-5CAEB,SRC-SCI-DATA-ANALYTICS-12-64B45
Stream,STR-SCI-FIRE-SAFETY-ENGIN-C466B,SRC-SCI-ENGINEERING-382-BD249
Stream,STR-SCI-FISHERIES-TECH-EC6F3,SRC-SCI-VOCATIONAL-49-5C4B2
Stream,STR-SCI-FITTER-423CE,SRC-SCI-VOCATIONAL-4-ACC9C
Stream,STR-SCI-FLIGHT-INSTRUCTOR-233BF,SRC-SCI-AVIATION-13-B3373
Stream,STR-SCI-FOOD-SCIENCE-70106,SRC-SCI-PURE-SCIENCE-45-71123
Stream,STR-SCI-FOOD-TECH-5B17F,SRC-SCI-VOCATIONAL-45-12FED
Stream,STR-SCI-FOOD-TECHNOLOGY-D5A4E,SRC-SCI-ENGINEERING-202-08610
Stream,STR-SCI-FOOTWEAR-DESIGN-C424E,SRC-SCI-DESIGN-75-6B416
Stream,STR-SCI-FOOTWEAR-DESIGN-C424E,SRC-SCI-DESIGN-90-4D2FD
Stream,STR-SCI-FORENSIC-MEDICINE-3C46F,SRC-SCI-MEDICINE-31-79F40
Stream,STR-SCI-FORENSIC-SCIENCE-7BF83,SRC-SCI-PURE-SCIENCE-42-F433A
Stream,STR-SCI-FORESTRY-E454B,SRC-SCI-PURE-SCIENCE-72-AFAC0
Stream,STR-SCI-FREELANCER-E078F,SRC-SCI-VOCATIONAL-61-023AD
Stream,STR-SCI-GAME-DESIGN-EAE86,SRC-SCI-DESIGN-45-C6E9A
Stream,STR-SCI-GARMENT-TECHNICIA-84224,SRC-SCI-VOCATIONAL-37-3399E
Stream,STR-SCI-GARUD-F7775,SRC-SCI-DEFENCE-62-8B13F
Stream,STR-SCI-GENERAL-MEDICINE-C5720,SRC-SCI-MEDICINE-2-265E5
Stream,STR-SCI-GENERAL-SURGERY-EF5BC,SRC-SCI-MEDICINE-6-0018F
Stream,STR-SCI-GENETICS-73400,SRC-SCI-PURE-SCIENCE-24-D7974
Stream,STR-SCI-GEO-INFORMATICS-G-9E95B,SRC-SCI-ENGINEERING-312-28B04
Stream,STR-SCI-GEOLOGY-1CE45,SRC-SCI-PURE-SCIENCE-51-D5AA4
Stream,STR-SCI-GEOSPATIAL-DATA-A-EAA07,SRC-SCI-DATA-ANALYTICS-10-0341B
Stream,STR-SCI-GLOBAL-PILOT-CE0C4,SRC-SCI-AVIATION-15-9C6A7
Stream,STR-SCI-GRAPHIC-DESIGN-9AED7,SRC-SCI-DESIGN-21-E5C02
Stream,STR-SCI-GROUND-STAFF-73010,SRC-SCI-AVIATION-35-86775
Stream,STR-SCI-GROWTH-EXPERIMENT-8EBBB,SRC-SCI-DATA-ANALYTICS-13-5C953
Stream,STR-SCI-HARDWARE-TECHNICI-6A8BB,SRC-SCI-VOCATIONAL-22-93351
Stream,STR-SCI-HEALTH-DATA-ANALY-985C9,SRC-SCI-DATA-ANALYTICS-11-56A72
Stream,STR-SCI-HELICOPTER-PILOT-EBC2E,SRC-SCI-AVIATION-9-3DE63
Stream,STR-SCI-HOMEOPATHY-BHMS-9716E,SRC-SCI-MEDICINE-40-29129
Stream,STR-SCI-IN-FLIGHT-MANAGER-66C96,SRC-SCI-AVIATION-33-1DE5A
Stream,STR-SCI-INDUSTRIAL-CHEMIS-70D2F,SRC-SCI-PURE-SCIENCE-48-45A7F
Stream,STR-SCI-INDUSTRIAL-DESIGN-FB177,SRC-SCI-DESIGN-120-72B84
Stream,STR-SCI-INDUSTRIAL-PRODUC-C9648,SRC-SCI-ENGINEERING-252-71742
Stream,STR-SCI-INFORMATION-TECHN-46B29,SRC-SCI-ENGINEERING-82-CDEED
Stream,STR-SCI-INSPECTOR-89C5F,SRC-SCI-AVIATION-55-9BD89
Stream,STR-SCI-INSTRUMENTATION-E-34E3C,SRC-SCI-ENGINEERING-262-6975D
Stream,STR-SCI-INTERACTION-DESIG-79697,SRC-SCI-DESIGN-15-AFF81
Stream,STR-SCI-INTERIOR-DESIGN-9EEF2,SRC-SCI-DESIGN-57-BA30E
Stream,STR-SCI-LAB-TECHNICIAN-8B872,SRC-SCI-VOCATIONAL-39-EE2F1
Stream,STR-SCI-LEATHER-TECHNOLOG-BB1AA,SRC-SCI-ENGINEERING-342-4BAA4
Stream,STR-SCI-LEGAL-OFFICER-6D26D,SRC-SCI-DEFENCE-48-24C60
Stream,STR-SCI-LIGHTING-DESIGN-A9985,SRC-SCI-DESIGN-144-B8570
Stream,STR-SCI-LOGISTICS-OFFICER-AD442,SRC-SCI-DEFENCE-52-725EF
Stream,STR-SCI-MACHINE-LEARNING-53A9B,SRC-SCI-DATA-ANALYTICS-18-81FFC
Stream,STR-SCI-MANAGER-601C0,SRC-SCI-AVIATION-45-E59ED
Stream,STR-SCI-MARCOS-AC304,SRC-SCI-DEFENCE-60-CC9C2
Stream,STR-SCI-MARINE-ENGINEERIN-BD12D,SRC-SCI-ENGINEERING-192-8FB85
Stream,STR-SCI-MARINE-TECHNICIAN-6E55C,SRC-SCI-VOCATIONAL-33-393F1
Stream,STR-SCI-MARKETING-ANALYST-CE7DA,SRC-SCI-DATA-ANALYTICS-11-28C9F
Stream,STR-SCI-MATERIALS-SCIENCE-A59A5,SRC-SCI-ENGINEERING-212-40779
Stream,STR-SCI-MATERIALS-SCIENCE-A8075,SRC-SCI-PURE-SCIENCE-66-92A31
Stream,STR-SCI-MATHEMATICS-E17F5,SRC-SCI-PURE-SCIENCE-9-B93AA
Stream,STR-SCI-MECHANICAL-ENGINE-36283,SRC-SCI-ENGINEERING-12-E6E18
Stream,STR-SCI-MECHATRONICS-ENGI-72E9C,SRC-SCI-ENGINEERING-152-57B63
Stream,STR-SCI-METALLURGICAL-ENG-43BD5,SRC-SCI-ENGINEERING-272-ECACB
Stream,STR-SCI-METEOROLOGIST-F4B4B,SRC-SCI-AVIATION-59-BCAC3
Stream,STR-SCI-MICROBIOLOGY-1A40A,SRC-SCI-PURE-SCIENCE-21-D17EF
Stream,STR-SCI-MILITARY-DOCTOR-A6986,SRC-SCI-DEFENCE-46-0CEA8
Stream,STR-SCI-MINING-ENGINEERIN-A7154,SRC-SCI-ENGINEERING-182-1CE03
Stream,STR-SCI-MINING-TECHNICIAN-AB9C6,SRC-SCI-VOCATIONAL-32-1DD4A
Stream,STR-SCI-MLOPS-ENGINEER-3D44E,SRC-SCI-DATA-ANALYTICS-38-E59CB
Stream,STR-SCI-MOTION-DESIGN-3502D,SRC-SCI-DESIGN-33-A5D6C
Stream,STR-SCI-MRO-ENGINEER-EDC9A,SRC-SCI-AVIATION-29-99D96
Stream,STR-SCI-NANOTECHNOLOGY-3E45B,SRC-SCI-ENGINEERING-232-178AB
Stream,STR-SCI-NATUROPATHY-YOGIC-5412C,SRC-SCI-MEDICINE-52-45E2E
Stream,STR-SCI-NAVAL-ARCHITECTUR-AB88D,SRC-SCI-ENGINEERING-322-F6F3B
Stream,STR-SCI-NAVAL-ENGINEER-D6D80,SRC-SCI-DEFENCE-20-11682
Stream,STR-SCI-NAVAL-OFFICER-F8F0C,SRC-SCI-DEFENCE-12-B8CD9
Stream,STR-SCI-NAVIK-A47E8,SRC-SCI-DEFENCE-36-2E1C5
Stream,STR-SCI-NETWORK-ENGINEER-26C50,SRC-SCI-VOCATIONAL-23-6052E
Stream,STR-SCI-NLP-ENGINEER-70FDF,SRC-SCI-DATA-ANALYTICS-28-62702
Stream,STR-SCI-NURSING-BSC-745B4,SRC-SCI-MEDICINE-46-DE821
Stream,STR-SCI-NURSING-OFFICER-5EFBF,SRC-SCI-DEFENCE-44-3CA37
Stream,STR-SCI-OCEANOGRAPHY-MARI-B6FDF,SRC-SCI-PURE-SCIENCE-54-8E865
Stream,STR-SCI-OFFICER-E3B5E,SRC-SCI-DEFENCE-16-A46DB
Stream,STR-SCI-OFFICER-E3B5E,SRC-SCI-DEFENCE-22-29BE9
Stream,STR-SCI-OFFICER-E3B5E,SRC-SCI-DEFENCE-24-C404C
Stream,STR-SCI-OFFICER-E3B5E,SRC-SCI-DEFENCE-34-34D26
Stream,STR-SCI-OFFICER-E3B5E,SRC-SCI-DEFENCE-42-86B33
Stream,STR-SCI-OPERATOR-1F7CF,SRC-SCI-VOCATIONAL-10-685B2
Stream,STR-SCI-PACKAGING-DESIGN-1967C,SRC-SCI-DESIGN-138-CACC2
Stream,STR-SCI-PACKAGING-TECHNIC-C2351,SRC-SCI-VOCATIONAL-36-F2F39
Stream,STR-SCI-PACKAGING-TECHNOL-3358C,SRC-SCI-ENGINEERING-362-1356E
Stream,STR-SCI-PARA-SF-424A8,SRC-SCI-DEFENCE-58-F86EF
Stream,STR-SCI-PART-TIME-OFFICER-FBC29,SRC-SCI-DEFENCE-64-912AC
Stream,STR-SCI-PATHOLOGY-B32A0,SRC-SCI-MEDICINE-25-19C72
Stream,STR-SCI-PEDIATRICS-F81AB,SRC-SCI-MEDICINE-10-DB4BA
Stream,STR-SCI-PETROLEUM-ENGINEE-FB536,SRC-SCI-ENGINEERING-172-5A90C
Stream,STR-SCI-PHARMACIST-26368,SRC-SCI-VOCATIONAL-42-52087
Stream,STR-SCI-PHARMACY-BPHARM-8FAC9,SRC-SCI-MEDICINE-49-2F138
Stream,STR-SCI-PHYSICS-2EA48,SRC-SCI-PURE-SCIENCE-2-FB9CB
Stream,STR-SCI-PHYSIOTHERAPY-BPT-7508D,SRC-SCI-MEDICINE-43-47AEE
Stream,STR-SCI-PILOT-9A174,SRC-SCI-DEFENCE-9-00CDB
Stream,STR-SCI-PLUMBER-970A5,SRC-SCI-VOCATIONAL-6-AEB05
Stream,STR-SCI-POLYMER-PLASTICS-EE8FC,SRC-SCI-ENGINEERING-302-FB281
Stream,STR-SCI-PRINTING-TECHNICI-A304C,SRC-SCI-VOCATIONAL-35-159F1
Stream,STR-SCI-PRINTING-TECHNOLO-8C9B9,SRC-SCI-ENGINEERING-352-541BB
Stream,STR-SCI-PROCESS-TECHNICIA-7C5A6,SRC-SCI-VOCATIONAL-12-C9EAF
Stream,STR-SCI-PRODUCT-ANALYST-23084,SRC-SCI-DATA-ANALYTICS-68-39326
Stream,STR-SCI-PRODUCT-DESIGN-219E7,SRC-SCI-DESIGN-3-5429C
Stream,STR-SCI-PSYCHIATRY-82FCA,SRC-SCI-MEDICINE-16-207C2
Stream,STR-SCI-PULP-PAPER-TECHNO-0EF73,SRC-SCI-ENGINEERING-392-1994A
Stream,STR-SCI-QUANTITATIVE-ANAL-6E5DD,SRC-SCI-DATA-ANALYTICS-88-5385A
Stream,STR-SCI-RADIOLOGY-9BA7A,SRC-SCI-MEDICINE-19-3D7E5
Stream,STR-SCI-RADIOLOGY-TECH-7B544,SRC-SCI-VOCATIONAL-40-970B8
Stream,STR-SCI-RAMP-STAFF-BFB3A,SRC-SCI-AVIATION-37-84AA4
Stream,STR-SCI-RENEWABLE-ENERGY-7C109,SRC-SCI-ENGINEERING-132-6AADF
Stream,STR-SCI-REPAIR-TECHNICIAN-7909B,SRC-SCI-VOCATIONAL-20-A7589
Stream,STR-SCI-RISK-ANALYST-2F310,SRC-SCI-DATA-ANALYTICS-93-AAA9B
Stream,STR-SCI-ROBOTICS-ENGINEER-C9C18,SRC-SCI-ENGINEERING-162-9D7A9
Stream,STR-SCI-SAFETY-OFFICER-35334,SRC-SCI-VOCATIONAL-53-9F47A
Stream,STR-SCI-SAILOR-3D248,SRC-SCI-DEFENCE-32-63911
Stream,STR-SCI-SCIENTIST-87B30,SRC-SCI-AVIATION-67-E0201
Stream,STR-SCI-SCIENTIST-87B30,SRC-SCI-DEFENCE-54-73358
Stream,STR-SCI-SECURITY-STAFF-95906,SRC-SCI-AVIATION-61-149C4
Stream,STR-SCI-SECURITY-TECHNICI-F47D0,SRC-SCI-VOCATIONAL-24-BA3A7
Stream,STR-SCI-SERVICE-DESIGN-A7801,SRC-SCI-DESIGN-96-EE72E
Stream,STR-SCI-SIDDHA-MEDICINE-B-75CEF,SRC-SCI-MEDICINE-58-031AC
Stream,STR-SCI-SKILLED-WORKER-A81FA,SRC-SCI-VOCATIONAL-57-4FCAA
Stream,STR-SCI-SOIL-SCIENCE-FAC12,SRC-SCI-PURE-SCIENCE-75-1C874
Stream,STR-SCI-SOLAR-INSTALLER-54C78,SRC-SCI-VOCATIONAL-26-959EC
Stream,STR-SCI-SOLDIER-267AD,SRC-SCI-DEFENCE-26-617A5
Stream,STR-SCI-SPACE-TECHNOLOGY-24B4C,SRC-SCI-ENGINEERING-242-F568B
Stream,STR-SCI-STATISTICS-2E374,SRC-SCI-PURE-SCIENCE-15-B3AB4
Stream,STR-SCI-SUPPLY-CHAIN-OPER-0ECCD,SRC-SCI-DATA-ANALYTICS-12-2C95C
Stream,STR-SCI-SURVEYOR-B068D,SRC-SCI-VOCATIONAL-30-BB8B4
Stream,STR-SCI-TECH-SOLDIER-148FD,SRC-SCI-DEFENCE-28-CCAEA
Stream,STR-SCI-TECHNICIAN-5A57B,SRC-SCI-VOCATIONAL-11-FF7FD
Stream,STR-SCI-TECHNICIAN-5A57B,SRC-SCI-VOCATIONAL-29-F2ED7
Stream,STR-SCI-TECHNICIAN-5A57B,SRC-SCI-VOCATIONAL-41-DF03D
Stream,STR-SCI-TECHNICIAN-5A57B,SRC-SCI-VOCATIONAL-55-0813C
Stream,STR-SCI-TEXTILE-DESIGN-0C3E5,SRC-SCI-DESIGN-84-AA0C6
Stream,STR-SCI-TEXTILE-ENGINEERI-7324F,SRC-SCI-ENGINEERING-282-5304F
Stream,STR-SCI-TOOL-DIE-MAKER-5DBDF,SRC-SCI-VOCATIONAL-13-8712A
Stream,STR-SCI-TOOL-ENGINEERING-2D7F8,SRC-SCI-ENGINEERING-402-A02D5
Stream,STR-SCI-UI-ENGINEERING-CR-9D6A5,SRC-SCI-DESIGN-114-87F77
Stream,STR-SCI-UI-UX-DESIGN-B2FF5,SRC-SCI-DESIGN-9-EE8CD
Stream,STR-SCI-UNANI-MEDICINE-BU-B0156,SRC-SCI-MEDICINE-55-B745B
Stream,STR-SCI-VISUAL-COMMUNICAT-40D3D,SRC-SCI-DESIGN-27-6528C
Stream,STR-SCI-WAYFINDING-ENVIRO-2AB13,SRC-SCI-DESIGN-150-B8D98
Stream,STR-SCI-WELDER-21472,SRC-SCI-VOCATIONAL-5-D0634
Stream,STR-SCI-ZOOLOGY-34048,SRC-SCI-PURE-SCIENCE-27-72F41
